2026-03-24 09:17:34,169 - INFO - 🚀 开始微博监控任务
2026-03-24 09:17:34,169 - INFO - 开始监控账号: 测试账号 (7852949543)
2026-03-24 09:17:34,169 - ERROR - 获取用户信息异常: 'request_delay'
2026-03-24 09:17:37,006 - ERROR - 获取containerid失败: Expecting value: line 1 column 1 (char 0)
2026-03-24 09:17:37,006 - WARNING - ❌ 测试账号 (7852949543): 未获取到微博数据
2026-03-24 09:17:37,006 - INFO - 📊 监控完成: 0/1 成功, 共获取 0 条微博
2026-03-24 13:20:17,772 - INFO - 🚀 开始微博监控任务
2026-03-24 13:20:17,772 - INFO - 开始监控账号: 测试账号 (7852949543)
2026-03-24 13:20:17,772 - ERROR - 获取用户信息异常: 'request_delay'
2026-03-24 13:20:20,916 - ERROR - 获取containerid失败: Expecting value: line 1 column 1 (char 0)
2026-03-24 13:20:20,917 - WARNING - ❌ 测试账号 (7852949543): 未获取到微博数据
2026-03-24 13:20:20,917 - INFO - 📊 监控完成: 0/1 成功, 共获取 0 条微博
2026-03-24 17:03:49,143 - INFO - 🚀 开始微博监控任务
2026-03-24 17:03:49,144 - INFO - 开始监控账号: 测试账号 (7852949543)
2026-03-24 17:03:49,144 - ERROR - 获取用户信息异常: 'request_delay'
2026-03-24 17:03:53,793 - ERROR - 获取containerid失败: Expecting value: line 1 column 1 (char 0)
2026-03-24 17:03:53,793 - WARNING - ❌ 测试账号 (7852949543): 未获取到微博数据
2026-03-24 17:03:53,793 - INFO - 📊 监控完成: 0/1 成功, 共获取 0 条微博
2026-03-24 20:46:52,274 - INFO - 🚀 开始微博监控任务
2026-03-24 20:46:52,274 - INFO - 开始监控账号: 测试账号 (7852949543)
2026-03-24 20:46:52,274 - ERROR - 获取用户信息异常: 'request_delay'
2026-03-24 20:46:54,773 - ERROR - 获取containerid失败: Expecting value: line 1 column 1 (char 0)
2026-03-24 20:46:54,773 - WARNING - ❌ 测试账号 (7852949543): 未获取到微博数据
2026-03-24 20:46:54,773 - INFO - 📊 监控完成: 0/1 成功, 共获取 0 条微博
2026-03-25 02:33:31,367 - INFO - 🚀 开始微博监控任务
2026-03-25 02:33:31,367 - INFO - 开始监控账号: 测试账号 (7852949543)
2026-03-25 02:33:31,367 - ERROR - 获取用户信息异常: 'request_delay'
2026-03-25 02:33:35,186 - ERROR - 获取containerid失败: Expecting value: line 1 column 1 (char 0)
2026-03-25 02:33:35,186 - WARNING - ❌ 测试账号 (7852949543): 未获取到微博数据
2026-03-25 02:33:35,186 - INFO - 📊 监控完成: 0/1 成功, 共获取 0 条微博
2026-03-25 05:24:39,056 - INFO - 🚀 开始微博监控任务
2026-03-25 05:24:39,057 - INFO - 开始监控账号: 测试账号 (7852949543)
2026-03-25 05:24:39,057 - ERROR - 获取用户信息异常: 'request_delay'
2026-03-25 05:24:41,922 - ERROR - 获取containerid失败: Expecting value: line 1 column 1 (char 0)
2026-03-25 05:24:41,922 - WARNING - ❌ 测试账号 (7852949543): 未获取到微博数据
2026-03-25 05:24:41,957 - INFO - 📊 监控完成: 0/1 成功, 共获取 0 条微博
2026-03-25 08:56:44,153 - INFO - 🚀 开始微博监控任务
2026-03-25 08:56:44,153 - INFO - 开始监控账号: 测试账号 (7852949543)
2026-03-25 08:56:44,154 - ERROR - 获取用户信息异常: 'request_delay'
2026-03-25 08:56:47,354 - ERROR - 获取containerid失败: Expecting value: line 1 column 1 (char 0)
2026-03-25 08:56:47,354 - WARNING - ❌ 测试账号 (7852949543): 未获取到微博数据
2026-03-25 08:56:47,355 - INFO - 📊 监控完成: 0/1 成功, 共获取 0 条微博
2026-03-25 13:19:20,370 - INFO - 🚀 开始微博监控任务
2026-03-25 13:19:20,370 - INFO - 开始监控账号: 测试账号 (7852949543)
2026-03-25 13:19:20,370 - ERROR - 获取用户信息异常: 'request_delay'
2026-03-25 13:19:25,234 - ERROR - 获取containerid失败: Expecting value: line 1 column 1 (char 0)
2026-03-25 13:19:25,234 - WARNING - ❌ 测试账号 (7852949543): 未获取到微博数据
2026-03-25 13:19:25,234 - INFO - 📊 监控完成: 0/1 成功, 共获取 0 条微博
2026-03-25 17:07:13,732 - INFO - 🚀 开始微博监控任务
2026-03-25 17:07:13,732 - INFO - 开始监控账号: 测试账号 (7852949543)
2026-03-25 17:07:13,732 - ERROR - 获取用户信息异常: 'request_delay'
2026-03-25 17:07:17,118 - ERROR - 获取containerid失败: Expecting value: line 1 column 1 (char 0)
2026-03-25 17:07:17,118 - WARNING - ❌ 测试账号 (7852949543): 未获取到微博数据
2026-03-25 17:07:17,119 - INFO - 📊 监控完成: 0/1 成功, 共获取 0 条微博
2026-03-25 20:43:15,141 - INFO - 🚀 开始微博监控任务
2026-03-25 20:43:15,141 - INFO - 开始监控账号: 测试账号 (7852949543)
2026-03-25 20:43:15,141 - ERROR - 获取用户信息异常: 'request_delay'
2026-03-25 20:43:18,686 - ERROR - 获取containerid失败: Expecting value: line 1 column 1 (char 0)
2026-03-25 20:43:18,686 - WARNING - ❌ 测试账号 (7852949543): 未获取到微博数据
2026-03-25 20:43:18,686 - INFO - 📊 监控完成: 0/1 成功, 共获取 0 条微博
2026-03-26 02:40:47,532 - INFO - 🚀 开始微博监控任务
2026-03-26 02:40:47,532 - INFO - 开始监控账号: 测试账号 (7852949543)
2026-03-26 02:40:47,532 - ERROR - 获取用户信息异常: 'request_delay'
2026-03-26 02:40:50,091 - ERROR - 获取containerid失败: Expecting value: line 1 column 1 (char 0)
2026-03-26 02:40:50,091 - WARNING - ❌ 测试账号 (7852949543): 未获取到微博数据
2026-03-26 02:40:50,091 - INFO - 📊 监控完成: 0/1 成功, 共获取 0 条微博
2026-03-26 05:42:54,958 - INFO - 🚀 开始微博监控任务
2026-03-26 05:42:54,958 - INFO - 开始监控账号: 测试账号 (7852949543)
2026-03-26 05:42:54,958 - ERROR - 获取用户信息异常: 'request_delay'
2026-03-26 05:42:58,251 - ERROR - 获取containerid失败: Expecting value: line 1 column 1 (char 0)
2026-03-26 05:42:58,252 - WARNING - ❌ 测试账号 (7852949543): 未获取到微博数据
2026-03-26 05:42:58,252 - INFO - 📊 监控完成: 0/1 成功, 共获取 0 条微博
2026-03-26 09:02:17,170 - INFO - 🚀 开始微博监控任务
2026-03-26 09:02:17,170 - INFO - 开始监控账号: 测试账号 (7852949543)
2026-03-26 09:02:17,170 - ERROR - 获取用户信息异常: 'request_delay'
2026-03-26 09:02:19,930 - ERROR - 获取containerid失败: Expecting value: line 1 column 1 (char 0)
2026-03-26 09:02:19,930 - WARNING - ❌ 测试账号 (7852949543): 未获取到微博数据
2026-03-26 09:02:19,930 - INFO - 📊 监控完成: 0/1 成功, 共获取 0 条微博
2026-03-26 13:25:19,616 - INFO - 🚀 开始微博监控任务
2026-03-26 13:25:19,616 - INFO - 开始监控账号: 测试账号 (7852949543)
2026-03-26 13:25:19,616 - ERROR - 获取用户信息异常: 'request_delay'
2026-03-26 13:25:22,991 - ERROR - 获取containerid失败: Expecting value: line 1 column 1 (char 0)
2026-03-26 13:25:22,992 - WARNING - ❌ 测试账号 (7852949543): 未获取到微博数据
2026-03-26 13:25:22,992 - INFO - 📊 监控完成: 0/1 成功, 共获取 0 条微博
2026-03-26 17:07:05,866 - INFO - 🚀 开始微博监控任务
2026-03-26 17:07:05,866 - INFO - 开始监控账号: 测试账号 (7852949543)
2026-03-26 17:07:05,866 - ERROR - 获取用户信息异常: 'request_delay'
2026-03-26 17:07:09,108 - ERROR - 获取containerid失败: Expecting value: line 1 column 1 (char 0)
2026-03-26 17:07:09,108 - WARNING - ❌ 测试账号 (7852949543): 未获取到微博数据
2026-03-26 17:07:09,108 - INFO - 📊 监控完成: 0/1 成功, 共获取 0 条微博
2026-03-26 20:39:38,430 - INFO - 🚀 开始微博监控任务
2026-03-26 20:39:38,430 - INFO - 开始监控账号: 测试账号 (7852949543)
2026-03-26 20:39:38,431 - ERROR - 获取用户信息异常: 'request_delay'
2026-03-26 20:39:40,795 - ERROR - 获取containerid失败: Expecting value: line 1 column 1 (char 0)
2026-03-26 20:39:40,795 - WARNING - ❌ 测试账号 (7852949543): 未获取到微博数据
2026-03-26 20:39:40,795 - INFO - 📊 监控完成: 0/1 成功, 共获取 0 条微博
2026-03-27 02:42:46,113 - INFO - 🚀 开始微博监控任务
2026-03-27 02:42:46,113 - INFO - 开始监控账号: 测试账号 (7852949543)
2026-03-27 02:42:46,113 - ERROR - 获取用户信息异常: 'request_delay'
2026-03-27 02:42:49,640 - ERROR - 获取containerid失败: Expecting value: line 1 column 1 (char 0)
2026-03-27 02:42:49,640 - WARNING - ❌ 测试账号 (7852949543): 未获取到微博数据
2026-03-27 02:42:49,640 - INFO - 📊 监控完成: 0/1 成功, 共获取 0 条微博
2026-03-27 05:43:39,409 - INFO - 🚀 开始微博监控任务
2026-03-27 05:43:39,409 - INFO - 开始监控账号: 测试账号 (7852949543)
2026-03-27 05:43:39,409 - ERROR - 获取用户信息异常: 'request_delay'
2026-03-27 05:43:42,803 - ERROR - 获取containerid失败: Expecting value: line 1 column 1 (char 0)
2026-03-27 05:43:42,803 - WARNING - ❌ 测试账号 (7852949543): 未获取到微博数据
2026-03-27 05:43:42,803 - INFO - 📊 监控完成: 0/1 成功, 共获取 0 条微博
2026-03-27 08:58:26,360 - INFO - 🚀 开始微博监控任务
2026-03-27 08:58:26,360 - INFO - 开始监控账号: 测试账号 (7852949543)
2026-03-27 08:58:26,360 - ERROR - 获取用户信息异常: 'request_delay'
2026-03-27 08:58:29,190 - ERROR - 获取containerid失败: Expecting value: line 1 column 1 (char 0)
2026-03-27 08:58:29,190 - WARNING - ❌ 测试账号 (7852949543): 未获取到微博数据
2026-03-27 08:58:29,191 - INFO - 📊 监控完成: 0/1 成功, 共获取 0 条微博
2026-03-27 13:14:48,446 - INFO - 🚀 开始微博监控任务
2026-03-27 13:14:48,447 - INFO - 开始监控账号: 测试账号 (7852949543)
2026-03-27 13:14:48,447 - ERROR - 获取用户信息异常: 'request_delay'
2026-03-27 13:14:51,604 - ERROR - 获取containerid失败: Expecting value: line 1 column 1 (char 0)
2026-03-27 13:14:51,604 - WARNING - ❌ 测试账号 (7852949543): 未获取到微博数据
2026-03-27 13:14:51,604 - INFO - 📊 监控完成: 0/1 成功, 共获取 0 条微博
2026-03-27 16:59:10,446 - INFO - 🚀 开始微博监控任务
2026-03-27 16:59:10,446 - INFO - 开始监控账号: 测试账号 (7852949543)
2026-03-27 16:59:10,446 - ERROR - 获取用户信息异常: 'request_delay'
2026-03-27 16:59:14,108 - ERROR - 获取containerid失败: Expecting value: line 1 column 1 (char 0)
2026-03-27 16:59:14,108 - WARNING - ❌ 测试账号 (7852949543): 未获取到微博数据
2026-03-27 16:59:14,109 - INFO - 📊 监控完成: 0/1 成功, 共获取 0 条微博
2026-03-27 20:43:21,906 - INFO - 🚀 开始微博监控任务
2026-03-27 20:43:21,906 - INFO - 开始监控账号: 测试账号 (7852949543)
2026-03-27 20:43:21,906 - ERROR - 获取用户信息异常: 'request_delay'
2026-03-27 20:43:26,476 - ERROR - 获取containerid失败: Expecting value: line 1 column 1 (char 0)
2026-03-27 20:43:26,476 - WARNING - ❌ 测试账号 (7852949543): 未获取到微博数据
2026-03-27 20:43:26,477 - INFO - 📊 监控完成: 0/1 成功, 共获取 0 条微博
2026-03-28 02:32:22,219 - INFO - 🚀 开始微博监控任务
2026-03-28 02:32:22,219 - INFO - 开始监控账号: 测试账号 (7852949543)
2026-03-28 02:32:22,219 - ERROR - 获取用户信息异常: 'request_delay'
2026-03-28 02:32:25,286 - ERROR - 获取containerid失败: Expecting value: line 1 column 1 (char 0)
2026-03-28 02:32:25,286 - WARNING - ❌ 测试账号 (7852949543): 未获取到微博数据
2026-03-28 02:32:25,286 - INFO - 📊 监控完成: 0/1 成功, 共获取 0 条微博
2026-03-28 05:22:24,603 - INFO - 🚀 开始微博监控任务
2026-03-28 05:22:24,603 - INFO - 开始监控账号: 测试账号 (7852949543)
2026-03-28 05:22:24,603 - ERROR - 获取用户信息异常: 'request_delay'
2026-03-28 05:22:32,664 - ERROR - 获取containerid失败: Expecting value: line 1 column 1 (char 0)
2026-03-28 05:22:32,664 - WARNING - ❌ 测试账号 (7852949543): 未获取到微博数据
2026-03-28 05:22:32,664 - INFO - 📊 监控完成: 0/1 成功, 共获取 0 条微博
2026-03-28 08:44:36,385 - INFO - 🚀 开始微博监控任务
2026-03-28 08:44:36,385 - INFO - 开始监控账号: 测试账号 (7852949543)
2026-03-28 08:44:36,385 - ERROR - 获取用户信息异常: 'request_delay'
2026-03-28 08:44:41,358 - ERROR - 获取containerid失败: Expecting value: line 1 column 1 (char 0)
2026-03-28 08:44:41,358 - WARNING - ❌ 测试账号 (7852949543): 未获取到微博数据
2026-03-28 08:44:41,358 - INFO - 📊 监控完成: 0/1 成功, 共获取 0 条微博
2026-03-28 13:02:44,547 - INFO - 🚀 开始微博监控任务
2026-03-28 13:02:44,547 - INFO - 开始监控账号: 测试账号 (7852949543)
2026-03-28 13:02:44,547 - ERROR - 获取用户信息异常: 'request_delay'
2026-03-28 13:02:47,725 - ERROR - 获取containerid失败: Expecting value: line 1 column 1 (char 0)
2026-03-28 13:02:47,726 - WARNING - ❌ 测试账号 (7852949543): 未获取到微博数据
2026-03-28 13:02:47,726 - INFO - 📊 监控完成: 0/1 成功, 共获取 0 条微博
2026-03-28 16:38:45,384 - INFO - 🚀 开始微博监控任务
2026-03-28 16:38:45,384 - INFO - 开始监控账号: 测试账号 (7852949543)
2026-03-28 16:38:45,384 - ERROR - 获取用户信息异常: 'request_delay'
2026-03-28 16:38:48,084 - ERROR - 获取containerid失败: Expecting value: line 1 column 1 (char 0)
2026-03-28 16:38:48,084 - WARNING - ❌ 测试账号 (7852949543): 未获取到微博数据
2026-03-28 16:38:48,084 - INFO - 📊 监控完成: 0/1 成功, 共获取 0 条微博
2026-03-28 20:35:53,230 - INFO - 🚀 开始微博监控任务
2026-03-28 20:35:53,230 - INFO - 开始监控账号: 测试账号 (7852949543)
2026-03-28 20:35:53,230 - ERROR - 获取用户信息异常: 'request_delay'
2026-03-28 20:35:56,442 - ERROR - 获取containerid失败: Expecting value: line 1 column 1 (char 0)
2026-03-28 20:35:56,442 - WARNING - ❌ 测试账号 (7852949543): 未获取到微博数据
2026-03-28 20:35:56,443 - INFO - 📊 监控完成: 0/1 成功, 共获取 0 条微博
2026-03-29 02:46:40,713 - INFO - 🚀 开始微博监控任务
2026-03-29 02:46:40,713 - INFO - 开始监控账号: 测试账号 (7852949543)
2026-03-29 02:46:40,713 - ERROR - 获取用户信息异常: 'request_delay'
2026-03-29 02:46:43,796 - ERROR - 获取containerid失败: Expecting value: line 1 column 1 (char 0)
2026-03-29 02:46:43,797 - WARNING - ❌ 测试账号 (7852949543): 未获取到微博数据
2026-03-29 02:46:43,797 - INFO - 📊 监控完成: 0/1 成功, 共获取 0 条微博
2026-03-29 05:44:28,215 - INFO - 🚀 开始微博监控任务
2026-03-29 05:44:28,215 - INFO - 开始监控账号: 测试账号 (7852949543)
2026-03-29 05:44:28,215 - ERROR - 获取用户信息异常: 'request_delay'
2026-03-29 05:44:30,501 - ERROR - 获取containerid失败: Expecting value: line 1 column 1 (char 0)
2026-03-29 05:44:30,501 - WARNING - ❌ 测试账号 (7852949543): 未获取到微博数据
2026-03-29 05:44:30,501 - INFO - 📊 监控完成: 0/1 成功, 共获取 0 条微博
2026-03-29 08:45:47,568 - INFO - 🚀 开始微博监控任务
2026-03-29 08:45:47,568 - INFO - 开始监控账号: 测试账号 (7852949543)
2026-03-29 08:45:47,568 - ERROR - 获取用户信息异常: 'request_delay'
2026-03-29 08:45:50,561 - ERROR - 获取containerid失败: Expecting value: line 1 column 1 (char 0)
2026-03-29 08:45:50,562 - WARNING - ❌ 测试账号 (7852949543): 未获取到微博数据
2026-03-29 08:45:50,562 - INFO - 📊 监控完成: 0/1 成功, 共获取 0 条微博
2026-03-29 13:03:38,094 - INFO - 🚀 开始微博监控任务
2026-03-29 13:03:38,094 - INFO - 开始监控账号: 测试账号 (7852949543)
2026-03-29 13:03:38,094 - ERROR - 获取用户信息异常: 'request_delay'
2026-03-29 13:03:41,821 - ERROR - 获取containerid失败: Expecting value: line 1 column 1 (char 0)
2026-03-29 13:03:41,821 - WARNING - ❌ 测试账号 (7852949543): 未获取到微博数据
2026-03-29 13:03:41,821 - INFO - 📊 监控完成: 0/1 成功, 共获取 0 条微博
2026-03-29 16:39:44,841 - INFO - 🚀 开始微博监控任务
2026-03-29 16:39:44,841 - INFO - 开始监控账号: 测试账号 (7852949543)
2026-03-29 16:39:44,841 - ERROR - 获取用户信息异常: 'request_delay'
2026-03-29 16:39:47,542 - ERROR - 获取containerid失败: Expecting value: line 1 column 1 (char 0)
2026-03-29 16:39:47,543 - WARNING - ❌ 测试账号 (7852949543): 未获取到微博数据
2026-03-29 16:39:47,543 - INFO - 📊 监控完成: 0/1 成功, 共获取 0 条微博
2026-03-29 20:37:33,937 - INFO - 🚀 开始微博监控任务
2026-03-29 20:37:33,937 - INFO - 开始监控账号: 测试账号 (7852949543)
2026-03-29 20:37:33,937 - ERROR - 获取用户信息异常: 'request_delay'
2026-03-29 20:37:38,454 - ERROR - 获取containerid失败: Expecting value: line 1 column 1 (char 0)
2026-03-29 20:37:38,454 - WARNING - ❌ 测试账号 (7852949543): 未获取到微博数据
2026-03-29 20:37:38,454 - INFO - 📊 监控完成: 0/1 成功, 共获取 0 条微博
2026-03-30 02:49:16,556 - INFO - 🚀 开始微博监控任务
2026-03-30 02:49:16,556 - INFO - 开始监控账号: 测试账号 (7852949543)
2026-03-30 02:49:16,556 - ERROR - 获取用户信息异常: 'request_delay'
2026-03-30 02:49:18,923 - ERROR - 获取containerid失败: Expecting value: line 1 column 1 (char 0)
2026-03-30 02:49:18,923 - WARNING - ❌ 测试账号 (7852949543): 未获取到微博数据
2026-03-30 02:49:18,923 - INFO - 📊 监控完成: 0/1 成功, 共获取 0 条微博
2026-03-30 06:00:18,559 - INFO - 🚀 开始微博监控任务
2026-03-30 06:00:18,559 - INFO - 开始监控账号: 测试账号 (7852949543)
2026-03-30 06:00:18,559 - ERROR - 获取用户信息异常: 'request_delay'
2026-03-30 06:00:21,325 - ERROR - 获取containerid失败: Expecting value: line 1 column 1 (char 0)
2026-03-30 06:00:21,325 - WARNING - ❌ 测试账号 (7852949543): 未获取到微博数据
2026-03-30 06:00:21,326 - INFO - 📊 监控完成: 0/1 成功, 共获取 0 条微博
2026-03-30 09:17:12,757 - INFO - 🚀 开始微博监控任务
2026-03-30 09:17:12,757 - INFO - 开始监控账号: 测试账号 (7852949543)
2026-03-30 09:17:12,757 - ERROR - 获取用户信息异常: 'request_delay'
2026-03-30 09:17:15,513 - ERROR - 获取containerid失败: Expecting value: line 1 column 1 (char 0)
2026-03-30 09:17:15,514 - WARNING - ❌ 测试账号 (7852949543): 未获取到微博数据
2026-03-30 09:17:15,514 - INFO - 📊 监控完成: 0/1 成功, 共获取 0 条微博
2026-03-30 13:28:31,143 - INFO - 🚀 开始微博监控任务
2026-03-30 13:28:31,143 - INFO - 开始监控账号: 测试账号 (7852949543)
2026-03-30 13:28:31,143 - ERROR - 获取用户信息异常: 'request_delay'
2026-03-30 13:28:34,753 - ERROR - 获取containerid失败: Expecting value: line 1 column 1 (char 0)
2026-03-30 13:28:34,753 - WARNING - ❌ 测试账号 (7852949543): 未获取到微博数据
2026-03-30 13:28:34,753 - INFO - 📊 监控完成: 0/1 成功, 共获取 0 条微博
2026-03-30 17:00:22,454 - INFO - 🚀 开始微博监控任务
2026-03-30 17:00:22,454 - INFO - 开始监控账号: 测试账号 (7852949543)
2026-03-30 17:00:22,454 - ERROR - 获取用户信息异常: 'request_delay'
2026-03-30 17:00:24,889 - ERROR - 获取containerid失败: Expecting value: line 1 column 1 (char 0)
2026-03-30 17:00:24,889 - WARNING - ❌ 测试账号 (7852949543): 未获取到微博数据
2026-03-30 17:00:24,890 - INFO - 📊 监控完成: 0/1 成功, 共获取 0 条微博
2026-03-30 20:51:10,871 - INFO - 🚀 开始微博监控任务
2026-03-30 20:51:10,871 - INFO - 开始监控账号: 测试账号 (7852949543)
2026-03-30 20:51:10,871 - ERROR - 获取用户信息异常: 'request_delay'
2026-03-30 20:51:15,470 - ERROR - 获取containerid失败: Expecting value: line 1 column 1 (char 0)
2026-03-30 20:51:15,470 - WARNING - ❌ 测试账号 (7852949543): 未获取到微博数据
2026-03-30 20:51:15,470 - INFO - 📊 监控完成: 0/1 成功, 共获取 0 条微博
2026-03-31 02:42:19,816 - INFO - 🚀 开始微博监控任务
2026-03-31 02:42:19,816 - INFO - 开始监控账号: 测试账号 (7852949543)
2026-03-31 02:42:19,816 - ERROR - 获取用户信息异常: 'request_delay'
2026-03-31 02:42:22,510 - ERROR - 获取containerid失败: Expecting value: line 1 column 1 (char 0)
2026-03-31 02:42:22,510 - WARNING - ❌ 测试账号 (7852949543): 未获取到微博数据
2026-03-31 02:42:22,510 - INFO - 📊 监控完成: 0/1 成功, 共获取 0 条微博
2026-03-31 05:45:32,838 - INFO - 🚀 开始微博监控任务
2026-03-31 05:45:32,838 - INFO - 开始监控账号: 测试账号 (7852949543)
2026-03-31 05:45:32,838 - ERROR - 获取用户信息异常: 'request_delay'
2026-03-31 05:45:35,695 - ERROR - 获取containerid失败: Expecting value: line 1 column 1 (char 0)
2026-03-31 05:45:35,695 - WARNING - ❌ 测试账号 (7852949543): 未获取到微博数据
2026-03-31 05:45:35,695 - INFO - 📊 监控完成: 0/1 成功, 共获取 0 条微博
2026-03-31 09:05:20,830 - INFO - 🚀 开始微博监控任务
2026-03-31 09:05:20,830 - INFO - 开始监控账号: 测试账号 (7852949543)
2026-03-31 09:05:20,830 - ERROR - 获取用户信息异常: 'request_delay'
2026-03-31 09:05:24,189 - ERROR - 获取containerid失败: Expecting value: line 1 column 1 (char 0)
2026-03-31 09:05:24,189 - WARNING - ❌ 测试账号 (7852949543): 未获取到微博数据
2026-03-31 09:05:24,190 - INFO - 📊 监控完成: 0/1 成功, 共获取 0 条微博
2026-03-31 13:28:03,625 - INFO - 🚀 开始微博监控任务
2026-03-31 13:28:03,625 - INFO - 开始监控账号: 测试账号 (7852949543)
2026-03-31 13:28:03,625 - ERROR - 获取用户信息异常: 'request_delay'
2026-03-31 13:28:06,999 - ERROR - 获取containerid失败: Expecting value: line 1 column 1 (char 0)
2026-03-31 13:28:06,999 - WARNING - ❌ 测试账号 (7852949543): 未获取到微博数据
2026-03-31 13:28:06,999 - INFO - 📊 监控完成: 0/1 成功, 共获取 0 条微博
2026-03-31 17:02:04,586 - INFO - 🚀 开始微博监控任务
2026-03-31 17:02:04,586 - INFO - 开始监控账号: 测试账号 (7852949543)
2026-03-31 17:02:04,586 - ERROR - 获取用户信息异常: 'request_delay'
2026-03-31 17:02:07,234 - ERROR - 获取containerid失败: Expecting value: line 1 column 1 (char 0)
2026-03-31 17:02:07,234 - WARNING - ❌ 测试账号 (7852949543): 未获取到微博数据
2026-03-31 17:02:07,309 - INFO - 📊 监控完成: 0/1 成功, 共获取 0 条微博
2026-03-31 20:48:22,692 - INFO - 🚀 开始微博监控任务
2026-03-31 20:48:22,693 - INFO - 开始监控账号: 测试账号 (7852949543)
2026-03-31 20:48:22,693 - ERROR - 获取用户信息异常: 'request_delay'
2026-03-31 20:48:28,855 - ERROR - 获取containerid失败: Expecting value: line 1 column 1 (char 0)
2026-03-31 20:48:28,855 - WARNING - ❌ 测试账号 (7852949543): 未获取到微博数据
2026-03-31 20:48:28,856 - INFO - 📊 监控完成: 0/1 成功, 共获取 0 条微博
2026-04-01 02:54:07,284 - INFO - 🚀 开始微博监控任务
2026-04-01 02:54:07,284 - INFO - 开始监控账号: 测试账号 (7852949543)
2026-04-01 02:54:07,284 - ERROR - 获取用户信息异常: 'request_delay'
2026-04-01 02:54:10,365 - ERROR - 获取containerid失败: Expecting value: line 1 column 1 (char 0)
2026-04-01 02:54:10,365 - WARNING - ❌ 测试账号 (7852949543): 未获取到微博数据
2026-04-01 02:54:10,365 - INFO - 📊 监控完成: 0/1 成功, 共获取 0 条微博
2026-04-01 05:57:14,984 - INFO - 🚀 开始微博监控任务
2026-04-01 05:57:14,984 - INFO - 开始监控账号: 测试账号 (7852949543)
2026-04-01 05:57:14,984 - ERROR - 获取用户信息异常: 'request_delay'
2026-04-01 05:57:18,038 - ERROR - 获取containerid失败: Expecting value: line 1 column 1 (char 0)
2026-04-01 05:57:18,039 - WARNING - ❌ 测试账号 (7852949543): 未获取到微博数据
2026-04-01 05:57:18,039 - INFO - 📊 监控完成: 0/1 成功, 共获取 0 条微博
2026-04-01 09:10:53,132 - INFO - 🚀 开始微博监控任务
2026-04-01 09:10:53,132 - INFO - 开始监控账号: 测试账号 (7852949543)
2026-04-01 09:10:53,132 - ERROR - 获取用户信息异常: 'request_delay'
2026-04-01 09:10:55,554 - ERROR - 获取containerid失败: Expecting value: line 1 column 1 (char 0)
2026-04-01 09:10:55,555 - WARNING - ❌ 测试账号 (7852949543): 未获取到微博数据
2026-04-01 09:10:55,555 - INFO - 📊 监控完成: 0/1 成功, 共获取 0 条微博
2026-04-01 13:42:29,170 - INFO - 🚀 开始微博监控任务
2026-04-01 13:42:29,171 - INFO - 开始监控账号: 测试账号 (7852949543)
2026-04-01 13:42:29,171 - ERROR - 获取用户信息异常: 'request_delay'
2026-04-01 13:42:31,747 - ERROR - 获取containerid失败: Expecting value: line 1 column 1 (char 0)
2026-04-01 13:42:31,747 - WARNING - ❌ 测试账号 (7852949543): 未获取到微博数据
2026-04-01 13:42:31,747 - INFO - 📊 监控完成: 0/1 成功, 共获取 0 条微博
2026-04-01 17:00:15,050 - INFO - 🚀 开始微博监控任务
2026-04-01 17:00:15,050 - INFO - 开始监控账号: 测试账号 (7852949543)
2026-04-01 17:00:15,050 - ERROR - 获取用户信息异常: 'request_delay'
2026-04-01 17:00:18,365 - ERROR - 获取containerid失败: Expecting value: line 1 column 1 (char 0)
2026-04-01 17:00:18,365 - WARNING - ❌ 测试账号 (7852949543): 未获取到微博数据
2026-04-01 17:00:18,365 - INFO - 📊 监控完成: 0/1 成功, 共获取 0 条微博
2026-04-01 20:50:14,737 - INFO - 🚀 开始微博监控任务
2026-04-01 20:50:14,737 - INFO - 开始监控账号: 测试账号 (7852949543)
2026-04-01 20:50:14,737 - ERROR - 获取用户信息异常: 'request_delay'
2026-04-01 20:50:18,117 - ERROR - 获取containerid失败: Expecting value: line 1 column 1 (char 0)
2026-04-01 20:50:18,117 - WARNING - ❌ 测试账号 (7852949543): 未获取到微博数据
2026-04-01 20:50:18,117 - INFO - 📊 监控完成: 0/1 成功, 共获取 0 条微博
2026-04-02 02:38:35,182 - INFO - 🚀 开始微博监控任务
2026-04-02 02:38:35,182 - INFO - 开始监控账号: 测试账号 (7852949543)
2026-04-02 02:38:35,182 - ERROR - 获取用户信息异常: 'request_delay'
2026-04-02 02:38:38,668 - ERROR - 获取containerid失败: Expecting value: line 1 column 1 (char 0)
2026-04-02 02:38:38,668 - WARNING - ❌ 测试账号 (7852949543): 未获取到微博数据
2026-04-02 02:38:38,668 - INFO - 📊 监控完成: 0/1 成功, 共获取 0 条微博
2026-04-02 05:43:14,139 - INFO - 🚀 开始微博监控任务
2026-04-02 05:43:14,139 - INFO - 开始监控账号: 测试账号 (7852949543)
2026-04-02 05:43:14,139 - ERROR - 获取用户信息异常: 'request_delay'
2026-04-02 05:43:18,207 - ERROR - 获取containerid失败: Expecting value: line 1 column 1 (char 0)
2026-04-02 05:43:18,207 - WARNING - ❌ 测试账号 (7852949543): 未获取到微博数据
2026-04-02 05:43:18,208 - INFO - 📊 监控完成: 0/1 成功, 共获取 0 条微博
2026-04-02 09:02:46,347 - INFO - 🚀 开始微博监控任务
2026-04-02 09:02:46,347 - INFO - 开始监控账号: 测试账号 (7852949543)
2026-04-02 09:02:46,348 - ERROR - 获取用户信息异常: 'request_delay'
2026-04-02 09:02:49,093 - ERROR - 获取containerid失败: Expecting value: line 1 column 1 (char 0)
2026-04-02 09:02:49,093 - WARNING - ❌ 测试账号 (7852949543): 未获取到微博数据
2026-04-02 09:02:49,093 - INFO - 📊 监控完成: 0/1 成功, 共获取 0 条微博
2026-04-02 13:22:13,060 - INFO - 🚀 开始微博监控任务
2026-04-02 13:22:13,060 - INFO - 开始监控账号: 测试账号 (7852949543)
2026-04-02 13:22:13,061 - ERROR - 获取用户信息异常: 'request_delay'
2026-04-02 13:22:16,036 - ERROR - 获取containerid失败: Expecting value: line 1 column 1 (char 0)
2026-04-02 13:22:16,036 - WARNING - ❌ 测试账号 (7852949543): 未获取到微博数据
2026-04-02 13:22:16,037 - INFO - 📊 监控完成: 0/1 成功, 共获取 0 条微博
2026-04-02 16:59:16,533 - INFO - 🚀 开始微博监控任务
2026-04-02 16:59:16,533 - INFO - 开始监控账号: 测试账号 (7852949543)
2026-04-02 16:59:16,533 - ERROR - 获取用户信息异常: 'request_delay'
2026-04-02 16:59:19,129 - ERROR - 获取containerid失败: Expecting value: line 1 column 1 (char 0)
2026-04-02 16:59:19,129 - WARNING - ❌ 测试账号 (7852949543): 未获取到微博数据
2026-04-02 16:59:19,130 - INFO - 📊 监控完成: 0/1 成功, 共获取 0 条微博
2026-04-02 20:39:17,764 - INFO - 🚀 开始微博监控任务
2026-04-02 20:39:17,764 - INFO - 开始监控账号: 测试账号 (7852949543)
2026-04-02 20:39:17,764 - ERROR - 获取用户信息异常: 'request_delay'
2026-04-02 20:39:20,156 - ERROR - 获取containerid失败: Expecting value: line 1 column 1 (char 0)
2026-04-02 20:39:20,157 - WARNING - ❌ 测试账号 (7852949543): 未获取到微博数据
2026-04-02 20:39:20,157 - INFO - 📊 监控完成: 0/1 成功, 共获取 0 条微博
2026-04-03 02:40:08,411 - INFO - 🚀 开始微博监控任务
2026-04-03 02:40:08,411 - INFO - 开始监控账号: 测试账号 (7852949543)
2026-04-03 02:40:08,411 - ERROR - 获取用户信息异常: 'request_delay'
2026-04-03 02:40:11,534 - ERROR - 获取containerid失败: Expecting value: line 1 column 1 (char 0)
2026-04-03 02:40:11,534 - WARNING - ❌ 测试账号 (7852949543): 未获取到微博数据
2026-04-03 02:40:11,534 - INFO - 📊 监控完成: 0/1 成功, 共获取 0 条微博
2026-04-03 05:43:18,483 - INFO - 🚀 开始微博监控任务
2026-04-03 05:43:18,484 - INFO - 开始监控账号: 测试账号 (7852949543)
2026-04-03 05:43:18,484 - ERROR - 获取用户信息异常: 'request_delay'
2026-04-03 05:43:22,633 - ERROR - 获取containerid失败: Expecting value: line 1 column 1 (char 0)
2026-04-03 05:43:22,633 - WARNING - ❌ 测试账号 (7852949543): 未获取到微博数据
2026-04-03 05:43:22,633 - INFO - 📊 监控完成: 0/1 成功, 共获取 0 条微博
2026-04-03 08:59:46,306 - INFO - 🚀 开始微博监控任务
2026-04-03 08:59:46,306 - INFO - 开始监控账号: 测试账号 (7852949543)
2026-04-03 08:59:46,306 - ERROR - 获取用户信息异常: 'request_delay'
2026-04-03 08:59:49,363 - ERROR - 获取containerid失败: Expecting value: line 1 column 1 (char 0)
2026-04-03 08:59:49,363 - WARNING - ❌ 测试账号 (7852949543): 未获取到微博数据
2026-04-03 08:59:49,416 - INFO - 📊 监控完成: 0/1 成功, 共获取 0 条微博
2026-04-03 13:11:43,524 - INFO - 🚀 开始微博监控任务
2026-04-03 13:11:43,524 - INFO - 开始监控账号: 测试账号 (7852949543)
2026-04-03 13:11:43,524 - ERROR - 获取用户信息异常: 'request_delay'
2026-04-03 13:11:46,361 - ERROR - 获取containerid失败: Expecting value: line 1 column 1 (char 0)
2026-04-03 13:11:46,361 - WARNING - ❌ 测试账号 (7852949543): 未获取到微博数据
2026-04-03 13:11:46,361 - INFO - 📊 监控完成: 0/1 成功, 共获取 0 条微博
2026-04-03 16:46:38,565 - INFO - 🚀 开始微博监控任务
2026-04-03 16:46:38,565 - INFO - 开始监控账号: 测试账号 (7852949543)
2026-04-03 16:46:38,565 - ERROR - 获取用户信息异常: 'request_delay'
2026-04-03 16:46:41,737 - ERROR - 获取containerid失败: Expecting value: line 1 column 1 (char 0)
2026-04-03 16:46:41,737 - WARNING - ❌ 测试账号 (7852949543): 未获取到微博数据
2026-04-03 16:46:41,737 - INFO - 📊 监控完成: 0/1 成功, 共获取 0 条微博
2026-04-03 20:41:16,513 - INFO - 🚀 开始微博监控任务
2026-04-03 20:41:16,514 - INFO - 开始监控账号: 测试账号 (7852949543)
2026-04-03 20:41:16,514 - ERROR - 获取用户信息异常: 'request_delay'
2026-04-03 20:41:18,687 - ERROR - 获取containerid失败: Expecting value: line 1 column 1 (char 0)
2026-04-03 20:41:18,688 - WARNING - ❌ 测试账号 (7852949543): 未获取到微博数据
2026-04-03 20:41:18,688 - INFO - 📊 监控完成: 0/1 成功, 共获取 0 条微博
2026-04-04 02:31:26,892 - INFO - 🚀 开始微博监控任务
2026-04-04 02:31:26,892 - INFO - 开始监控账号: 测试账号 (7852949543)
2026-04-04 02:31:26,892 - ERROR - 获取用户信息异常: 'request_delay'
2026-04-04 02:31:29,446 - ERROR - 获取containerid失败: Expecting value: line 1 column 1 (char 0)
2026-04-04 02:31:29,447 - WARNING - ❌ 测试账号 (7852949543): 未获取到微博数据
2026-04-04 02:31:29,447 - INFO - 📊 监控完成: 0/1 成功, 共获取 0 条微博
2026-04-04 05:22:45,651 - INFO - 🚀 开始微博监控任务
2026-04-04 05:22:45,651 - INFO - 开始监控账号: 测试账号 (7852949543)
2026-04-04 05:22:45,651 - ERROR - 获取用户信息异常: 'request_delay'
2026-04-04 05:22:48,801 - ERROR - 获取containerid失败: Expecting value: line 1 column 1 (char 0)
2026-04-04 05:22:48,801 - WARNING - ❌ 测试账号 (7852949543): 未获取到微博数据
2026-04-04 05:22:48,802 - INFO - 📊 监控完成: 0/1 成功, 共获取 0 条微博
2026-04-04 08:46:43,544 - INFO - 🚀 开始微博监控任务
2026-04-04 08:46:43,544 - INFO - 开始监控账号: 测试账号 (7852949543)
2026-04-04 08:46:43,544 - ERROR - 获取用户信息异常: 'request_delay'
2026-04-04 08:46:47,253 - ERROR - 获取containerid失败: Expecting value: line 1 column 1 (char 0)
2026-04-04 08:46:47,254 - WARNING - ❌ 测试账号 (7852949543): 未获取到微博数据
2026-04-04 08:46:47,254 - INFO - 📊 监控完成: 0/1 成功, 共获取 0 条微博
2026-04-04 13:03:32,403 - INFO - 🚀 开始微博监控任务
2026-04-04 13:03:32,403 - INFO - 开始监控账号: 测试账号 (7852949543)
2026-04-04 13:03:32,403 - ERROR - 获取用户信息异常: 'request_delay'
2026-04-04 13:03:34,607 - ERROR - 获取containerid失败: Expecting value: line 1 column 1 (char 0)
2026-04-04 13:03:34,607 - WARNING - ❌ 测试账号 (7852949543): 未获取到微博数据
2026-04-04 13:03:34,607 - INFO - 📊 监控完成: 0/1 成功, 共获取 0 条微博
2026-04-04 16:40:28,106 - INFO - 🚀 开始微博监控任务
2026-04-04 16:40:28,106 - INFO - 开始监控账号: 测试账号 (7852949543)
2026-04-04 16:40:28,106 - ERROR - 获取用户信息异常: 'request_delay'
2026-04-04 16:40:31,894 - ERROR - 获取containerid失败: Expecting value: line 1 column 1 (char 0)
2026-04-04 16:40:31,894 - WARNING - ❌ 测试账号 (7852949543): 未获取到微博数据
2026-04-04 16:40:31,895 - INFO - 📊 监控完成: 0/1 成功, 共获取 0 条微博
2026-04-04 20:36:43,597 - INFO - 🚀 开始微博监控任务
2026-04-04 20:36:43,597 - INFO - 开始监控账号: 测试账号 (7852949543)
2026-04-04 20:36:43,597 - ERROR - 获取用户信息异常: 'request_delay'
2026-04-04 20:36:46,109 - ERROR - 获取containerid失败: Expecting value: line 1 column 1 (char 0)
2026-04-04 20:36:46,109 - WARNING - ❌ 测试账号 (7852949543): 未获取到微博数据
2026-04-04 20:36:46,109 - INFO - 📊 监控完成: 0/1 成功, 共获取 0 条微博
2026-04-05 02:49:10,563 - INFO - 🚀 开始微博监控任务
2026-04-05 02:49:10,563 - INFO - 开始监控账号: 测试账号 (7852949543)
2026-04-05 02:49:10,563 - ERROR - 获取用户信息异常: 'request_delay'
2026-04-05 02:49:14,292 - ERROR - 获取containerid失败: Expecting value: line 1 column 1 (char 0)
2026-04-05 02:49:14,292 - WARNING - ❌ 测试账号 (7852949543): 未获取到微博数据
2026-04-05 02:49:14,292 - INFO - 📊 监控完成: 0/1 成功, 共获取 0 条微博
2026-04-05 05:46:10,214 - INFO - 🚀 开始微博监控任务
2026-04-05 05:46:10,214 - INFO - 开始监控账号: 测试账号 (7852949543)
2026-04-05 05:46:10,214 - ERROR - 获取用户信息异常: 'request_delay'
2026-04-05 05:46:13,778 - ERROR - 获取containerid失败: Expecting value: line 1 column 1 (char 0)
2026-04-05 05:46:13,779 - WARNING - ❌ 测试账号 (7852949543): 未获取到微博数据
2026-04-05 05:46:13,779 - INFO - 📊 监控完成: 0/1 成功, 共获取 0 条微博
2026-04-05 08:50:09,701 - INFO - 🚀 开始微博监控任务
2026-04-05 08:50:09,701 - INFO - 开始监控账号: 测试账号 (7852949543)
2026-04-05 08:50:09,701 - ERROR - 获取用户信息异常: 'request_delay'
2026-04-05 08:50:13,041 - ERROR - 获取containerid失败: Expecting value: line 1 column 1 (char 0)
2026-04-05 08:50:13,041 - WARNING - ❌ 测试账号 (7852949543): 未获取到微博数据
2026-04-05 08:50:13,041 - INFO - 📊 监控完成: 0/1 成功, 共获取 0 条微博
2026-04-05 13:05:31,080 - INFO - 🚀 开始微博监控任务
2026-04-05 13:05:31,080 - INFO - 开始监控账号: 测试账号 (7852949543)
2026-04-05 13:05:31,080 - ERROR - 获取用户信息异常: 'request_delay'
2026-04-05 13:05:35,158 - ERROR - 获取containerid失败: Expecting value: line 1 column 1 (char 0)
2026-04-05 13:05:35,158 - WARNING - ❌ 测试账号 (7852949543): 未获取到微博数据
2026-04-05 13:05:35,158 - INFO - 📊 监控完成: 0/1 成功, 共获取 0 条微博
2026-04-05 16:41:00,443 - INFO - 🚀 开始微博监控任务
2026-04-05 16:41:00,443 - INFO - 开始监控账号: 测试账号 (7852949543)
2026-04-05 16:41:00,443 - ERROR - 获取用户信息异常: 'request_delay'
2026-04-05 16:41:02,574 - ERROR - 获取containerid失败: Expecting value: line 1 column 1 (char 0)
2026-04-05 16:41:02,574 - WARNING - ❌ 测试账号 (7852949543): 未获取到微博数据
2026-04-05 16:41:02,574 - INFO - 📊 监控完成: 0/1 成功, 共获取 0 条微博
2026-04-05 20:38:13,605 - INFO - 🚀 开始微博监控任务
2026-04-05 20:38:13,605 - INFO - 开始监控账号: 测试账号 (7852949543)
2026-04-05 20:38:13,605 - ERROR - 获取用户信息异常: 'request_delay'
2026-04-05 20:38:17,082 - ERROR - 获取containerid失败: Expecting value: line 1 column 1 (char 0)
2026-04-05 20:38:17,082 - WARNING - ❌ 测试账号 (7852949543): 未获取到微博数据
2026-04-05 20:38:17,082 - INFO - 📊 监控完成: 0/1 成功, 共获取 0 条微博
2026-04-06 02:50:12,655 - INFO - 🚀 开始微博监控任务
2026-04-06 02:50:12,656 - INFO - 开始监控账号: 测试账号 (7852949543)
2026-04-06 02:50:12,656 - ERROR - 获取用户信息异常: 'request_delay'
2026-04-06 02:50:16,476 - ERROR - 获取containerid失败: Expecting value: line 1 column 1 (char 0)
2026-04-06 02:50:16,476 - WARNING - ❌ 测试账号 (7852949543): 未获取到微博数据
2026-04-06 02:50:16,476 - INFO - 📊 监控完成: 0/1 成功, 共获取 0 条微博
2026-04-06 06:00:46,516 - INFO - 🚀 开始微博监控任务
2026-04-06 06:00:46,516 - INFO - 开始监控账号: 测试账号 (7852949543)
2026-04-06 06:00:46,516 - ERROR - 获取用户信息异常: 'request_delay'
2026-04-06 06:00:50,579 - ERROR - 获取containerid失败: Expecting value: line 1 column 1 (char 0)
2026-04-06 06:00:50,580 - WARNING - ❌ 测试账号 (7852949543): 未获取到微博数据
2026-04-06 06:00:50,580 - INFO - 📊 监控完成: 0/1 成功, 共获取 0 条微博
2026-04-06 09:13:10,792 - INFO - 🚀 开始微博监控任务
2026-04-06 09:13:10,792 - INFO - 开始监控账号: 测试账号 (7852949543)
2026-04-06 09:13:10,792 - ERROR - 获取用户信息异常: 'request_delay'
2026-04-06 09:13:14,336 - ERROR - 获取containerid失败: Expecting value: line 1 column 1 (char 0)
2026-04-06 09:13:14,336 - WARNING - ❌ 测试账号 (7852949543): 未获取到微博数据
2026-04-06 09:13:14,337 - INFO - 📊 监控完成: 0/1 成功, 共获取 0 条微博
2026-04-06 13:18:33,534 - INFO - 🚀 开始微博监控任务
2026-04-06 13:18:33,534 - INFO - 开始监控账号: 测试账号 (7852949543)
2026-04-06 13:18:33,534 - ERROR - 获取用户信息异常: 'request_delay'
2026-04-06 13:18:38,611 - ERROR - 获取containerid失败: Expecting value: line 1 column 1 (char 0)
2026-04-06 13:18:38,612 - WARNING - ❌ 测试账号 (7852949543): 未获取到微博数据
2026-04-06 13:18:38,612 - INFO - 📊 监控完成: 0/1 成功, 共获取 0 条微博
2026-04-06 16:54:22,014 - INFO - 🚀 开始微博监控任务
2026-04-06 16:54:22,014 - INFO - 开始监控账号: 测试账号 (7852949543)
2026-04-06 16:54:22,014 - ERROR - 获取用户信息异常: 'request_delay'
2026-04-06 16:54:25,437 - ERROR - 获取containerid失败: Expecting value: line 1 column 1 (char 0)
2026-04-06 16:54:25,437 - WARNING - ❌ 测试账号 (7852949543): 未获取到微博数据
2026-04-06 16:54:25,438 - INFO - 📊 监控完成: 0/1 成功, 共获取 0 条微博
2026-04-06 20:41:21,506 - INFO - 🚀 开始微博监控任务
2026-04-06 20:41:21,506 - INFO - 开始监控账号: 测试账号 (7852949543)
2026-04-06 20:41:21,506 - ERROR - 获取用户信息异常: 'request_delay'
2026-04-06 20:41:24,442 - ERROR - 获取containerid失败: Expecting value: line 1 column 1 (char 0)
2026-04-06 20:41:24,442 - WARNING - ❌ 测试账号 (7852949543): 未获取到微博数据
2026-04-06 20:41:24,442 - INFO - 📊 监控完成: 0/1 成功, 共获取 0 条微博
2026-04-07 02:43:37,641 - INFO - 🚀 开始微博监控任务
2026-04-07 02:43:37,641 - INFO - 开始监控账号: 测试账号 (7852949543)
2026-04-07 02:43:37,641 - ERROR - 获取用户信息异常: 'request_delay'
2026-04-07 02:43:40,708 - ERROR - 获取containerid失败: Expecting value: line 1 column 1 (char 0)
2026-04-07 02:43:40,708 - WARNING - ❌ 测试账号 (7852949543): 未获取到微博数据
2026-04-07 02:43:40,708 - INFO - 📊 监控完成: 0/1 成功, 共获取 0 条微博
2026-04-07 05:48:22,856 - INFO - 🚀 开始微博监控任务
2026-04-07 05:48:22,856 - INFO - 开始监控账号: 测试账号 (7852949543)
2026-04-07 05:48:22,856 - ERROR - 获取用户信息异常: 'request_delay'
2026-04-07 05:48:26,439 - ERROR - 获取containerid失败: Expecting value: line 1 column 1 (char 0)
2026-04-07 05:48:26,439 - WARNING - ❌ 测试账号 (7852949543): 未获取到微博数据
2026-04-07 05:48:26,439 - INFO - 📊 监控完成: 0/1 成功, 共获取 0 条微博
2026-04-07 09:07:54,797 - INFO - 🚀 开始微博监控任务
2026-04-07 09:07:54,797 - INFO - 开始监控账号: 测试账号 (7852949543)
2026-04-07 09:07:54,797 - ERROR - 获取用户信息异常: 'request_delay'
2026-04-07 09:07:58,126 - ERROR - 获取containerid失败: Expecting value: line 1 column 1 (char 0)
2026-04-07 09:07:58,126 - WARNING - ❌ 测试账号 (7852949543): 未获取到微博数据
2026-04-07 09:07:58,127 - INFO - 📊 监控完成: 0/1 成功, 共获取 0 条微博
2026-04-07 13:25:49,398 - INFO - 🚀 开始微博监控任务
2026-04-07 13:25:49,399 - INFO - 开始监控账号: 测试账号 (7852949543)
2026-04-07 13:25:49,399 - ERROR - 获取用户信息异常: 'request_delay'
2026-04-07 13:25:54,300 - ERROR - 获取containerid失败: Expecting value: line 1 column 1 (char 0)
2026-04-07 13:25:54,300 - WARNING - ❌ 测试账号 (7852949543): 未获取到微博数据
2026-04-07 13:25:54,301 - INFO - 📊 监控完成: 0/1 成功, 共获取 0 条微博
2026-04-07 17:04:00,452 - INFO - 🚀 开始微博监控任务
2026-04-07 17:04:00,452 - INFO - 开始监控账号: 测试账号 (7852949543)
2026-04-07 17:04:00,452 - ERROR - 获取用户信息异常: 'request_delay'
2026-04-07 17:04:03,856 - ERROR - 获取containerid失败: Expecting value: line 1 column 1 (char 0)
2026-04-07 17:04:03,856 - WARNING - ❌ 测试账号 (7852949543): 未获取到微博数据
2026-04-07 17:04:03,857 - INFO - 📊 监控完成: 0/1 成功, 共获取 0 条微博
2026-04-07 20:52:54,143 - INFO - 🚀 开始微博监控任务
2026-04-07 20:52:54,143 - INFO - 开始监控账号: 测试账号 (7852949543)
2026-04-07 20:52:54,143 - ERROR - 获取用户信息异常: 'request_delay'
2026-04-07 20:52:58,414 - ERROR - 获取containerid失败: Expecting value: line 1 column 1 (char 0)
2026-04-07 20:52:58,414 - WARNING - ❌ 测试账号 (7852949543): 未获取到微博数据
2026-04-07 20:52:58,414 - INFO - 📊 监控完成: 0/1 成功, 共获取 0 条微博
2026-04-08 02:44:43,540 - INFO - 🚀 开始微博监控任务
2026-04-08 02:44:43,540 - INFO - 开始监控账号: 测试账号 (7852949543)
2026-04-08 02:44:43,540 - ERROR - 获取用户信息异常: 'request_delay'
2026-04-08 02:44:45,816 - ERROR - 获取containerid失败: Expecting value: line 1 column 1 (char 0)
2026-04-08 02:44:45,816 - WARNING - ❌ 测试账号 (7852949543): 未获取到微博数据
2026-04-08 02:44:45,816 - INFO - 📊 监控完成: 0/1 成功, 共获取 0 条微博
2026-04-08 05:49:04,586 - INFO - 🚀 开始微博监控任务
2026-04-08 05:49:04,586 - INFO - 开始监控账号: 测试账号 (7852949543)
2026-04-08 05:49:04,586 - ERROR - 获取用户信息异常: 'request_delay'
2026-04-08 05:49:08,185 - ERROR - 获取containerid失败: Expecting value: line 1 column 1 (char 0)
2026-04-08 05:49:08,185 - WARNING - ❌ 测试账号 (7852949543): 未获取到微博数据
2026-04-08 05:49:08,185 - INFO - 📊 监控完成: 0/1 成功, 共获取 0 条微博
2026-04-08 09:06:47,066 - INFO - 🚀 开始微博监控任务
2026-04-08 09:06:47,066 - INFO - 开始监控账号: 测试账号 (7852949543)
2026-04-08 09:06:47,067 - ERROR - 获取用户信息异常: 'request_delay'
2026-04-08 09:06:50,040 - ERROR - 获取containerid失败: Expecting value: line 1 column 1 (char 0)
2026-04-08 09:06:50,040 - WARNING - ❌ 测试账号 (7852949543): 未获取到微博数据
2026-04-08 09:06:50,040 - INFO - 📊 监控完成: 0/1 成功, 共获取 0 条微博
2026-04-08 13:26:58,738 - INFO - 🚀 开始微博监控任务
2026-04-08 13:26:58,739 - INFO - 开始监控账号: 测试账号 (7852949543)
2026-04-08 13:26:58,739 - ERROR - 获取用户信息异常: 'request_delay'
2026-04-08 13:27:01,640 - ERROR - 获取containerid失败: Expecting value: line 1 column 1 (char 0)
2026-04-08 13:27:01,640 - WARNING - ❌ 测试账号 (7852949543): 未获取到微博数据
2026-04-08 13:27:01,641 - INFO - 📊 监控完成: 0/1 成功, 共获取 0 条微博
2026-04-08 17:08:13,109 - INFO - 🚀 开始微博监控任务
2026-04-08 17:08:13,109 - INFO - 开始监控账号: 测试账号 (7852949543)
2026-04-08 17:08:13,109 - ERROR - 获取用户信息异常: 'request_delay'
2026-04-08 17:08:16,405 - ERROR - 获取containerid失败: Expecting value: line 1 column 1 (char 0)
2026-04-08 17:08:16,405 - WARNING - ❌ 测试账号 (7852949543): 未获取到微博数据
2026-04-08 17:08:16,406 - INFO - 📊 监控完成: 0/1 成功, 共获取 0 条微博
2026-04-08 20:50:09,046 - INFO - 🚀 开始微博监控任务
2026-04-08 20:50:09,047 - INFO - 开始监控账号: 测试账号 (7852949543)
2026-04-08 20:50:09,047 - ERROR - 获取用户信息异常: 'request_delay'
2026-04-08 20:50:11,622 - ERROR - 获取containerid失败: Expecting value: line 1 column 1 (char 0)
2026-04-08 20:50:11,622 - WARNING - ❌ 测试账号 (7852949543): 未获取到微博数据
2026-04-08 20:50:11,622 - INFO - 📊 监控完成: 0/1 成功, 共获取 0 条微博
2026-04-09 02:39:23,155 - INFO - 🚀 开始微博监控任务
2026-04-09 02:39:23,155 - INFO - 开始监控账号: 测试账号 (7852949543)
2026-04-09 02:39:23,155 - ERROR - 获取用户信息异常: 'request_delay'
2026-04-09 02:39:25,277 - ERROR - 获取containerid失败: Expecting value: line 1 column 1 (char 0)
2026-04-09 02:39:25,277 - WARNING - ❌ 测试账号 (7852949543): 未获取到微博数据
2026-04-09 02:39:25,277 - INFO - 📊 监控完成: 0/1 成功, 共获取 0 条微博
2026-04-09 05:50:07,997 - INFO - 🚀 开始微博监控任务
2026-04-09 05:50:07,997 - INFO - 开始监控账号: 测试账号 (7852949543)
2026-04-09 05:50:07,997 - ERROR - 获取用户信息异常: 'request_delay'
2026-04-09 05:50:10,941 - ERROR - 获取containerid失败: Expecting value: line 1 column 1 (char 0)
2026-04-09 05:50:10,941 - WARNING - ❌ 测试账号 (7852949543): 未获取到微博数据
2026-04-09 05:50:10,941 - INFO - 📊 监控完成: 0/1 成功, 共获取 0 条微博
2026-04-09 09:12:55,534 - INFO - 🚀 开始微博监控任务
2026-04-09 09:12:55,534 - INFO - 开始监控账号: 测试账号 (7852949543)
2026-04-09 09:12:55,534 - ERROR - 获取用户信息异常: 'request_delay'
2026-04-09 09:12:58,567 - ERROR - 获取containerid失败: Expecting value: line 1 column 1 (char 0)
2026-04-09 09:12:58,567 - WARNING - ❌ 测试账号 (7852949543): 未获取到微博数据
2026-04-09 09:12:58,568 - INFO - 📊 监控完成: 0/1 成功, 共获取 0 条微博
2026-04-09 13:49:40,938 - INFO - 🚀 开始微博监控任务
2026-04-09 13:49:40,938 - INFO - 开始监控账号: 测试账号 (7852949543)
2026-04-09 13:49:40,939 - ERROR - 获取用户信息异常: 'request_delay'
2026-04-09 13:49:43,834 - ERROR - 获取containerid失败: Expecting value: line 1 column 1 (char 0)
2026-04-09 13:49:43,834 - WARNING - ❌ 测试账号 (7852949543): 未获取到微博数据
2026-04-09 13:49:43,834 - INFO - 📊 监控完成: 0/1 成功, 共获取 0 条微博
2026-04-09 17:11:50,220 - INFO - 🚀 开始微博监控任务
2026-04-09 17:11:50,220 - INFO - 开始监控账号: 测试账号 (7852949543)
2026-04-09 17:11:50,220 - ERROR - 获取用户信息异常: 'request_delay'
2026-04-09 17:11:53,585 - ERROR - 获取containerid失败: Expecting value: line 1 column 1 (char 0)
2026-04-09 17:11:53,585 - WARNING - ❌ 测试账号 (7852949543): 未获取到微博数据
2026-04-09 17:11:53,585 - INFO - 📊 监控完成: 0/1 成功, 共获取 0 条微博
2026-04-09 20:55:53,483 - INFO - 🚀 开始微博监控任务
2026-04-09 20:55:53,483 - INFO - 开始监控账号: 测试账号 (7852949543)
2026-04-09 20:55:53,483 - ERROR - 获取用户信息异常: 'request_delay'
2026-04-09 20:55:58,593 - ERROR - 获取containerid失败: Expecting value: line 1 column 1 (char 0)
2026-04-09 20:55:58,594 - WARNING - ❌ 测试账号 (7852949543): 未获取到微博数据
2026-04-09 20:55:58,594 - INFO - 📊 监控完成: 0/1 成功, 共获取 0 条微博
2026-04-10 02:51:23,841 - INFO - 🚀 开始微博监控任务
2026-04-10 02:51:23,842 - INFO - 开始监控账号: 测试账号 (7852949543)
2026-04-10 02:51:23,842 - ERROR - 获取用户信息异常: 'request_delay'
2026-04-10 02:51:27,029 - ERROR - 获取containerid失败: Expecting value: line 1 column 1 (char 0)
2026-04-10 02:51:27,029 - WARNING - ❌ 测试账号 (7852949543): 未获取到微博数据
2026-04-10 02:51:27,030 - INFO - 📊 监控完成: 0/1 成功, 共获取 0 条微博
2026-04-10 05:59:50,209 - INFO - 🚀 开始微博监控任务
2026-04-10 05:59:50,209 - INFO - 开始监控账号: 测试账号 (7852949543)
2026-04-10 05:59:50,209 - ERROR - 获取用户信息异常: 'request_delay'
2026-04-10 05:59:53,016 - ERROR - 获取containerid失败: Expecting value: line 1 column 1 (char 0)
2026-04-10 05:59:53,016 - WARNING - ❌ 测试账号 (7852949543): 未获取到微博数据
2026-04-10 05:59:53,017 - INFO - 📊 监控完成: 0/1 成功, 共获取 0 条微博
2026-04-10 09:14:46,501 - INFO - 🚀 开始微博监控任务
2026-04-10 09:14:46,501 - INFO - 开始监控账号: 测试账号 (7852949543)
2026-04-10 09:14:46,501 - ERROR - 获取用户信息异常: 'request_delay'
2026-04-10 09:14:49,348 - ERROR - 获取containerid失败: Expecting value: line 1 column 1 (char 0)
2026-04-10 09:14:49,348 - WARNING - ❌ 测试账号 (7852949543): 未获取到微博数据
2026-04-10 09:14:49,348 - INFO - 📊 监控完成: 0/1 成功, 共获取 0 条微博
2026-04-10 13:19:17,850 - INFO - 🚀 开始微博监控任务
2026-04-10 13:19:17,850 - INFO - 开始监控账号: 测试账号 (7852949543)
2026-04-10 13:19:17,850 - ERROR - 获取用户信息异常: 'request_delay'
2026-04-10 13:19:21,244 - ERROR - 获取containerid失败: Expecting value: line 1 column 1 (char 0)
2026-04-10 13:19:21,244 - WARNING - ❌ 测试账号 (7852949543): 未获取到微博数据
2026-04-10 13:19:21,244 - INFO - 📊 监控完成: 0/1 成功, 共获取 0 条微博
2026-04-10 16:55:17,624 - INFO - 🚀 开始微博监控任务
2026-04-10 16:55:17,624 - INFO - 开始监控账号: 测试账号 (7852949543)
2026-04-10 16:55:17,624 - ERROR - 获取用户信息异常: 'request_delay'
2026-04-10 16:55:21,449 - ERROR - 获取containerid失败: Expecting value: line 1 column 1 (char 0)
2026-04-10 16:55:21,449 - WARNING - ❌ 测试账号 (7852949543): 未获取到微博数据
2026-04-10 16:55:21,449 - INFO - 📊 监控完成: 0/1 成功, 共获取 0 条微博
2026-04-10 20:42:23,903 - INFO - 🚀 开始微博监控任务
2026-04-10 20:42:23,903 - INFO - 开始监控账号: 测试账号 (7852949543)
2026-04-10 20:42:23,903 - ERROR - 获取用户信息异常: 'request_delay'
2026-04-10 20:42:26,366 - ERROR - 获取containerid失败: Expecting value: line 1 column 1 (char 0)
2026-04-10 20:42:26,366 - WARNING - ❌ 测试账号 (7852949543): 未获取到微博数据
2026-04-10 20:42:26,367 - INFO - 📊 监控完成: 0/1 成功, 共获取 0 条微博
2026-04-11 02:35:16,530 - INFO - 🚀 开始微博监控任务
2026-04-11 02:35:16,530 - INFO - 开始监控账号: 测试账号 (7852949543)
2026-04-11 02:35:16,530 - ERROR - 获取用户信息异常: 'request_delay'
2026-04-11 02:35:21,661 - ERROR - 获取containerid失败: Expecting value: line 1 column 1 (char 0)
2026-04-11 02:35:21,661 - WARNING - ❌ 测试账号 (7852949543): 未获取到微博数据
2026-04-11 02:35:21,662 - INFO - 📊 监控完成: 0/1 成功, 共获取 0 条微博
2026-04-11 05:25:57,488 - INFO - 🚀 开始微博监控任务
2026-04-11 05:25:57,488 - INFO - 开始监控账号: 测试账号 (7852949543)
2026-04-11 05:25:57,488 - ERROR - 获取用户信息异常: 'request_delay'
2026-04-11 05:26:01,207 - ERROR - 获取containerid失败: Expecting value: line 1 column 1 (char 0)
2026-04-11 05:26:01,207 - WARNING - ❌ 测试账号 (7852949543): 未获取到微博数据
2026-04-11 05:26:01,208 - INFO - 📊 监控完成: 0/1 成功, 共获取 0 条微博
2026-04-11 08:51:12,548 - INFO - 🚀 开始微博监控任务
2026-04-11 08:51:12,548 - INFO - 开始监控账号: 测试账号 (7852949543)
2026-04-11 08:51:12,548 - ERROR - 获取用户信息异常: 'request_delay'
2026-04-11 08:51:18,895 - ERROR - 获取containerid失败: Expecting value: line 1 column 1 (char 0)
2026-04-11 08:51:18,896 - WARNING - ❌ 测试账号 (7852949543): 未获取到微博数据
2026-04-11 08:51:18,896 - INFO - 📊 监控完成: 0/1 成功, 共获取 0 条微博
2026-04-11 13:06:17,183 - INFO - 🚀 开始微博监控任务
2026-04-11 13:06:17,184 - INFO - 开始监控账号: 测试账号 (7852949543)
2026-04-11 13:06:17,184 - ERROR - 获取用户信息异常: 'request_delay'
2026-04-11 13:06:21,995 - ERROR - 获取containerid失败: Expecting value: line 1 column 1 (char 0)
2026-04-11 13:06:21,995 - WARNING - ❌ 测试账号 (7852949543): 未获取到微博数据
2026-04-11 13:06:21,996 - INFO - 📊 监控完成: 0/1 成功, 共获取 0 条微博
2026-04-11 16:41:22,318 - INFO - 🚀 开始微博监控任务
2026-04-11 16:41:22,318 - INFO - 开始监控账号: 测试账号 (7852949543)
2026-04-11 16:41:22,318 - ERROR - 获取用户信息异常: 'request_delay'
2026-04-11 16:41:25,001 - ERROR - 获取containerid失败: Expecting value: line 1 column 1 (char 0)
2026-04-11 16:41:25,001 - WARNING - ❌ 测试账号 (7852949543): 未获取到微博数据
2026-04-11 16:41:25,001 - INFO - 📊 监控完成: 0/1 成功, 共获取 0 条微博
2026-04-11 20:38:15,392 - INFO - 🚀 开始微博监控任务
2026-04-11 20:38:15,392 - INFO - 开始监控账号: 测试账号 (7852949543)
2026-04-11 20:38:15,392 - ERROR - 获取用户信息异常: 'request_delay'
2026-04-11 20:38:18,344 - ERROR - 获取containerid失败: Expecting value: line 1 column 1 (char 0)
2026-04-11 20:38:18,344 - WARNING - ❌ 测试账号 (7852949543): 未获取到微博数据
2026-04-11 20:38:18,344 - INFO - 📊 监控完成: 0/1 成功, 共获取 0 条微博
2026-04-12 02:54:23,129 - INFO - 🚀 开始微博监控任务
2026-04-12 02:54:23,129 - INFO - 开始监控账号: 测试账号 (7852949543)
2026-04-12 02:54:23,129 - ERROR - 获取用户信息异常: 'request_delay'
2026-04-12 02:54:26,383 - ERROR - 获取containerid失败: Expecting value: line 1 column 1 (char 0)
2026-04-12 02:54:26,383 - WARNING - ❌ 测试账号 (7852949543): 未获取到微博数据
2026-04-12 02:54:26,383 - INFO - 📊 监控完成: 0/1 成功, 共获取 0 条微博
2026-04-12 05:56:04,001 - INFO - 🚀 开始微博监控任务
2026-04-12 05:56:04,001 - INFO - 开始监控账号: 测试账号 (7852949543)
2026-04-12 05:56:04,001 - ERROR - 获取用户信息异常: 'request_delay'
2026-04-12 05:56:08,238 - ERROR - 获取containerid失败: Expecting value: line 1 column 1 (char 0)
2026-04-12 05:56:08,238 - WARNING - ❌ 测试账号 (7852949543): 未获取到微博数据
2026-04-12 05:56:08,239 - INFO - 📊 监控完成: 0/1 成功, 共获取 0 条微博
2026-04-12 08:54:55,717 - INFO - 🚀 开始微博监控任务
2026-04-12 08:54:55,717 - INFO - 开始监控账号: 测试账号 (7852949543)
2026-04-12 08:54:55,717 - ERROR - 获取用户信息异常: 'request_delay'
2026-04-12 08:54:59,712 - ERROR - 获取containerid失败: Expecting value: line 1 column 1 (char 0)
2026-04-12 08:54:59,712 - WARNING - ❌ 测试账号 (7852949543): 未获取到微博数据
2026-04-12 08:54:59,712 - INFO - 📊 监控完成: 0/1 成功, 共获取 0 条微博
2026-04-12 13:08:44,151 - INFO - 🚀 开始微博监控任务
2026-04-12 13:08:44,152 - INFO - 开始监控账号: 测试账号 (7852949543)
2026-04-12 13:08:44,152 - ERROR - 获取用户信息异常: 'request_delay'
2026-04-12 13:08:47,375 - ERROR - 获取containerid失败: Expecting value: line 1 column 1 (char 0)
2026-04-12 13:08:47,375 - WARNING - ❌ 测试账号 (7852949543): 未获取到微博数据
2026-04-12 13:08:47,375 - INFO - 📊 监控完成: 0/1 成功, 共获取 0 条微博
2026-04-12 16:44:09,681 - INFO - 🚀 开始微博监控任务
2026-04-12 16:44:09,681 - INFO - 开始监控账号: 测试账号 (7852949543)
2026-04-12 16:44:09,681 - ERROR - 获取用户信息异常: 'request_delay'
2026-04-12 16:44:12,558 - ERROR - 获取containerid失败: Expecting value: line 1 column 1 (char 0)
2026-04-12 16:44:12,558 - WARNING - ❌ 测试账号 (7852949543): 未获取到微博数据
2026-04-12 16:44:12,559 - INFO - 📊 监控完成: 0/1 成功, 共获取 0 条微博
2026-04-12 20:41:14,523 - INFO - 🚀 开始微博监控任务
2026-04-12 20:41:14,524 - INFO - 开始监控账号: 测试账号 (7852949543)
2026-04-12 20:41:14,524 - ERROR - 获取用户信息异常: 'request_delay'
2026-04-12 20:41:18,995 - ERROR - 获取containerid失败: Expecting value: line 1 column 1 (char 0)
2026-04-12 20:41:18,995 - WARNING - ❌ 测试账号 (7852949543): 未获取到微博数据
2026-04-12 20:41:18,996 - INFO - 📊 监控完成: 0/1 成功, 共获取 0 条微博
2026-04-13 03:19:24,498 - INFO - 🚀 开始微博监控任务
2026-04-13 03:19:24,498 - INFO - 开始监控账号: 测试账号 (7852949543)
2026-04-13 03:19:24,498 - ERROR - 获取用户信息异常: 'request_delay'
2026-04-13 03:19:28,121 - ERROR - 获取containerid失败: Expecting value: line 1 column 1 (char 0)
2026-04-13 03:19:28,121 - WARNING - ❌ 测试账号 (7852949543): 未获取到微博数据
2026-04-13 03:19:28,121 - INFO - 📊 监控完成: 0/1 成功, 共获取 0 条微博
2026-04-13 06:17:44,781 - INFO - 🚀 开始微博监控任务
2026-04-13 06:17:44,781 - INFO - 开始监控账号: 测试账号 (7852949543)
2026-04-13 06:17:44,781 - ERROR - 获取用户信息异常: 'request_delay'
2026-04-13 06:17:47,847 - ERROR - 获取containerid失败: Expecting value: line 1 column 1 (char 0)
2026-04-13 06:17:47,847 - WARNING - ❌ 测试账号 (7852949543): 未获取到微博数据
2026-04-13 06:17:47,847 - INFO - 📊 监控完成: 0/1 成功, 共获取 0 条微博
2026-04-13 09:58:43,187 - INFO - 🚀 开始微博监控任务
2026-04-13 09:58:43,187 - INFO - 开始监控账号: 测试账号 (7852949543)
2026-04-13 09:58:43,188 - ERROR - 获取用户信息异常: 'request_delay'
2026-04-13 09:58:47,109 - ERROR - 获取containerid失败: Expecting value: line 1 column 1 (char 0)
2026-04-13 09:58:47,109 - WARNING - ❌ 测试账号 (7852949543): 未获取到微博数据
2026-04-13 09:58:47,109 - INFO - 📊 监控完成: 0/1 成功, 共获取 0 条微博
2026-04-13 13:46:31,799 - INFO - 🚀 开始微博监控任务
2026-04-13 13:46:31,800 - INFO - 开始监控账号: 测试账号 (7852949543)
2026-04-13 13:46:31,800 - ERROR - 获取用户信息异常: 'request_delay'
2026-04-13 13:46:34,724 - ERROR - 获取containerid失败: Expecting value: line 1 column 1 (char 0)
2026-04-13 13:46:34,724 - WARNING - ❌ 测试账号 (7852949543): 未获取到微博数据
2026-04-13 13:46:34,724 - INFO - 📊 监控完成: 0/1 成功, 共获取 0 条微博
2026-04-13 17:07:38,965 - INFO - 🚀 开始微博监控任务
2026-04-13 17:07:38,965 - INFO - 开始监控账号: 测试账号 (7852949543)
2026-04-13 17:07:38,965 - ERROR - 获取用户信息异常: 'request_delay'
2026-04-13 17:07:41,512 - ERROR - 获取containerid失败: Expecting value: line 1 column 1 (char 0)
2026-04-13 17:07:41,512 - WARNING - ❌ 测试账号 (7852949543): 未获取到微博数据
2026-04-13 17:07:41,512 - INFO - 📊 监控完成: 0/1 成功, 共获取 0 条微博
2026-04-13 20:59:05,117 - INFO - 🚀 开始微博监控任务
2026-04-13 20:59:05,117 - INFO - 开始监控账号: 测试账号 (7852949543)
2026-04-13 20:59:05,117 - ERROR - 获取用户信息异常: 'request_delay'
2026-04-13 20:59:09,690 - ERROR - 获取containerid失败: Expecting value: line 1 column 1 (char 0)
2026-04-13 20:59:09,690 - WARNING - ❌ 测试账号 (7852949543): 未获取到微博数据
2026-04-13 20:59:09,690 - INFO - 📊 监控完成: 0/1 成功, 共获取 0 条微博
2026-04-14 02:51:59,996 - INFO - 🚀 开始微博监控任务
2026-04-14 02:51:59,996 - INFO - 开始监控账号: 测试账号 (7852949543)
2026-04-14 02:51:59,996 - ERROR - 获取用户信息异常: 'request_delay'
2026-04-14 02:52:02,276 - ERROR - 获取containerid失败: Expecting value: line 1 column 1 (char 0)
2026-04-14 02:52:02,276 - WARNING - ❌ 测试账号 (7852949543): 未获取到微博数据
2026-04-14 02:52:02,276 - INFO - 📊 监控完成: 0/1 成功, 共获取 0 条微博
2026-04-14 06:02:16,872 - INFO - 🚀 开始微博监控任务
2026-04-14 06:02:16,872 - INFO - 开始监控账号: 测试账号 (7852949543)
2026-04-14 06:02:16,872 - ERROR - 获取用户信息异常: 'request_delay'
2026-04-14 06:02:20,107 - ERROR - 获取containerid失败: Expecting value: line 1 column 1 (char 0)
2026-04-14 06:02:20,107 - WARNING - ❌ 测试账号 (7852949543): 未获取到微博数据
2026-04-14 06:02:20,108 - INFO - 📊 监控完成: 0/1 成功, 共获取 0 条微博
2026-04-14 09:22:52,188 - INFO - 🚀 开始微博监控任务
2026-04-14 09:22:52,188 - INFO - 开始监控账号: 测试账号 (7852949543)
2026-04-14 09:22:52,188 - ERROR - 获取用户信息异常: 'request_delay'
2026-04-14 09:22:54,894 - ERROR - 获取containerid失败: Expecting value: line 1 column 1 (char 0)
2026-04-14 09:22:54,894 - WARNING - ❌ 测试账号 (7852949543): 未获取到微博数据
2026-04-14 09:22:54,895 - INFO - 📊 监控完成: 0/1 成功, 共获取 0 条微博
2026-04-14 13:51:08,309 - INFO - 🚀 开始微博监控任务
2026-04-14 13:51:08,309 - INFO - 开始监控账号: 测试账号 (7852949543)
2026-04-14 13:51:08,309 - ERROR - 获取用户信息异常: 'request_delay'
2026-04-14 13:51:11,779 - ERROR - 获取containerid失败: Expecting value: line 1 column 1 (char 0)
2026-04-14 13:51:11,780 - WARNING - ❌ 测试账号 (7852949543): 未获取到微博数据
2026-04-14 13:51:11,780 - INFO - 📊 监控完成: 0/1 成功, 共获取 0 条微博
2026-04-14 17:14:19,552 - INFO - 🚀 开始微博监控任务
2026-04-14 17:14:19,552 - INFO - 开始监控账号: 测试账号 (7852949543)
2026-04-14 17:14:19,552 - ERROR - 获取用户信息异常: 'request_delay'
2026-04-14 17:14:24,283 - ERROR - 获取containerid失败: Expecting value: line 1 column 1 (char 0)
2026-04-14 17:14:24,283 - WARNING - ❌ 测试账号 (7852949543): 未获取到微博数据
2026-04-14 17:14:24,284 - INFO - 📊 监控完成: 0/1 成功, 共获取 0 条微博
2026-04-14 20:58:40,770 - INFO - 🚀 开始微博监控任务
2026-04-14 20:58:40,770 - INFO - 开始监控账号: 测试账号 (7852949543)
2026-04-14 20:58:40,770 - ERROR - 获取用户信息异常: 'request_delay'
2026-04-14 20:58:45,448 - ERROR - 获取containerid失败: Expecting value: line 1 column 1 (char 0)
2026-04-14 20:58:45,448 - WARNING - ❌ 测试账号 (7852949543): 未获取到微博数据
2026-04-14 20:58:45,449 - INFO - 📊 监控完成: 0/1 成功, 共获取 0 条微博
2026-04-15 02:49:54,550 - INFO - 🚀 开始微博监控任务
2026-04-15 02:49:54,550 - INFO - 开始监控账号: 测试账号 (7852949543)
2026-04-15 02:49:54,550 - ERROR - 获取用户信息异常: 'request_delay'
2026-04-15 02:49:57,306 - ERROR - 获取containerid失败: Expecting value: line 1 column 1 (char 0)
2026-04-15 02:49:57,307 - WARNING - ❌ 测试账号 (7852949543): 未获取到微博数据
2026-04-15 02:49:57,307 - INFO - 📊 监控完成: 0/1 成功, 共获取 0 条微博
2026-04-15 06:02:09,958 - INFO - 🚀 开始微博监控任务
2026-04-15 06:02:09,958 - INFO - 开始监控账号: 测试账号 (7852949543)
2026-04-15 06:02:09,958 - ERROR - 获取用户信息异常: 'request_delay'
2026-04-15 06:02:12,500 - ERROR - 获取containerid失败: Expecting value: line 1 column 1 (char 0)
2026-04-15 06:02:12,501 - WARNING - ❌ 测试账号 (7852949543): 未获取到微博数据
2026-04-15 06:02:12,501 - INFO - 📊 监控完成: 0/1 成功, 共获取 0 条微博
2026-04-15 09:24:09,996 - INFO - 🚀 开始微博监控任务
2026-04-15 09:24:09,996 - INFO - 开始监控账号: 测试账号 (7852949543)
2026-04-15 09:24:09,996 - ERROR - 获取用户信息异常: 'request_delay'
2026-04-15 09:24:14,362 - ERROR - 获取containerid失败: Expecting value: line 1 column 1 (char 0)
2026-04-15 09:24:14,362 - WARNING - ❌ 测试账号 (7852949543): 未获取到微博数据
2026-04-15 09:24:14,362 - INFO - 📊 监控完成: 0/1 成功, 共获取 0 条微博
2026-04-15 13:46:10,631 - INFO - 🚀 开始微博监控任务
2026-04-15 13:46:10,631 - INFO - 开始监控账号: 测试账号 (7852949543)
2026-04-15 13:46:10,631 - ERROR - 获取用户信息异常: 'request_delay'
2026-04-15 13:46:14,515 - ERROR - 获取containerid失败: Expecting value: line 1 column 1 (char 0)
2026-04-15 13:46:14,515 - WARNING - ❌ 测试账号 (7852949543): 未获取到微博数据
2026-04-15 13:46:14,515 - INFO - 📊 监控完成: 0/1 成功, 共获取 0 条微博
2026-04-15 17:08:53,140 - INFO - 🚀 开始微博监控任务
2026-04-15 17:08:53,140 - INFO - 开始监控账号: 测试账号 (7852949543)
2026-04-15 17:08:53,140 - ERROR - 获取用户信息异常: 'request_delay'
2026-04-15 17:08:55,393 - ERROR - 获取containerid失败: Expecting value: line 1 column 1 (char 0)
2026-04-15 17:08:55,393 - WARNING - ❌ 测试账号 (7852949543): 未获取到微博数据
2026-04-15 17:08:55,393 - INFO - 📊 监控完成: 0/1 成功, 共获取 0 条微博
2026-04-15 20:55:36,245 - INFO - 🚀 开始微博监控任务
2026-04-15 20:55:36,245 - INFO - 开始监控账号: 测试账号 (7852949543)
2026-04-15 20:55:36,245 - ERROR - 获取用户信息异常: 'request_delay'
2026-04-15 20:55:39,194 - ERROR - 获取containerid失败: Expecting value: line 1 column 1 (char 0)
2026-04-15 20:55:39,194 - WARNING - ❌ 测试账号 (7852949543): 未获取到微博数据
2026-04-15 20:55:39,195 - INFO - 📊 监控完成: 0/1 成功, 共获取 0 条微博
2026-04-16 02:56:45,429 - INFO - 🚀 开始微博监控任务
2026-04-16 02:56:45,429 - INFO - 开始监控账号: 测试账号 (7852949543)
2026-04-16 02:56:45,429 - ERROR - 获取用户信息异常: 'request_delay'
2026-04-16 02:56:48,104 - ERROR - 获取containerid失败: Expecting value: line 1 column 1 (char 0)
2026-04-16 02:56:48,104 - WARNING - ❌ 测试账号 (7852949543): 未获取到微博数据
2026-04-16 02:56:48,105 - INFO - 📊 监控完成: 0/1 成功, 共获取 0 条微博
2026-04-16 06:04:07,788 - INFO - 🚀 开始微博监控任务
2026-04-16 06:04:07,788 - INFO - 开始监控账号: 测试账号 (7852949543)
2026-04-16 06:04:07,788 - ERROR - 获取用户信息异常: 'request_delay'
2026-04-16 06:04:09,938 - ERROR - 获取containerid失败: Expecting value: line 1 column 1 (char 0)
2026-04-16 06:04:09,938 - WARNING - ❌ 测试账号 (7852949543): 未获取到微博数据
2026-04-16 06:04:09,939 - INFO - 📊 监控完成: 0/1 成功, 共获取 0 条微博
2026-04-16 09:23:51,267 - INFO - 🚀 开始微博监控任务
2026-04-16 09:23:51,267 - INFO - 开始监控账号: 测试账号 (7852949543)
2026-04-16 09:23:51,267 - ERROR - 获取用户信息异常: 'request_delay'
2026-04-16 09:23:53,316 - ERROR - 获取containerid失败: Expecting value: line 1 column 1 (char 0)
2026-04-16 09:23:53,317 - WARNING - ❌ 测试账号 (7852949543): 未获取到微博数据
2026-04-16 09:23:53,317 - INFO - 📊 监控完成: 0/1 成功, 共获取 0 条微博
2026-04-16 13:55:09,048 - INFO - 🚀 开始微博监控任务
2026-04-16 13:55:09,048 - INFO - 开始监控账号: 测试账号 (7852949543)
2026-04-16 13:55:09,048 - ERROR - 获取用户信息异常: 'request_delay'
2026-04-16 13:55:11,971 - ERROR - 获取containerid失败: Expecting value: line 1 column 1 (char 0)
2026-04-16 13:55:11,971 - WARNING - ❌ 测试账号 (7852949543): 未获取到微博数据
2026-04-16 13:55:11,971 - INFO - 📊 监控完成: 0/1 成功, 共获取 0 条微博
2026-04-16 17:19:30,554 - INFO - 🚀 开始微博监控任务
2026-04-16 17:19:30,554 - INFO - 开始监控账号: 测试账号 (7852949543)
2026-04-16 17:19:30,554 - ERROR - 获取用户信息异常: 'request_delay'
2026-04-16 17:19:33,727 - ERROR - 获取containerid失败: Expecting value: line 1 column 1 (char 0)
2026-04-16 17:19:33,727 - WARNING - ❌ 测试账号 (7852949543): 未获取到微博数据
2026-04-16 17:19:33,727 - INFO - 📊 监控完成: 0/1 成功, 共获取 0 条微博
2026-04-16 20:53:59,480 - INFO - 🚀 开始微博监控任务
2026-04-16 20:53:59,480 - INFO - 开始监控账号: 测试账号 (7852949543)
2026-04-16 20:53:59,480 - ERROR - 获取用户信息异常: 'request_delay'
2026-04-16 20:54:02,310 - ERROR - 获取containerid失败: Expecting value: line 1 column 1 (char 0)
2026-04-16 20:54:02,310 - WARNING - ❌ 测试账号 (7852949543): 未获取到微博数据
2026-04-16 20:54:02,311 - INFO - 📊 监控完成: 0/1 成功, 共获取 0 条微博
2026-04-17 02:52:21,332 - INFO - 🚀 开始微博监控任务
2026-04-17 02:52:21,332 - INFO - 开始监控账号: 测试账号 (7852949543)
2026-04-17 02:52:21,333 - ERROR - 获取用户信息异常: 'request_delay'
2026-04-17 02:52:25,017 - ERROR - 获取containerid失败: Expecting value: line 1 column 1 (char 0)
2026-04-17 02:52:25,017 - WARNING - ❌ 测试账号 (7852949543): 未获取到微博数据
2026-04-17 02:52:25,017 - INFO - 📊 监控完成: 0/1 成功, 共获取 0 条微博
2026-04-17 06:05:35,359 - INFO - 🚀 开始微博监控任务
2026-04-17 06:05:35,360 - INFO - 开始监控账号: 测试账号 (7852949543)
2026-04-17 06:05:35,360 - ERROR - 获取用户信息异常: 'request_delay'
2026-04-17 06:05:37,613 - ERROR - 获取containerid失败: Expecting value: line 1 column 1 (char 0)
2026-04-17 06:05:37,614 - WARNING - ❌ 测试账号 (7852949543): 未获取到微博数据
2026-04-17 06:05:37,614 - INFO - 📊 监控完成: 0/1 成功, 共获取 0 条微博
2026-04-17 09:22:19,083 - INFO - 🚀 开始微博监控任务
2026-04-17 09:22:19,083 - INFO - 开始监控账号: 测试账号 (7852949543)
2026-04-17 09:22:19,083 - ERROR - 获取用户信息异常: 'request_delay'
2026-04-17 09:22:22,228 - ERROR - 获取containerid失败: Expecting value: line 1 column 1 (char 0)
2026-04-17 09:22:22,228 - WARNING - ❌ 测试账号 (7852949543): 未获取到微博数据
2026-04-17 09:22:22,229 - INFO - 📊 监控完成: 0/1 成功, 共获取 0 条微博
2026-04-17 13:26:34,344 - INFO - 🚀 开始微博监控任务
2026-04-17 13:26:34,344 - INFO - 开始监控账号: 测试账号 (7852949543)
2026-04-17 13:26:34,344 - ERROR - 获取用户信息异常: 'request_delay'
2026-04-17 13:26:41,918 - ERROR - 获取containerid失败: Expecting value: line 1 column 1 (char 0)
2026-04-17 13:26:41,918 - WARNING - ❌ 测试账号 (7852949543): 未获取到微博数据
2026-04-17 13:26:41,918 - INFO - 📊 监控完成: 0/1 成功, 共获取 0 条微博
2026-04-17 16:57:12,995 - INFO - 🚀 开始微博监控任务
2026-04-17 16:57:12,995 - INFO - 开始监控账号: 测试账号 (7852949543)
2026-04-17 16:57:12,995 - ERROR - 获取用户信息异常: 'request_delay'
2026-04-17 16:57:16,104 - ERROR - 获取containerid失败: Expecting value: line 1 column 1 (char 0)
2026-04-17 16:57:16,105 - WARNING - ❌ 测试账号 (7852949543): 未获取到微博数据
2026-04-17 16:57:16,105 - INFO - 📊 监控完成: 0/1 成功, 共获取 0 条微博
2026-04-17 20:51:14,065 - INFO - 🚀 开始微博监控任务
2026-04-17 20:51:14,065 - INFO - 开始监控账号: 测试账号 (7852949543)
2026-04-17 20:51:14,065 - ERROR - 获取用户信息异常: 'request_delay'
2026-04-17 20:51:16,766 - ERROR - 获取containerid失败: Expecting value: line 1 column 1 (char 0)
2026-04-17 20:51:16,766 - WARNING - ❌ 测试账号 (7852949543): 未获取到微博数据
2026-04-17 20:51:16,766 - INFO - 📊 监控完成: 0/1 成功, 共获取 0 条微博
2026-04-18 02:43:16,737 - INFO - 🚀 开始微博监控任务
2026-04-18 02:43:16,737 - INFO - 开始监控账号: 测试账号 (7852949543)
2026-04-18 02:43:16,737 - ERROR - 获取用户信息异常: 'request_delay'
2026-04-18 02:43:19,062 - ERROR - 获取containerid失败: Expecting value: line 1 column 1 (char 0)
2026-04-18 02:43:19,062 - WARNING - ❌ 测试账号 (7852949543): 未获取到微博数据
2026-04-18 02:43:19,063 - INFO - 📊 监控完成: 0/1 成功, 共获取 0 条微博
2026-04-18 05:42:45,430 - INFO - 🚀 开始微博监控任务
2026-04-18 05:42:45,430 - INFO - 开始监控账号: 测试账号 (7852949543)
2026-04-18 05:42:45,430 - ERROR - 获取用户信息异常: 'request_delay'
2026-04-18 05:42:50,101 - ERROR - 获取containerid失败: Expecting value: line 1 column 1 (char 0)
2026-04-18 05:42:50,101 - WARNING - ❌ 测试账号 (7852949543): 未获取到微博数据
2026-04-18 05:42:50,101 - INFO - 📊 监控完成: 0/1 成功, 共获取 0 条微博
2026-04-18 08:55:52,659 - INFO - 🚀 开始微博监控任务
2026-04-18 08:55:52,660 - INFO - 开始监控账号: 测试账号 (7852949543)
2026-04-18 08:55:52,660 - ERROR - 获取用户信息异常: 'request_delay'
2026-04-18 08:55:55,499 - ERROR - 获取containerid失败: Expecting value: line 1 column 1 (char 0)
2026-04-18 08:55:55,499 - WARNING - ❌ 测试账号 (7852949543): 未获取到微博数据
2026-04-18 08:55:55,499 - INFO - 📊 监控完成: 0/1 成功, 共获取 0 条微博
2026-04-18 13:09:38,508 - INFO - 🚀 开始微博监控任务
2026-04-18 13:09:38,508 - INFO - 开始监控账号: 测试账号 (7852949543)
2026-04-18 13:09:38,508 - ERROR - 获取用户信息异常: 'request_delay'
2026-04-18 13:09:41,432 - ERROR - 获取containerid失败: Expecting value: line 1 column 1 (char 0)
2026-04-18 13:09:41,433 - WARNING - ❌ 测试账号 (7852949543): 未获取到微博数据
2026-04-18 13:09:41,433 - INFO - 📊 监控完成: 0/1 成功, 共获取 0 条微博
2026-04-18 16:46:49,227 - INFO - 🚀 开始微博监控任务
2026-04-18 16:46:49,227 - INFO - 开始监控账号: 测试账号 (7852949543)
2026-04-18 16:46:49,227 - ERROR - 获取用户信息异常: 'request_delay'
2026-04-18 16:46:52,315 - ERROR - 获取containerid失败: Expecting value: line 1 column 1 (char 0)
2026-04-18 16:46:52,315 - WARNING - ❌ 测试账号 (7852949543): 未获取到微博数据
2026-04-18 16:46:52,315 - INFO - 📊 监控完成: 0/1 成功, 共获取 0 条微博
2026-04-18 20:41:08,004 - INFO - 🚀 开始微博监控任务
2026-04-18 20:41:08,004 - INFO - 开始监控账号: 测试账号 (7852949543)
2026-04-18 20:41:08,004 - ERROR - 获取用户信息异常: 'request_delay'
2026-04-18 20:41:11,715 - ERROR - 获取containerid失败: Expecting value: line 1 column 1 (char 0)
2026-04-18 20:41:11,715 - WARNING - ❌ 测试账号 (7852949543): 未获取到微博数据
2026-04-18 20:41:11,715 - INFO - 📊 监控完成: 0/1 成功, 共获取 0 条微博
2026-04-19 03:17:50,291 - INFO - 🚀 开始微博监控任务
2026-04-19 03:17:50,291 - INFO - 开始监控账号: 测试账号 (7852949543)
2026-04-19 03:17:50,291 - ERROR - 获取用户信息异常: 'request_delay'
2026-04-19 03:17:54,861 - ERROR - 获取containerid失败: Expecting value: line 1 column 1 (char 0)
2026-04-19 03:17:54,862 - WARNING - ❌ 测试账号 (7852949543): 未获取到微博数据
2026-04-19 03:17:54,862 - INFO - 📊 监控完成: 0/1 成功, 共获取 0 条微博
2026-04-19 05:59:56,592 - INFO - 🚀 开始微博监控任务
2026-04-19 05:59:56,593 - INFO - 开始监控账号: 测试账号 (7852949543)
2026-04-19 05:59:56,593 - ERROR - 获取用户信息异常: 'request_delay'
2026-04-19 05:59:59,095 - ERROR - 获取containerid失败: Expecting value: line 1 column 1 (char 0)
2026-04-19 05:59:59,095 - WARNING - ❌ 测试账号 (7852949543): 未获取到微博数据
2026-04-19 05:59:59,096 - INFO - 📊 监控完成: 0/1 成功, 共获取 0 条微博
2026-04-19 08:58:53,332 - INFO - 🚀 开始微博监控任务
2026-04-19 08:58:53,332 - INFO - 开始监控账号: 测试账号 (7852949543)
2026-04-19 08:58:53,332 - ERROR - 获取用户信息异常: 'request_delay'
2026-04-19 08:58:56,981 - ERROR - 获取containerid失败: Expecting value: line 1 column 1 (char 0)
2026-04-19 08:58:56,981 - WARNING - ❌ 测试账号 (7852949543): 未获取到微博数据
2026-04-19 08:58:56,981 - INFO - 📊 监控完成: 0/1 成功, 共获取 0 条微博
2026-04-19 13:08:56,346 - INFO - 🚀 开始微博监控任务
2026-04-19 13:08:56,347 - INFO - 开始监控账号: 测试账号 (7852949543)
2026-04-19 13:08:56,347 - ERROR - 获取用户信息异常: 'request_delay'
2026-04-19 13:08:59,506 - ERROR - 获取containerid失败: Expecting value: line 1 column 1 (char 0)
2026-04-19 13:08:59,506 - WARNING - ❌ 测试账号 (7852949543): 未获取到微博数据
2026-04-19 13:08:59,506 - INFO - 📊 监控完成: 0/1 成功, 共获取 0 条微博
2026-04-19 16:46:20,213 - INFO - 🚀 开始微博监控任务
2026-04-19 16:46:20,213 - INFO - 开始监控账号: 测试账号 (7852949543)
2026-04-19 16:46:20,213 - ERROR - 获取用户信息异常: 'request_delay'
2026-04-19 16:46:23,037 - ERROR - 获取containerid失败: Expecting value: line 1 column 1 (char 0)
2026-04-19 16:46:23,038 - WARNING - ❌ 测试账号 (7852949543): 未获取到微博数据
2026-04-19 16:46:23,038 - INFO - 📊 监控完成: 0/1 成功, 共获取 0 条微博
2026-04-19 20:42:20,666 - INFO - 🚀 开始微博监控任务
2026-04-19 20:42:20,666 - INFO - 开始监控账号: 测试账号 (7852949543)
2026-04-19 20:42:20,666 - ERROR - 获取用户信息异常: 'request_delay'
2026-04-19 20:42:25,051 - ERROR - 获取containerid失败: Expecting value: line 1 column 1 (char 0)
2026-04-19 20:42:25,051 - WARNING - ❌ 测试账号 (7852949543): 未获取到微博数据
2026-04-19 20:42:25,052 - INFO - 📊 监控完成: 0/1 成功, 共获取 0 条微博
2026-04-20 03:19:58,588 - INFO - 🚀 开始微博监控任务
2026-04-20 03:19:58,589 - INFO - 开始监控账号: 测试账号 (7852949543)
2026-04-20 03:19:58,589 - ERROR - 获取用户信息异常: 'request_delay'
2026-04-20 03:20:02,151 - ERROR - 获取containerid失败: Expecting value: line 1 column 1 (char 0)
2026-04-20 03:20:02,151 - WARNING - ❌ 测试账号 (7852949543): 未获取到微博数据
2026-04-20 03:20:02,151 - INFO - 📊 监控完成: 0/1 成功, 共获取 0 条微博
2026-04-20 06:18:15,312 - INFO - 🚀 开始微博监控任务
2026-04-20 06:18:15,312 - INFO - 开始监控账号: 测试账号 (7852949543)
2026-04-20 06:18:15,312 - ERROR - 获取用户信息异常: 'request_delay'
2026-04-20 06:18:19,247 - ERROR - 获取containerid失败: Expecting value: line 1 column 1 (char 0)
2026-04-20 06:18:19,247 - WARNING - ❌ 测试账号 (7852949543): 未获取到微博数据
2026-04-20 06:18:19,247 - INFO - 📊 监控完成: 0/1 成功, 共获取 0 条微博
2026-04-20 10:01:34,511 - INFO - 🚀 开始微博监控任务
2026-04-20 10:01:34,511 - INFO - 开始监控账号: 测试账号 (7852949543)
2026-04-20 10:01:34,511 - ERROR - 获取用户信息异常: 'request_delay'
2026-04-20 10:01:38,797 - ERROR - 获取containerid失败: Expecting value: line 1 column 1 (char 0)
2026-04-20 10:01:38,797 - WARNING - ❌ 测试账号 (7852949543): 未获取到微博数据
2026-04-20 10:01:38,798 - INFO - 📊 监控完成: 0/1 成功, 共获取 0 条微博
2026-04-20 13:49:45,452 - INFO - 🚀 开始微博监控任务
2026-04-20 13:49:45,452 - INFO - 开始监控账号: 测试账号 (7852949543)
2026-04-20 13:49:45,452 - ERROR - 获取用户信息异常: 'request_delay'
2026-04-20 13:49:48,270 - ERROR - 获取containerid失败: Expecting value: line 1 column 1 (char 0)
2026-04-20 13:49:48,270 - WARNING - ❌ 测试账号 (7852949543): 未获取到微博数据
2026-04-20 13:49:48,270 - INFO - 📊 监控完成: 0/1 成功, 共获取 0 条微博
2026-04-20 17:07:56,506 - INFO - 🚀 开始微博监控任务
2026-04-20 17:07:56,506 - INFO - 开始监控账号: 测试账号 (7852949543)
2026-04-20 17:07:56,506 - ERROR - 获取用户信息异常: 'request_delay'
2026-04-20 17:07:58,927 - ERROR - 获取containerid失败: Expecting value: line 1 column 1 (char 0)
2026-04-20 17:07:58,927 - WARNING - ❌ 测试账号 (7852949543): 未获取到微博数据
2026-04-20 17:07:58,928 - INFO - 📊 监控完成: 0/1 成功, 共获取 0 条微博
2026-04-20 20:52:44,216 - INFO - 🚀 开始微博监控任务
2026-04-20 20:52:44,217 - INFO - 开始监控账号: 测试账号 (7852949543)
2026-04-20 20:52:44,217 - ERROR - 获取用户信息异常: 'request_delay'
2026-04-20 20:52:47,434 - ERROR - 获取containerid失败: Expecting value: line 1 column 1 (char 0)
2026-04-20 20:52:47,435 - WARNING - ❌ 测试账号 (7852949543): 未获取到微博数据
2026-04-20 20:52:47,435 - INFO - 📊 监控完成: 0/1 成功, 共获取 0 条微博
2026-04-21 02:53:17,705 - INFO - 🚀 开始微博监控任务
2026-04-21 02:53:17,705 - INFO - 开始监控账号: 测试账号 (7852949543)
2026-04-21 02:53:17,705 - ERROR - 获取用户信息异常: 'request_delay'
2026-04-21 02:53:21,017 - ERROR - 获取containerid失败: Expecting value: line 1 column 1 (char 0)
2026-04-21 02:53:21,017 - WARNING - ❌ 测试账号 (7852949543): 未获取到微博数据
2026-04-21 02:53:21,018 - INFO - 📊 监控完成: 0/1 成功, 共获取 0 条微博
2026-04-21 06:04:37,233 - INFO - 🚀 开始微博监控任务
2026-04-21 06:04:37,233 - INFO - 开始监控账号: 测试账号 (7852949543)
2026-04-21 06:04:37,233 - ERROR - 获取用户信息异常: 'request_delay'
2026-04-21 06:04:40,115 - ERROR - 获取containerid失败: Expecting value: line 1 column 1 (char 0)
2026-04-21 06:04:40,116 - WARNING - ❌ 测试账号 (7852949543): 未获取到微博数据
2026-04-21 06:04:40,116 - INFO - 📊 监控完成: 0/1 成功, 共获取 0 条微博
2026-04-21 09:43:08,134 - INFO - 🚀 开始微博监控任务
2026-04-21 09:43:08,134 - INFO - 开始监控账号: 测试账号 (7852949543)
2026-04-21 09:43:08,134 - ERROR - 获取用户信息异常: 'request_delay'
2026-04-21 09:43:10,351 - ERROR - 获取containerid失败: Expecting value: line 1 column 1 (char 0)
2026-04-21 09:43:10,351 - WARNING - ❌ 测试账号 (7852949543): 未获取到微博数据
2026-04-21 09:43:10,352 - INFO - 📊 监控完成: 0/1 成功, 共获取 0 条微博
2026-04-21 13:50:21,374 - INFO - 🚀 开始微博监控任务
2026-04-21 13:50:21,374 - INFO - 开始监控账号: 测试账号 (7852949543)
2026-04-21 13:50:21,375 - ERROR - 获取用户信息异常: 'request_delay'
2026-04-21 13:50:24,839 - ERROR - 获取containerid失败: Expecting value: line 1 column 1 (char 0)
2026-04-21 13:50:24,839 - WARNING - ❌ 测试账号 (7852949543): 未获取到微博数据
2026-04-21 13:50:24,840 - INFO - 📊 监控完成: 0/1 成功, 共获取 0 条微博
2026-04-21 17:07:36,792 - INFO - 🚀 开始微博监控任务
2026-04-21 17:07:36,792 - INFO - 开始监控账号: 测试账号 (7852949543)
2026-04-21 17:07:36,792 - ERROR - 获取用户信息异常: 'request_delay'
2026-04-21 17:07:39,329 - ERROR - 获取containerid失败: Expecting value: line 1 column 1 (char 0)
2026-04-21 17:07:39,329 - WARNING - ❌ 测试账号 (7852949543): 未获取到微博数据
2026-04-21 17:07:39,329 - INFO - 📊 监控完成: 0/1 成功, 共获取 0 条微博
2026-04-21 20:57:11,224 - INFO - 🚀 开始微博监控任务
2026-04-21 20:57:11,224 - INFO - 开始监控账号: 测试账号 (7852949543)
2026-04-21 20:57:11,224 - ERROR - 获取用户信息异常: 'request_delay'
2026-04-21 20:57:13,647 - ERROR - 获取containerid失败: Expecting value: line 1 column 1 (char 0)
2026-04-21 20:57:13,647 - WARNING - ❌ 测试账号 (7852949543): 未获取到微博数据
2026-04-21 20:57:13,648 - INFO - 📊 监控完成: 0/1 成功, 共获取 0 条微博
2026-04-22 02:51:57,000 - INFO - 🚀 开始微博监控任务
2026-04-22 02:51:57,000 - INFO - 开始监控账号: 测试账号 (7852949543)
2026-04-22 02:51:57,000 - ERROR - 获取用户信息异常: 'request_delay'
2026-04-22 02:51:59,546 - ERROR - 获取containerid失败: Expecting value: line 1 column 1 (char 0)
2026-04-22 02:51:59,546 - WARNING - ❌ 测试账号 (7852949543): 未获取到微博数据
2026-04-22 02:51:59,546 - INFO - 📊 监控完成: 0/1 成功, 共获取 0 条微博
2026-04-22 06:02:07,965 - INFO - 🚀 开始微博监控任务
2026-04-22 06:02:07,966 - INFO - 开始监控账号: 测试账号 (7852949543)
2026-04-22 06:02:07,966 - ERROR - 获取用户信息异常: 'request_delay'
2026-04-22 06:02:11,188 - ERROR - 获取containerid失败: Expecting value: line 1 column 1 (char 0)
2026-04-22 06:02:11,188 - WARNING - ❌ 测试账号 (7852949543): 未获取到微博数据
2026-04-22 06:02:11,189 - INFO - 📊 监控完成: 0/1 成功, 共获取 0 条微博
2026-04-22 09:24:46,487 - INFO - 🚀 开始微博监控任务
2026-04-22 09:24:46,487 - INFO - 开始监控账号: 测试账号 (7852949543)
2026-04-22 09:24:46,487 - ERROR - 获取用户信息异常: 'request_delay'
2026-04-22 09:24:49,887 - ERROR - 获取containerid失败: Expecting value: line 1 column 1 (char 0)
2026-04-22 09:24:49,887 - WARNING - ❌ 测试账号 (7852949543): 未获取到微博数据
2026-04-22 09:24:49,888 - INFO - 📊 监控完成: 0/1 成功, 共获取 0 条微博
2026-04-22 13:50:17,614 - INFO - 🚀 开始微博监控任务
2026-04-22 13:50:17,614 - INFO - 开始监控账号: 测试账号 (7852949543)
2026-04-22 13:50:17,614 - ERROR - 获取用户信息异常: 'request_delay'
2026-04-22 13:50:20,091 - ERROR - 获取containerid失败: Expecting value: line 1 column 1 (char 0)
2026-04-22 13:50:20,091 - WARNING - ❌ 测试账号 (7852949543): 未获取到微博数据
2026-04-22 13:50:20,091 - INFO - 📊 监控完成: 0/1 成功, 共获取 0 条微博
2026-04-22 17:05:52,755 - INFO - 🚀 开始微博监控任务
2026-04-22 17:05:52,755 - INFO - 开始监控账号: 测试账号 (7852949543)
2026-04-22 17:05:52,755 - ERROR - 获取用户信息异常: 'request_delay'
2026-04-22 17:05:55,069 - ERROR - 获取containerid失败: Expecting value: line 1 column 1 (char 0)
2026-04-22 17:05:55,069 - WARNING - ❌ 测试账号 (7852949543): 未获取到微博数据
2026-04-22 17:05:55,069 - INFO - 📊 监控完成: 0/1 成功, 共获取 0 条微博
2026-04-22 20:59:38,061 - INFO - 🚀 开始微博监控任务
2026-04-22 20:59:38,061 - INFO - 开始监控账号: 测试账号 (7852949543)
2026-04-22 20:59:38,061 - ERROR - 获取用户信息异常: 'request_delay'
2026-04-22 20:59:42,006 - ERROR - 获取containerid失败: Expecting value: line 1 column 1 (char 0)
2026-04-22 20:59:42,006 - WARNING - ❌ 测试账号 (7852949543): 未获取到微博数据
2026-04-22 20:59:42,006 - INFO - 📊 监控完成: 0/1 成功, 共获取 0 条微博
2026-04-23 02:54:52,649 - INFO - 🚀 开始微博监控任务
2026-04-23 02:54:52,650 - INFO - 开始监控账号: 测试账号 (7852949543)
2026-04-23 02:54:52,650 - ERROR - 获取用户信息异常: 'request_delay'
2026-04-23 02:54:55,439 - ERROR - 获取containerid失败: Expecting value: line 1 column 1 (char 0)
2026-04-23 02:54:55,439 - WARNING - ❌ 测试账号 (7852949543): 未获取到微博数据
2026-04-23 02:54:55,439 - INFO - 📊 监控完成: 0/1 成功, 共获取 0 条微博
2026-04-23 06:07:51,021 - INFO - 🚀 开始微博监控任务
2026-04-23 06:07:51,021 - INFO - 开始监控账号: 测试账号 (7852949543)
2026-04-23 06:07:51,021 - ERROR - 获取用户信息异常: 'request_delay'
2026-04-23 06:07:53,556 - ERROR - 获取containerid失败: Expecting value: line 1 column 1 (char 0)
2026-04-23 06:07:53,556 - WARNING - ❌ 测试账号 (7852949543): 未获取到微博数据
2026-04-23 06:07:53,556 - INFO - 📊 监控完成: 0/1 成功, 共获取 0 条微博
2026-04-23 09:47:34,307 - INFO - 🚀 开始微博监控任务
2026-04-23 09:47:34,307 - INFO - 开始监控账号: 测试账号 (7852949543)
2026-04-23 09:47:34,307 - ERROR - 获取用户信息异常: 'request_delay'
2026-04-23 09:47:37,344 - ERROR - 获取containerid失败: Expecting value: line 1 column 1 (char 0)
2026-04-23 09:47:37,344 - WARNING - ❌ 测试账号 (7852949543): 未获取到微博数据
2026-04-23 09:47:37,345 - INFO - 📊 监控完成: 0/1 成功, 共获取 0 条微博
2026-04-23 13:52:47,389 - INFO - 🚀 开始微博监控任务
2026-04-23 13:52:47,389 - INFO - 开始监控账号: 测试账号 (7852949543)
2026-04-23 13:52:47,389 - ERROR - 获取用户信息异常: 'request_delay'
2026-04-23 13:52:50,142 - ERROR - 获取containerid失败: Expecting value: line 1 column 1 (char 0)
2026-04-23 13:52:50,142 - WARNING - ❌ 测试账号 (7852949543): 未获取到微博数据
2026-04-23 13:52:50,142 - INFO - 📊 监控完成: 0/1 成功, 共获取 0 条微博
2026-04-23 17:23:47,825 - INFO - 🚀 开始微博监控任务
2026-04-23 17:23:47,826 - INFO - 开始监控账号: 测试账号 (7852949543)
2026-04-23 17:23:47,826 - ERROR - 获取用户信息异常: 'request_delay'
2026-04-23 17:23:51,199 - ERROR - 获取containerid失败: Expecting value: line 1 column 1 (char 0)
2026-04-23 17:23:51,199 - WARNING - ❌ 测试账号 (7852949543): 未获取到微博数据
2026-04-23 17:23:51,345 - INFO - 📊 监控完成: 0/1 成功, 共获取 0 条微博
2026-04-23 20:56:42,563 - INFO - 🚀 开始微博监控任务
2026-04-23 20:56:42,563 - INFO - 开始监控账号: 测试账号 (7852949543)
2026-04-23 20:56:42,564 - ERROR - 获取用户信息异常: 'request_delay'
2026-04-23 20:56:45,449 - ERROR - 获取containerid失败: Expecting value: line 1 column 1 (char 0)
2026-04-23 20:56:45,449 - WARNING - ❌ 测试账号 (7852949543): 未获取到微博数据
2026-04-23 20:56:45,450 - INFO - 📊 监控完成: 0/1 成功, 共获取 0 条微博
2026-04-24 02:56:03,920 - INFO - 🚀 开始微博监控任务
2026-04-24 02:56:03,920 - INFO - 开始监控账号: 测试账号 (7852949543)
2026-04-24 02:56:03,921 - ERROR - 获取用户信息异常: 'request_delay'
2026-04-24 02:56:06,963 - ERROR - 获取containerid失败: Expecting value: line 1 column 1 (char 0)
2026-04-24 02:56:06,964 - WARNING - ❌ 测试账号 (7852949543): 未获取到微博数据
2026-04-24 02:56:06,964 - INFO - 📊 监控完成: 0/1 成功, 共获取 0 条微博
2026-04-24 06:09:51,574 - INFO - 🚀 开始微博监控任务
2026-04-24 06:09:51,574 - INFO - 开始监控账号: 测试账号 (7852949543)
2026-04-24 06:09:51,574 - ERROR - 获取用户信息异常: 'request_delay'
2026-04-24 06:09:54,877 - ERROR - 获取containerid失败: Expecting value: line 1 column 1 (char 0)
2026-04-24 06:09:54,878 - WARNING - ❌ 测试账号 (7852949543): 未获取到微博数据
2026-04-24 06:09:54,878 - INFO - 📊 监控完成: 0/1 成功, 共获取 0 条微博
2026-04-24 09:47:46,881 - INFO - 🚀 开始微博监控任务
2026-04-24 09:47:46,881 - INFO - 开始监控账号: 测试账号 (7852949543)
2026-04-24 09:47:46,881 - ERROR - 获取用户信息异常: 'request_delay'
2026-04-24 09:47:50,888 - ERROR - 获取containerid失败: Expecting value: line 1 column 1 (char 0)
2026-04-24 09:47:50,888 - WARNING - ❌ 测试账号 (7852949543): 未获取到微博数据
2026-04-24 09:47:50,889 - INFO - 📊 监控完成: 0/1 成功, 共获取 0 条微博
2026-04-24 13:43:15,304 - INFO - 🚀 开始微博监控任务
2026-04-24 13:43:15,304 - INFO - 开始监控账号: 测试账号 (7852949543)
2026-04-24 13:43:15,304 - ERROR - 获取用户信息异常: 'request_delay'
2026-04-24 13:43:19,942 - ERROR - 获取containerid失败: Expecting value: line 1 column 1 (char 0)
2026-04-24 13:43:19,942 - WARNING - ❌ 测试账号 (7852949543): 未获取到微博数据
2026-04-24 13:43:19,943 - INFO - 📊 监控完成: 0/1 成功, 共获取 0 条微博
2026-04-24 17:01:34,499 - INFO - 🚀 开始微博监控任务
2026-04-24 17:01:34,499 - INFO - 开始监控账号: 测试账号 (7852949543)
2026-04-24 17:01:34,500 - ERROR - 获取用户信息异常: 'request_delay'
2026-04-24 17:01:36,755 - ERROR - 获取containerid失败: Expecting value: line 1 column 1 (char 0)
2026-04-24 17:01:36,755 - WARNING - ❌ 测试账号 (7852949543): 未获取到微博数据
2026-04-24 17:01:36,755 - INFO - 📊 监控完成: 0/1 成功, 共获取 0 条微博
2026-04-24 20:54:19,347 - INFO - 🚀 开始微博监控任务
2026-04-24 20:54:19,347 - INFO - 开始监控账号: 测试账号 (7852949543)
2026-04-24 20:54:19,347 - ERROR - 获取用户信息异常: 'request_delay'
2026-04-24 20:54:22,631 - ERROR - 获取containerid失败: Expecting value: line 1 column 1 (char 0)
2026-04-24 20:54:22,631 - WARNING - ❌ 测试账号 (7852949543): 未获取到微博数据
2026-04-24 20:54:22,632 - INFO - 📊 监控完成: 0/1 成功, 共获取 0 条微博
2026-04-25 02:45:27,080 - INFO - 🚀 开始微博监控任务
2026-04-25 02:45:27,081 - INFO - 开始监控账号: 测试账号 (7852949543)
2026-04-25 02:45:27,081 - ERROR - 获取用户信息异常: 'request_delay'
2026-04-25 02:45:29,778 - ERROR - 获取containerid失败: Expecting value: line 1 column 1 (char 0)
2026-04-25 02:45:29,778 - WARNING - ❌ 测试账号 (7852949543): 未获取到微博数据
2026-04-25 02:45:29,778 - INFO - 📊 监控完成: 0/1 成功, 共获取 0 条微博
2026-04-25 05:49:52,048 - INFO - 🚀 开始微博监控任务
2026-04-25 05:49:52,048 - INFO - 开始监控账号: 测试账号 (7852949543)
2026-04-25 05:49:52,048 - ERROR - 获取用户信息异常: 'request_delay'
2026-04-25 05:49:54,758 - ERROR - 获取containerid失败: Expecting value: line 1 column 1 (char 0)
2026-04-25 05:49:54,758 - WARNING - ❌ 测试账号 (7852949543): 未获取到微博数据
2026-04-25 05:49:54,837 - INFO - 📊 监控完成: 0/1 成功, 共获取 0 条微博
2026-04-25 08:57:42,735 - INFO - 🚀 开始微博监控任务
2026-04-25 08:57:42,736 - INFO - 开始监控账号: 测试账号 (7852949543)
2026-04-25 08:57:42,736 - ERROR - 获取用户信息异常: 'request_delay'
2026-04-25 08:57:46,899 - ERROR - 获取containerid失败: Expecting value: line 1 column 1 (char 0)
2026-04-25 08:57:46,900 - WARNING - ❌ 测试账号 (7852949543): 未获取到微博数据
2026-04-25 08:57:46,900 - INFO - 📊 监控完成: 0/1 成功, 共获取 0 条微博
2026-04-25 13:12:18,129 - INFO - 🚀 开始微博监控任务
2026-04-25 13:12:18,129 - INFO - 开始监控账号: 测试账号 (7852949543)
2026-04-25 13:12:18,129 - ERROR - 获取用户信息异常: 'request_delay'
2026-04-25 13:12:20,597 - ERROR - 获取containerid失败: Expecting value: line 1 column 1 (char 0)
2026-04-25 13:12:20,597 - WARNING - ❌ 测试账号 (7852949543): 未获取到微博数据
2026-04-25 13:12:20,598 - INFO - 📊 监控完成: 0/1 成功, 共获取 0 条微博
2026-04-25 16:49:40,530 - INFO - 🚀 开始微博监控任务
2026-04-25 16:49:40,531 - INFO - 开始监控账号: 测试账号 (7852949543)
2026-04-25 16:49:40,531 - ERROR - 获取用户信息异常: 'request_delay'
2026-04-25 16:49:43,521 - ERROR - 获取containerid失败: Expecting value: line 1 column 1 (char 0)
2026-04-25 16:49:43,521 - WARNING - ❌ 测试账号 (7852949543): 未获取到微博数据
2026-04-25 16:49:43,522 - INFO - 📊 监控完成: 0/1 成功, 共获取 0 条微博
2026-04-25 20:42:42,403 - INFO - 🚀 开始微博监控任务
2026-04-25 20:42:42,403 - INFO - 开始监控账号: 测试账号 (7852949543)
2026-04-25 20:42:42,403 - ERROR - 获取用户信息异常: 'request_delay'
2026-04-25 20:42:47,050 - ERROR - 获取containerid失败: Expecting value: line 1 column 1 (char 0)
2026-04-25 20:42:47,051 - WARNING - ❌ 测试账号 (7852949543): 未获取到微博数据
2026-04-25 20:42:47,051 - INFO - 📊 监控完成: 0/1 成功, 共获取 0 条微博
2026-04-26 03:22:22,890 - INFO - 🚀 开始微博监控任务
2026-04-26 03:22:22,890 - INFO - 开始监控账号: 测试账号 (7852949543)
2026-04-26 03:22:22,891 - ERROR - 获取用户信息异常: 'request_delay'
2026-04-26 03:22:26,928 - ERROR - 获取containerid失败: Expecting value: line 1 column 1 (char 0)
2026-04-26 03:22:26,928 - WARNING - ❌ 测试账号 (7852949543): 未获取到微博数据
2026-04-26 03:22:26,929 - INFO - 📊 监控完成: 0/1 成功, 共获取 0 条微博
2026-04-26 06:09:04,651 - INFO - 🚀 开始微博监控任务
2026-04-26 06:09:04,651 - INFO - 开始监控账号: 测试账号 (7852949543)
2026-04-26 06:09:04,651 - ERROR - 获取用户信息异常: 'request_delay'
2026-04-26 06:09:08,557 - ERROR - 获取containerid失败: Expecting value: line 1 column 1 (char 0)
2026-04-26 06:09:08,557 - WARNING - ❌ 测试账号 (7852949543): 未获取到微博数据
2026-04-26 06:09:08,557 - INFO - 📊 监控完成: 0/1 成功, 共获取 0 条微博
2026-04-26 09:05:43,870 - INFO - 🚀 开始微博监控任务
2026-04-26 09:05:43,870 - INFO - 开始监控账号: 测试账号 (7852949543)
2026-04-26 09:05:43,870 - ERROR - 获取用户信息异常: 'request_delay'
2026-04-26 09:05:46,183 - ERROR - 获取containerid失败: Expecting value: line 1 column 1 (char 0)
2026-04-26 09:05:46,183 - WARNING - ❌ 测试账号 (7852949543): 未获取到微博数据
2026-04-26 09:05:46,183 - INFO - 📊 监控完成: 0/1 成功, 共获取 0 条微博
2026-04-26 13:14:29,122 - INFO - 🚀 开始微博监控任务
2026-04-26 13:14:29,122 - INFO - 开始监控账号: 测试账号 (7852949543)
2026-04-26 13:14:29,122 - ERROR - 获取用户信息异常: 'request_delay'
2026-04-26 13:14:32,341 - ERROR - 获取containerid失败: Expecting value: line 1 column 1 (char 0)
2026-04-26 13:14:32,341 - WARNING - ❌ 测试账号 (7852949543): 未获取到微博数据
2026-04-26 13:14:32,341 - INFO - 📊 监控完成: 0/1 成功, 共获取 0 条微博
2026-04-26 16:50:16,097 - INFO - 🚀 开始微博监控任务
2026-04-26 16:50:16,097 - INFO - 开始监控账号: 测试账号 (7852949543)
2026-04-26 16:50:16,097 - ERROR - 获取用户信息异常: 'request_delay'
2026-04-26 16:50:19,758 - ERROR - 获取containerid失败: Expecting value: line 1 column 1 (char 0)
2026-04-26 16:50:19,758 - WARNING - ❌ 测试账号 (7852949543): 未获取到微博数据
2026-04-26 16:50:19,759 - INFO - 📊 监控完成: 0/1 成功, 共获取 0 条微博
2026-04-26 20:42:51,091 - INFO - 🚀 开始微博监控任务
2026-04-26 20:42:51,091 - INFO - 开始监控账号: 测试账号 (7852949543)
2026-04-26 20:42:51,091 - ERROR - 获取用户信息异常: 'request_delay'
2026-04-26 20:42:53,920 - ERROR - 获取containerid失败: Expecting value: line 1 column 1 (char 0)
2026-04-26 20:42:53,920 - WARNING - ❌ 测试账号 (7852949543): 未获取到微博数据
2026-04-26 20:42:53,921 - INFO - 📊 监控完成: 0/1 成功, 共获取 0 条微博
2026-04-27 03:27:05,843 - INFO - 🚀 开始微博监控任务
2026-04-27 03:27:05,843 - INFO - 开始监控账号: 测试账号 (7852949543)
2026-04-27 03:27:05,843 - ERROR - 获取用户信息异常: 'request_delay'
2026-04-27 03:27:08,617 - ERROR - 获取containerid失败: Expecting value: line 1 column 1 (char 0)
2026-04-27 03:27:08,617 - WARNING - ❌ 测试账号 (7852949543): 未获取到微博数据
2026-04-27 03:27:08,617 - INFO - 📊 监控完成: 0/1 成功, 共获取 0 条微博
2026-04-27 06:30:16,070 - INFO - 🚀 开始微博监控任务
2026-04-27 06:30:16,070 - INFO - 开始监控账号: 测试账号 (7852949543)
2026-04-27 06:30:16,070 - ERROR - 获取用户信息异常: 'request_delay'
2026-04-27 06:30:19,400 - ERROR - 获取containerid失败: Expecting value: line 1 column 1 (char 0)
2026-04-27 06:30:19,400 - WARNING - ❌ 测试账号 (7852949543): 未获取到微博数据
2026-04-27 06:30:19,400 - INFO - 📊 监控完成: 0/1 成功, 共获取 0 条微博
2026-04-27 10:20:48,100 - INFO - 🚀 开始微博监控任务
2026-04-27 10:20:48,100 - INFO - 开始监控账号: 测试账号 (7852949543)
2026-04-27 10:20:48,100 - ERROR - 获取用户信息异常: 'request_delay'
2026-04-27 10:20:50,857 - ERROR - 获取containerid失败: Expecting value: line 1 column 1 (char 0)
2026-04-27 10:20:50,858 - WARNING - ❌ 测试账号 (7852949543): 未获取到微博数据
2026-04-27 10:20:50,858 - INFO - 📊 监控完成: 0/1 成功, 共获取 0 条微博
2026-04-27 14:02:21,055 - INFO - 🚀 开始微博监控任务
2026-04-27 14:02:21,055 - INFO - 开始监控账号: 测试账号 (7852949543)
2026-04-27 14:02:21,056 - ERROR - 获取用户信息异常: 'request_delay'
2026-04-27 14:02:24,298 - ERROR - 获取containerid失败: Expecting value: line 1 column 1 (char 0)
2026-04-27 14:02:24,298 - WARNING - ❌ 测试账号 (7852949543): 未获取到微博数据
2026-04-27 14:02:24,299 - INFO - 📊 监控完成: 0/1 成功, 共获取 0 条微博
2026-04-27 17:25:26,979 - INFO - 🚀 开始微博监控任务
2026-04-27 17:25:26,980 - INFO - 开始监控账号: 测试账号 (7852949543)
2026-04-27 17:25:26,980 - ERROR - 获取用户信息异常: 'request_delay'
2026-04-27 17:25:30,912 - ERROR - 获取containerid失败: Expecting value: line 1 column 1 (char 0)
2026-04-27 17:25:30,912 - WARNING - ❌ 测试账号 (7852949543): 未获取到微博数据
2026-04-27 17:25:30,912 - INFO - 📊 监控完成: 0/1 成功, 共获取 0 条微博
2026-04-27 21:06:13,481 - INFO - 🚀 开始微博监控任务
2026-04-27 21:06:13,481 - INFO - 开始监控账号: 测试账号 (7852949543)
2026-04-27 21:06:13,481 - ERROR - 获取用户信息异常: 'request_delay'
2026-04-27 21:06:16,847 - ERROR - 获取containerid失败: Expecting value: line 1 column 1 (char 0)
2026-04-27 21:06:16,847 - WARNING - ❌ 测试账号 (7852949543): 未获取到微博数据
2026-04-27 21:06:16,848 - INFO - 📊 监控完成: 0/1 成功, 共获取 0 条微博
2026-04-28 03:32:52,404 - INFO - 🚀 开始微博监控任务
2026-04-28 03:32:52,404 - INFO - 开始监控账号: 测试账号 (7852949543)
2026-04-28 03:32:52,404 - ERROR - 获取用户信息异常: 'request_delay'
2026-04-28 03:32:54,608 - ERROR - 获取containerid失败: Expecting value: line 1 column 1 (char 0)
2026-04-28 03:32:54,608 - WARNING - ❌ 测试账号 (7852949543): 未获取到微博数据
2026-04-28 03:32:54,609 - INFO - 📊 监控完成: 0/1 成功, 共获取 0 条微博
2026-04-28 06:32:31,589 - INFO - 🚀 开始微博监控任务
2026-04-28 06:32:31,589 - INFO - 开始监控账号: 测试账号 (7852949543)
2026-04-28 06:32:31,589 - ERROR - 获取用户信息异常: 'request_delay'
2026-04-28 06:32:33,909 - ERROR - 获取containerid失败: Expecting value: line 1 column 1 (char 0)
2026-04-28 06:32:33,909 - WARNING - ❌ 测试账号 (7852949543): 未获取到微博数据
2026-04-28 06:32:33,909 - INFO - 📊 监控完成: 0/1 成功, 共获取 0 条微博
2026-04-28 10:18:37,393 - INFO - 🚀 开始微博监控任务
2026-04-28 10:18:37,393 - INFO - 开始监控账号: 测试账号 (7852949543)
2026-04-28 10:18:37,393 - ERROR - 获取用户信息异常: 'request_delay'
2026-04-28 10:18:41,658 - ERROR - 获取containerid失败: Expecting value: line 1 column 1 (char 0)
2026-04-28 10:18:41,658 - WARNING - ❌ 测试账号 (7852949543): 未获取到微博数据
2026-04-28 10:18:41,659 - INFO - 📊 监控完成: 0/1 成功, 共获取 0 条微博
2026-04-28 14:20:21,918 - INFO - 🚀 开始微博监控任务
2026-04-28 14:20:21,918 - INFO - 开始监控账号: 测试账号 (7852949543)
2026-04-28 14:20:21,918 - ERROR - 获取用户信息异常: 'request_delay'
2026-04-28 14:20:24,675 - ERROR - 获取containerid失败: Expecting value: line 1 column 1 (char 0)
2026-04-28 14:20:24,676 - WARNING - ❌ 测试账号 (7852949543): 未获取到微博数据
2026-04-28 14:20:24,676 - INFO - 📊 监控完成: 0/1 成功, 共获取 0 条微博
2026-04-28 17:48:48,732 - INFO - 🚀 开始微博监控任务
2026-04-28 17:48:48,733 - INFO - 开始监控账号: 测试账号 (7852949543)
2026-04-28 17:48:48,733 - ERROR - 获取用户信息异常: 'request_delay'
2026-04-28 17:48:55,712 - ERROR - 获取containerid失败: Expecting value: line 1 column 1 (char 0)
2026-04-28 17:48:55,712 - WARNING - ❌ 测试账号 (7852949543): 未获取到微博数据
2026-04-28 17:48:55,713 - INFO - 📊 监控完成: 0/1 成功, 共获取 0 条微博
2026-04-28 21:09:52,189 - INFO - 🚀 开始微博监控任务
2026-04-28 21:09:52,190 - INFO - 开始监控账号: 测试账号 (7852949543)
2026-04-28 21:09:52,190 - ERROR - 获取用户信息异常: 'request_delay'
2026-04-28 21:09:54,785 - ERROR - 获取containerid失败: Expecting value: line 1 column 1 (char 0)
2026-04-28 21:09:54,785 - WARNING - ❌ 测试账号 (7852949543): 未获取到微博数据
2026-04-28 21:09:54,785 - INFO - 📊 监控完成: 0/1 成功, 共获取 0 条微博
2026-04-29 03:31:01,752 - INFO - 🚀 开始微博监控任务
2026-04-29 03:31:01,752 - INFO - 开始监控账号: 测试账号 (7852949543)
2026-04-29 03:31:01,752 - ERROR - 获取用户信息异常: 'request_delay'
2026-04-29 03:31:04,213 - ERROR - 获取containerid失败: Expecting value: line 1 column 1 (char 0)
2026-04-29 03:31:04,213 - WARNING - ❌ 测试账号 (7852949543): 未获取到微博数据
2026-04-29 03:31:04,213 - INFO - 📊 监控完成: 0/1 成功, 共获取 0 条微博
2026-04-29 06:26:34,356 - INFO - 🚀 开始微博监控任务
2026-04-29 06:26:34,356 - INFO - 开始监控账号: 测试账号 (7852949543)
2026-04-29 06:26:34,356 - ERROR - 获取用户信息异常: 'request_delay'
2026-04-29 06:26:37,747 - ERROR - 获取containerid失败: Expecting value: line 1 column 1 (char 0)
2026-04-29 06:26:37,747 - WARNING - ❌ 测试账号 (7852949543): 未获取到微博数据
2026-04-29 06:26:37,748 - INFO - 📊 监控完成: 0/1 成功, 共获取 0 条微博
2026-04-29 10:08:40,808 - INFO - 🚀 开始微博监控任务
2026-04-29 10:08:40,808 - INFO - 开始监控账号: 测试账号 (7852949543)
2026-04-29 10:08:40,808 - ERROR - 获取用户信息异常: 'request_delay'
2026-04-29 10:08:43,852 - ERROR - 获取containerid失败: Expecting value: line 1 column 1 (char 0)
2026-04-29 10:08:43,852 - WARNING - ❌ 测试账号 (7852949543): 未获取到微博数据
2026-04-29 10:08:43,852 - INFO - 📊 监控完成: 0/1 成功, 共获取 0 条微博
2026-04-29 14:06:27,192 - INFO - 🚀 开始微博监控任务
2026-04-29 14:06:27,192 - INFO - 开始监控账号: 测试账号 (7852949543)
2026-04-29 14:06:27,192 - ERROR - 获取用户信息异常: 'request_delay'
2026-04-29 14:06:30,658 - ERROR - 获取containerid失败: Expecting value: line 1 column 1 (char 0)
2026-04-29 14:06:30,658 - WARNING - ❌ 测试账号 (7852949543): 未获取到微博数据
2026-04-29 14:06:30,658 - INFO - 📊 监控完成: 0/1 成功, 共获取 0 条微博
2026-04-29 17:41:50,974 - INFO - 🚀 开始微博监控任务
2026-04-29 17:41:50,974 - INFO - 开始监控账号: 测试账号 (7852949543)
2026-04-29 17:41:50,974 - ERROR - 获取用户信息异常: 'request_delay'
2026-04-29 17:41:53,593 - ERROR - 获取containerid失败: Expecting value: line 1 column 1 (char 0)
2026-04-29 17:41:53,593 - WARNING - ❌ 测试账号 (7852949543): 未获取到微博数据
2026-04-29 17:41:53,594 - INFO - 📊 监控完成: 0/1 成功, 共获取 0 条微博
2026-04-29 21:09:30,550 - INFO - 🚀 开始微博监控任务
2026-04-29 21:09:30,551 - INFO - 开始监控账号: 测试账号 (7852949543)
2026-04-29 21:09:30,551 - ERROR - 获取用户信息异常: 'request_delay'
2026-04-29 21:09:35,164 - ERROR - 获取containerid失败: Expecting value: line 1 column 1 (char 0)
2026-04-29 21:09:35,164 - WARNING - ❌ 测试账号 (7852949543): 未获取到微博数据
2026-04-29 21:09:35,165 - INFO - 📊 监控完成: 0/1 成功, 共获取 0 条微博
2026-04-30 03:32:14,622 - INFO - 🚀 开始微博监控任务
2026-04-30 03:32:14,622 - INFO - 开始监控账号: 测试账号 (7852949543)
2026-04-30 03:32:14,622 - ERROR - 获取用户信息异常: 'request_delay'
2026-04-30 03:32:17,552 - ERROR - 获取containerid失败: Expecting value: line 1 column 1 (char 0)
2026-04-30 03:32:17,552 - WARNING - ❌ 测试账号 (7852949543): 未获取到微博数据
2026-04-30 03:32:17,552 - INFO - 📊 监控完成: 0/1 成功, 共获取 0 条微博
2026-04-30 06:30:26,249 - INFO - 🚀 开始微博监控任务
2026-04-30 06:30:26,249 - INFO - 开始监控账号: 测试账号 (7852949543)
2026-04-30 06:30:26,250 - ERROR - 获取用户信息异常: 'request_delay'
2026-04-30 06:30:29,168 - ERROR - 获取containerid失败: Expecting value: line 1 column 1 (char 0)
2026-04-30 06:30:29,168 - WARNING - ❌ 测试账号 (7852949543): 未获取到微博数据
2026-04-30 06:30:29,169 - INFO - 📊 监控完成: 0/1 成功, 共获取 0 条微博
2026-04-30 10:09:25,424 - INFO - 🚀 开始微博监控任务
2026-04-30 10:09:25,424 - INFO - 开始监控账号: 测试账号 (7852949543)
2026-04-30 10:09:25,424 - ERROR - 获取用户信息异常: 'request_delay'
2026-04-30 10:09:28,225 - ERROR - 获取containerid失败: Expecting value: line 1 column 1 (char 0)
2026-04-30 10:09:28,226 - WARNING - ❌ 测试账号 (7852949543): 未获取到微博数据
2026-04-30 10:09:28,226 - INFO - 📊 监控完成: 0/1 成功, 共获取 0 条微博
2026-04-30 14:04:47,491 - INFO - 🚀 开始微博监控任务
2026-04-30 14:04:47,491 - INFO - 开始监控账号: 测试账号 (7852949543)
2026-04-30 14:04:47,491 - ERROR - 获取用户信息异常: 'request_delay'
2026-04-30 14:04:53,751 - ERROR - 获取containerid失败: Expecting value: line 1 column 1 (char 0)
2026-04-30 14:04:53,751 - WARNING - ❌ 测试账号 (7852949543): 未获取到微博数据
2026-04-30 14:04:53,751 - INFO - 📊 监控完成: 0/1 成功, 共获取 0 条微博
2026-04-30 17:24:24,646 - INFO - 🚀 开始微博监控任务
2026-04-30 17:24:24,647 - INFO - 开始监控账号: 测试账号 (7852949543)
2026-04-30 17:24:24,647 - ERROR - 获取用户信息异常: 'request_delay'
2026-04-30 17:24:28,231 - ERROR - 获取containerid失败: Expecting value: line 1 column 1 (char 0)
2026-04-30 17:24:28,231 - WARNING - ❌ 测试账号 (7852949543): 未获取到微博数据
2026-04-30 17:24:28,232 - INFO - 📊 监控完成: 0/1 成功, 共获取 0 条微博
2026-04-30 21:04:38,138 - INFO - 🚀 开始微博监控任务
2026-04-30 21:04:38,138 - INFO - 开始监控账号: 测试账号 (7852949543)
2026-04-30 21:04:38,138 - ERROR - 获取用户信息异常: 'request_delay'
2026-04-30 21:04:40,258 - ERROR - 获取containerid失败: Expecting value: line 1 column 1 (char 0)
2026-04-30 21:04:40,258 - WARNING - ❌ 测试账号 (7852949543): 未获取到微博数据
2026-04-30 21:04:40,258 - INFO - 📊 监控完成: 0/1 成功, 共获取 0 条微博
2026-05-01 03:42:13,485 - INFO - 🚀 开始微博监控任务
2026-05-01 03:42:13,485 - INFO - 开始监控账号: 测试账号 (7852949543)
2026-05-01 03:42:13,485 - ERROR - 获取用户信息异常: 'request_delay'
2026-05-01 03:42:16,664 - ERROR - 获取containerid失败: Expecting value: line 1 column 1 (char 0)
2026-05-01 03:42:16,664 - WARNING - ❌ 测试账号 (7852949543): 未获取到微博数据
2026-05-01 03:42:16,778 - INFO - 📊 监控完成: 0/1 成功, 共获取 0 条微博
2026-05-01 06:39:12,233 - INFO - 🚀 开始微博监控任务
2026-05-01 06:39:12,233 - INFO - 开始监控账号: 测试账号 (7852949543)
2026-05-01 06:39:12,233 - ERROR - 获取用户信息异常: 'request_delay'
2026-05-01 06:39:14,503 - ERROR - 获取containerid失败: Expecting value: line 1 column 1 (char 0)
2026-05-01 06:39:14,503 - WARNING - ❌ 测试账号 (7852949543): 未获取到微博数据
2026-05-01 06:39:14,504 - INFO - 📊 监控完成: 0/1 成功, 共获取 0 条微博
2026-05-01 09:49:22,128 - INFO - 🚀 开始微博监控任务
2026-05-01 09:49:22,128 - INFO - 开始监控账号: 测试账号 (7852949543)
2026-05-01 09:49:22,128 - ERROR - 获取用户信息异常: 'request_delay'
2026-05-01 09:49:25,611 - ERROR - 获取containerid失败: Expecting value: line 1 column 1 (char 0)
2026-05-01 09:49:25,612 - WARNING - ❌ 测试账号 (7852949543): 未获取到微博数据
2026-05-01 09:49:25,612 - INFO - 📊 监控完成: 0/1 成功, 共获取 0 条微博
2026-05-01 13:25:36,817 - INFO - 🚀 开始微博监控任务
2026-05-01 13:25:36,817 - INFO - 开始监控账号: 测试账号 (7852949543)
2026-05-01 13:25:36,818 - ERROR - 获取用户信息异常: 'request_delay'
2026-05-01 13:25:39,699 - ERROR - 获取containerid失败: Expecting value: line 1 column 1 (char 0)
2026-05-01 13:25:39,699 - WARNING - ❌ 测试账号 (7852949543): 未获取到微博数据
2026-05-01 13:25:39,699 - INFO - 📊 监控完成: 0/1 成功, 共获取 0 条微博
2026-05-01 17:00:18,570 - INFO - 🚀 开始微博监控任务
2026-05-01 17:00:18,570 - INFO - 开始监控账号: 测试账号 (7852949543)
2026-05-01 17:00:18,570 - ERROR - 获取用户信息异常: 'request_delay'
2026-05-01 17:00:22,735 - ERROR - 获取containerid失败: Expecting value: line 1 column 1 (char 0)
2026-05-01 17:00:22,735 - WARNING - ❌ 测试账号 (7852949543): 未获取到微博数据
2026-05-01 17:00:22,735 - INFO - 📊 监控完成: 0/1 成功, 共获取 0 条微博
2026-05-01 20:56:55,702 - INFO - 🚀 开始微博监控任务
2026-05-01 20:56:55,702 - INFO - 开始监控账号: 测试账号 (7852949543)
2026-05-01 20:56:55,702 - ERROR - 获取用户信息异常: 'request_delay'
2026-05-01 20:56:59,844 - ERROR - 获取containerid失败: Expecting value: line 1 column 1 (char 0)
2026-05-01 20:56:59,844 - WARNING - ❌ 测试账号 (7852949543): 未获取到微博数据
2026-05-01 20:56:59,844 - INFO - 📊 监控完成: 0/1 成功, 共获取 0 条微博
2026-05-02 02:58:13,957 - INFO - 🚀 开始微博监控任务
2026-05-02 02:58:13,957 - INFO - 开始监控账号: 测试账号 (7852949543)
2026-05-02 02:58:13,957 - ERROR - 获取用户信息异常: 'request_delay'
2026-05-02 02:58:17,292 - ERROR - 获取containerid失败: Expecting value: line 1 column 1 (char 0)
2026-05-02 02:58:17,292 - WARNING - ❌ 测试账号 (7852949543): 未获取到微博数据
2026-05-02 02:58:17,292 - INFO - 📊 监控完成: 0/1 成功, 共获取 0 条微博
2026-05-02 06:09:12,884 - INFO - 🚀 开始微博监控任务
2026-05-02 06:09:12,884 - INFO - 开始监控账号: 测试账号 (7852949543)
2026-05-02 06:09:12,884 - ERROR - 获取用户信息异常: 'request_delay'
2026-05-02 06:09:15,283 - ERROR - 获取containerid失败: Expecting value: line 1 column 1 (char 0)
2026-05-02 06:09:15,283 - WARNING - ❌ 测试账号 (7852949543): 未获取到微博数据
2026-05-02 06:09:15,284 - INFO - 📊 监控完成: 0/1 成功, 共获取 0 条微博
2026-05-02 09:10:40,417 - INFO - 🚀 开始微博监控任务
2026-05-02 09:10:40,417 - INFO - 开始监控账号: 测试账号 (7852949543)
2026-05-02 09:10:40,417 - ERROR - 获取用户信息异常: 'request_delay'
2026-05-02 09:10:44,350 - ERROR - 获取containerid失败: Expecting value: line 1 column 1 (char 0)
2026-05-02 09:10:44,350 - WARNING - ❌ 测试账号 (7852949543): 未获取到微博数据
2026-05-02 09:10:44,350 - INFO - 📊 监控完成: 0/1 成功, 共获取 0 条微博
2026-05-02 13:19:27,150 - INFO - 🚀 开始微博监控任务
2026-05-02 13:19:27,151 - INFO - 开始监控账号: 测试账号 (7852949543)
2026-05-02 13:19:27,151 - ERROR - 获取用户信息异常: 'request_delay'
2026-05-02 13:19:31,430 - ERROR - 获取containerid失败: Expecting value: line 1 column 1 (char 0)
2026-05-02 13:19:31,430 - WARNING - ❌ 测试账号 (7852949543): 未获取到微博数据
2026-05-02 13:19:31,430 - INFO - 📊 监控完成: 0/1 成功, 共获取 0 条微博
2026-05-02 16:53:44,072 - INFO - 🚀 开始微博监控任务
2026-05-02 16:53:44,072 - INFO - 开始监控账号: 测试账号 (7852949543)
2026-05-02 16:53:44,072 - ERROR - 获取用户信息异常: 'request_delay'
2026-05-02 16:53:47,297 - ERROR - 获取containerid失败: Expecting value: line 1 column 1 (char 0)
2026-05-02 16:53:47,297 - WARNING - ❌ 测试账号 (7852949543): 未获取到微博数据
2026-05-02 16:53:47,297 - INFO - 📊 监控完成: 0/1 成功, 共获取 0 条微博
2026-05-02 20:48:08,735 - INFO - 🚀 开始微博监控任务
2026-05-02 20:48:08,735 - INFO - 开始监控账号: 测试账号 (7852949543)
2026-05-02 20:48:08,736 - ERROR - 获取用户信息异常: 'request_delay'
2026-05-02 20:48:12,213 - ERROR - 获取containerid失败: Expecting value: line 1 column 1 (char 0)
2026-05-02 20:48:12,213 - WARNING - ❌ 测试账号 (7852949543): 未获取到微博数据
2026-05-02 20:48:12,214 - INFO - 📊 监控完成: 0/1 成功, 共获取 0 条微博
2026-05-03 03:34:49,085 - INFO - 🚀 开始微博监控任务
2026-05-03 03:34:49,085 - INFO - 开始监控账号: 测试账号 (7852949543)
2026-05-03 03:34:49,085 - ERROR - 获取用户信息异常: 'request_delay'
2026-05-03 03:34:52,102 - ERROR - 获取containerid失败: Expecting value: line 1 column 1 (char 0)
2026-05-03 03:34:52,102 - WARNING - ❌ 测试账号 (7852949543): 未获取到微博数据
2026-05-03 03:34:52,102 - INFO - 📊 监控完成: 0/1 成功, 共获取 0 条微博
2026-05-03 06:28:48,087 - INFO - 🚀 开始微博监控任务
2026-05-03 06:28:48,087 - INFO - 开始监控账号: 测试账号 (7852949543)
2026-05-03 06:28:48,087 - ERROR - 获取用户信息异常: 'request_delay'
2026-05-03 06:28:51,306 - ERROR - 获取containerid失败: Expecting value: line 1 column 1 (char 0)
2026-05-03 06:28:51,306 - WARNING - ❌ 测试账号 (7852949543): 未获取到微博数据
2026-05-03 06:28:51,307 - INFO - 📊 监控完成: 0/1 成功, 共获取 0 条微博
2026-05-03 09:24:00,133 - INFO - 🚀 开始微博监控任务
2026-05-03 09:24:00,133 - INFO - 开始监控账号: 测试账号 (7852949543)
2026-05-03 09:24:00,134 - ERROR - 获取用户信息异常: 'request_delay'
2026-05-03 09:24:02,467 - ERROR - 获取containerid失败: Expecting value: line 1 column 1 (char 0)
2026-05-03 09:24:02,467 - WARNING - ❌ 测试账号 (7852949543): 未获取到微博数据
2026-05-03 09:24:02,467 - INFO - 📊 监控完成: 0/1 成功, 共获取 0 条微博
2026-05-03 13:18:33,755 - INFO - 🚀 开始微博监控任务
2026-05-03 13:18:33,756 - INFO - 开始监控账号: 测试账号 (7852949543)
2026-05-03 13:18:33,756 - ERROR - 获取用户信息异常: 'request_delay'
2026-05-03 13:18:36,558 - ERROR - 获取containerid失败: Expecting value: line 1 column 1 (char 0)
2026-05-03 13:18:36,558 - WARNING - ❌ 测试账号 (7852949543): 未获取到微博数据
2026-05-03 13:18:36,558 - INFO - 📊 监控完成: 0/1 成功, 共获取 0 条微博
2026-05-03 16:55:41,300 - INFO - 🚀 开始微博监控任务
2026-05-03 16:55:41,300 - INFO - 开始监控账号: 测试账号 (7852949543)
2026-05-03 16:55:41,300 - ERROR - 获取用户信息异常: 'request_delay'
2026-05-03 16:55:44,330 - ERROR - 获取containerid失败: Expecting value: line 1 column 1 (char 0)
2026-05-03 16:55:44,330 - WARNING - ❌ 测试账号 (7852949543): 未获取到微博数据
2026-05-03 16:55:44,330 - INFO - 📊 监控完成: 0/1 成功, 共获取 0 条微博
2026-05-03 20:49:46,965 - INFO - 🚀 开始微博监控任务
2026-05-03 20:49:46,965 - INFO - 开始监控账号: 测试账号 (7852949543)
2026-05-03 20:49:46,965 - ERROR - 获取用户信息异常: 'request_delay'
2026-05-03 20:49:49,197 - ERROR - 获取containerid失败: Expecting value: line 1 column 1 (char 0)
2026-05-03 20:49:49,197 - WARNING - ❌ 测试账号 (7852949543): 未获取到微博数据
2026-05-03 20:49:49,198 - INFO - 📊 监控完成: 0/1 成功, 共获取 0 条微博
2026-05-04 03:33:21,672 - INFO - 🚀 开始微博监控任务
2026-05-04 03:33:21,672 - INFO - 开始监控账号: 测试账号 (7852949543)
2026-05-04 03:33:21,672 - ERROR - 获取用户信息异常: 'request_delay'
2026-05-04 03:33:24,641 - ERROR - 获取containerid失败: Expecting value: line 1 column 1 (char 0)
2026-05-04 03:33:24,641 - WARNING - ❌ 测试账号 (7852949543): 未获取到微博数据
2026-05-04 03:33:24,642 - INFO - 📊 监控完成: 0/1 成功, 共获取 0 条微博
2026-05-04 06:41:40,132 - INFO - 🚀 开始微博监控任务
2026-05-04 06:41:40,132 - INFO - 开始监控账号: 测试账号 (7852949543)
2026-05-04 06:41:40,132 - ERROR - 获取用户信息异常: 'request_delay'
2026-05-04 06:41:43,573 - ERROR - 获取containerid失败: Expecting value: line 1 column 1 (char 0)
2026-05-04 06:41:43,573 - WARNING - ❌ 测试账号 (7852949543): 未获取到微博数据
2026-05-04 06:41:43,573 - INFO - 📊 监控完成: 0/1 成功, 共获取 0 条微博
2026-05-04 10:16:30,955 - INFO - 🚀 开始微博监控任务
2026-05-04 10:16:30,955 - INFO - 开始监控账号: 测试账号 (7852949543)
2026-05-04 10:16:30,955 - ERROR - 获取用户信息异常: 'request_delay'
2026-05-04 10:16:33,880 - ERROR - 获取containerid失败: Expecting value: line 1 column 1 (char 0)
2026-05-04 10:16:33,881 - WARNING - ❌ 测试账号 (7852949543): 未获取到微博数据
2026-05-04 10:16:33,881 - INFO - 📊 监控完成: 0/1 成功, 共获取 0 条微博
2026-05-04 14:09:35,467 - INFO - 🚀 开始微博监控任务
2026-05-04 14:09:35,467 - INFO - 开始监控账号: 测试账号 (7852949543)
2026-05-04 14:09:35,467 - ERROR - 获取用户信息异常: 'request_delay'
2026-05-04 14:09:38,017 - ERROR - 获取containerid失败: Expecting value: line 1 column 1 (char 0)
2026-05-04 14:09:38,017 - WARNING - ❌ 测试账号 (7852949543): 未获取到微博数据
2026-05-04 14:09:38,017 - INFO - 📊 监控完成: 0/1 成功, 共获取 0 条微博
2026-05-04 17:43:50,937 - INFO - 🚀 开始微博监控任务
2026-05-04 17:43:50,937 - INFO - 开始监控账号: 测试账号 (7852949543)
2026-05-04 17:43:50,937 - ERROR - 获取用户信息异常: 'request_delay'
2026-05-04 17:43:54,611 - ERROR - 获取containerid失败: Expecting value: line 1 column 1 (char 0)
2026-05-04 17:43:54,612 - WARNING - ❌ 测试账号 (7852949543): 未获取到微博数据
2026-05-04 17:43:54,612 - INFO - 📊 监控完成: 0/1 成功, 共获取 0 条微博
2026-05-04 21:11:32,468 - INFO - 🚀 开始微博监控任务
2026-05-04 21:11:32,468 - INFO - 开始监控账号: 测试账号 (7852949543)
2026-05-04 21:11:32,468 - ERROR - 获取用户信息异常: 'request_delay'
2026-05-04 21:11:37,473 - ERROR - 获取containerid失败: Expecting value: line 1 column 1 (char 0)
2026-05-04 21:11:37,473 - WARNING - ❌ 测试账号 (7852949543): 未获取到微博数据
2026-05-04 21:11:37,474 - INFO - 📊 监控完成: 0/1 成功, 共获取 0 条微博
2026-05-05 03:20:23,918 - INFO - 🚀 开始微博监控任务
2026-05-05 03:20:23,918 - INFO - 开始监控账号: 测试账号 (7852949543)
2026-05-05 03:20:23,918 - ERROR - 获取用户信息异常: 'request_delay'
2026-05-05 03:20:27,280 - ERROR - 获取containerid失败: Expecting value: line 1 column 1 (char 0)
2026-05-05 03:20:27,280 - WARNING - ❌ 测试账号 (7852949543): 未获取到微博数据
2026-05-05 03:20:27,280 - INFO - 📊 监控完成: 0/1 成功, 共获取 0 条微博
2026-05-05 06:19:22,697 - INFO - 🚀 开始微博监控任务
2026-05-05 06:19:22,697 - INFO - 开始监控账号: 测试账号 (7852949543)
2026-05-05 06:19:22,697 - ERROR - 获取用户信息异常: 'request_delay'
2026-05-05 06:19:25,158 - ERROR - 获取containerid失败: Expecting value: line 1 column 1 (char 0)
2026-05-05 06:19:25,158 - WARNING - ❌ 测试账号 (7852949543): 未获取到微博数据
2026-05-05 06:19:25,158 - INFO - 📊 监控完成: 0/1 成功, 共获取 0 条微博
2026-05-05 10:05:49,063 - INFO - 🚀 开始微博监控任务
2026-05-05 10:05:49,063 - INFO - 开始监控账号: 测试账号 (7852949543)
2026-05-05 10:05:49,063 - ERROR - 获取用户信息异常: 'request_delay'
2026-05-05 10:05:51,925 - ERROR - 获取containerid失败: Expecting value: line 1 column 1 (char 0)
2026-05-05 10:05:51,925 - WARNING - ❌ 测试账号 (7852949543): 未获取到微博数据
2026-05-05 10:05:51,925 - INFO - 📊 监控完成: 0/1 成功, 共获取 0 条微博
2026-05-05 17:27:18,142 - INFO - 🚀 开始微博监控任务
2026-05-05 17:27:18,142 - INFO - 开始监控账号: 测试账号 (7852949543)
2026-05-05 17:27:18,143 - ERROR - 获取用户信息异常: 'request_delay'
2026-05-05 17:27:22,213 - ERROR - 获取containerid失败: Expecting value: line 1 column 1 (char 0)
2026-05-05 17:27:22,214 - WARNING - ❌ 测试账号 (7852949543): 未获取到微博数据
2026-05-05 17:27:22,214 - INFO - 📊 监控完成: 0/1 成功, 共获取 0 条微博
2026-05-05 21:06:11,827 - INFO - 🚀 开始微博监控任务
2026-05-05 21:06:11,827 - INFO - 开始监控账号: 测试账号 (7852949543)
2026-05-05 21:06:11,828 - ERROR - 获取用户信息异常: 'request_delay'
2026-05-05 21:06:15,178 - ERROR - 获取containerid失败: Expecting value: line 1 column 1 (char 0)
2026-05-05 21:06:15,178 - WARNING - ❌ 测试账号 (7852949543): 未获取到微博数据
2026-05-05 21:06:15,178 - INFO - 📊 监控完成: 0/1 成功, 共获取 0 条微博
2026-05-06 03:30:32,169 - INFO - 🚀 开始微博监控任务
2026-05-06 03:30:32,169 - INFO - 开始监控账号: 测试账号 (7852949543)
2026-05-06 03:30:32,169 - ERROR - 获取用户信息异常: 'request_delay'
2026-05-06 03:30:35,161 - ERROR - 获取containerid失败: Expecting value: line 1 column 1 (char 0)
2026-05-06 03:30:35,161 - WARNING - ❌ 测试账号 (7852949543): 未获取到微博数据
2026-05-06 03:30:35,162 - INFO - 📊 监控完成: 0/1 成功, 共获取 0 条微博
2026-05-06 06:32:19,086 - INFO - 🚀 开始微博监控任务
2026-05-06 06:32:19,086 - INFO - 开始监控账号: 测试账号 (7852949543)
2026-05-06 06:32:19,086 - ERROR - 获取用户信息异常: 'request_delay'
2026-05-06 06:32:22,287 - ERROR - 获取containerid失败: Expecting value: line 1 column 1 (char 0)
2026-05-06 06:32:22,287 - WARNING - ❌ 测试账号 (7852949543): 未获取到微博数据
2026-05-06 06:32:22,287 - INFO - 📊 监控完成: 0/1 成功, 共获取 0 条微博
2026-05-06 10:21:39,662 - INFO - 🚀 开始微博监控任务
2026-05-06 10:21:39,663 - INFO - 开始监控账号: 测试账号 (7852949543)
2026-05-06 10:21:39,663 - ERROR - 获取用户信息异常: 'request_delay'
2026-05-06 10:21:42,429 - ERROR - 获取containerid失败: Expecting value: line 1 column 1 (char 0)
2026-05-06 10:21:42,429 - WARNING - ❌ 测试账号 (7852949543): 未获取到微博数据
2026-05-06 10:21:42,430 - INFO - 📊 监控完成: 0/1 成功, 共获取 0 条微博
2026-05-06 14:22:46,835 - INFO - 🚀 开始微博监控任务
2026-05-06 14:22:46,835 - INFO - 开始监控账号: 测试账号 (7852949543)
2026-05-06 14:22:46,835 - ERROR - 获取用户信息异常: 'request_delay'
2026-05-06 14:22:50,110 - ERROR - 获取containerid失败: Expecting value: line 1 column 1 (char 0)
2026-05-06 14:22:50,110 - WARNING - ❌ 测试账号 (7852949543): 未获取到微博数据
2026-05-06 14:22:50,111 - INFO - 📊 监控完成: 0/1 成功, 共获取 0 条微博
2026-05-06 17:43:40,527 - INFO - 🚀 开始微博监控任务
2026-05-06 17:43:40,527 - INFO - 开始监控账号: 测试账号 (7852949543)
2026-05-06 17:43:40,527 - ERROR - 获取用户信息异常: 'request_delay'
2026-05-06 17:43:44,160 - ERROR - 获取containerid失败: Expecting value: line 1 column 1 (char 0)
2026-05-06 17:43:44,160 - WARNING - ❌ 测试账号 (7852949543): 未获取到微博数据
2026-05-06 17:43:44,161 - INFO - 📊 监控完成: 0/1 成功, 共获取 0 条微博
2026-05-06 21:13:19,048 - INFO - 🚀 开始微博监控任务
2026-05-06 21:13:19,048 - INFO - 开始监控账号: 测试账号 (7852949543)
2026-05-06 21:13:19,049 - ERROR - 获取用户信息异常: 'request_delay'
2026-05-06 21:13:23,687 - ERROR - 获取containerid失败: Expecting value: line 1 column 1 (char 0)
2026-05-06 21:13:23,687 - WARNING - ❌ 测试账号 (7852949543): 未获取到微博数据
2026-05-06 21:13:23,688 - INFO - 📊 监控完成: 0/1 成功, 共获取 0 条微博
2026-05-07 03:30:34,224 - INFO - 🚀 开始微博监控任务
2026-05-07 03:30:34,224 - INFO - 开始监控账号: 测试账号 (7852949543)
2026-05-07 03:30:34,224 - ERROR - 获取用户信息异常: 'request_delay'
2026-05-07 03:30:37,537 - ERROR - 获取containerid失败: Expecting value: line 1 column 1 (char 0)
2026-05-07 03:30:37,537 - WARNING - ❌ 测试账号 (7852949543): 未获取到微博数据
2026-05-07 03:30:37,537 - INFO - 📊 监控完成: 0/1 成功, 共获取 0 条微博
2026-05-07 06:38:47,102 - INFO - 🚀 开始微博监控任务
2026-05-07 06:38:47,102 - INFO - 开始监控账号: 测试账号 (7852949543)
2026-05-07 06:38:47,102 - ERROR - 获取用户信息异常: 'request_delay'
2026-05-07 06:38:50,403 - ERROR - 获取containerid失败: Expecting value: line 1 column 1 (char 0)
2026-05-07 06:38:50,403 - WARNING - ❌ 测试账号 (7852949543): 未获取到微博数据
2026-05-07 06:38:50,403 - INFO - 📊 监控完成: 0/1 成功, 共获取 0 条微博
2026-05-07 10:27:20,798 - INFO - 🚀 开始微博监控任务
2026-05-07 10:27:20,798 - INFO - 开始监控账号: 测试账号 (7852949543)
2026-05-07 10:27:20,798 - ERROR - 获取用户信息异常: 'request_delay'
2026-05-07 10:27:23,588 - ERROR - 获取containerid失败: Expecting value: line 1 column 1 (char 0)
2026-05-07 10:27:23,588 - WARNING - ❌ 测试账号 (7852949543): 未获取到微博数据
2026-05-07 10:27:23,589 - INFO - 📊 监控完成: 0/1 成功, 共获取 0 条微博
2026-05-07 14:21:59,798 - INFO - 🚀 开始微博监控任务
2026-05-07 14:21:59,799 - INFO - 开始监控账号: 测试账号 (7852949543)
2026-05-07 14:21:59,799 - ERROR - 获取用户信息异常: 'request_delay'
2026-05-07 14:22:02,745 - ERROR - 获取containerid失败: Expecting value: line 1 column 1 (char 0)
2026-05-07 14:22:02,746 - WARNING - ❌ 测试账号 (7852949543): 未获取到微博数据
2026-05-07 14:22:02,746 - INFO - 📊 监控完成: 0/1 成功, 共获取 0 条微博
2026-05-07 17:50:29,049 - INFO - 🚀 开始微博监控任务
2026-05-07 17:50:29,049 - INFO - 开始监控账号: 测试账号 (7852949543)
2026-05-07 17:50:29,049 - ERROR - 获取用户信息异常: 'request_delay'
2026-05-07 17:50:31,765 - ERROR - 获取containerid失败: Expecting value: line 1 column 1 (char 0)
2026-05-07 17:50:31,765 - WARNING - ❌ 测试账号 (7852949543): 未获取到微博数据
2026-05-07 17:50:31,766 - INFO - 📊 监控完成: 0/1 成功, 共获取 0 条微博
2026-05-07 21:07:09,067 - INFO - 🚀 开始微博监控任务
2026-05-07 21:07:09,067 - INFO - 开始监控账号: 测试账号 (7852949543)
2026-05-07 21:07:09,067 - ERROR - 获取用户信息异常: 'request_delay'
2026-05-07 21:07:12,246 - ERROR - 获取containerid失败: Expecting value: line 1 column 1 (char 0)
2026-05-07 21:07:12,246 - WARNING - ❌ 测试账号 (7852949543): 未获取到微博数据
2026-05-07 21:07:12,246 - INFO - 📊 监控完成: 0/1 成功, 共获取 0 条微博
2026-05-08 03:26:45,725 - INFO - 🚀 开始微博监控任务
2026-05-08 03:26:45,725 - INFO - 开始监控账号: 测试账号 (7852949543)
2026-05-08 03:26:45,725 - ERROR - 获取用户信息异常: 'request_delay'
2026-05-08 03:26:48,619 - ERROR - 获取containerid失败: Expecting value: line 1 column 1 (char 0)
2026-05-08 03:26:48,619 - WARNING - ❌ 测试账号 (7852949543): 未获取到微博数据
2026-05-08 03:26:48,619 - INFO - 📊 监控完成: 0/1 成功, 共获取 0 条微博
2026-05-08 06:00:05,601 - INFO - 🚀 开始微博监控任务
2026-05-08 06:00:05,601 - INFO - 开始监控账号: 测试账号 (7852949543)
2026-05-08 06:00:05,601 - ERROR - 获取用户信息异常: 'request_delay'
2026-05-08 06:00:07,535 - ERROR - 获取containerid失败: Expecting value: line 1 column 1 (char 0)
2026-05-08 06:00:07,535 - WARNING - ❌ 测试账号 (7852949543): 未获取到微博数据
2026-05-08 06:00:07,535 - INFO - 📊 监控完成: 0/1 成功, 共获取 0 条微博
2026-05-08 09:26:31,689 - INFO - 🚀 开始微博监控任务
2026-05-08 09:26:31,689 - INFO - 开始监控账号: 测试账号 (7852949543)
2026-05-08 09:26:31,689 - ERROR - 获取用户信息异常: 'request_delay'
2026-05-08 09:26:34,852 - ERROR - 获取containerid失败: Expecting value: line 1 column 1 (char 0)
2026-05-08 09:26:34,852 - WARNING - ❌ 测试账号 (7852949543): 未获取到微博数据
2026-05-08 09:26:34,853 - INFO - 📊 监控完成: 0/1 成功, 共获取 0 条微博
2026-05-08 13:57:39,807 - INFO - 🚀 开始微博监控任务
2026-05-08 13:57:39,807 - INFO - 开始监控账号: 测试账号 (7852949543)
2026-05-08 13:57:39,807 - ERROR - 获取用户信息异常: 'request_delay'
2026-05-08 13:57:42,248 - ERROR - 获取containerid失败: Expecting value: line 1 column 1 (char 0)
2026-05-08 13:57:42,248 - WARNING - ❌ 测试账号 (7852949543): 未获取到微博数据
2026-05-08 13:57:42,249 - INFO - 📊 监控完成: 0/1 成功, 共获取 0 条微博
2026-05-08 17:22:32,015 - INFO - 🚀 开始微博监控任务
2026-05-08 17:22:32,015 - INFO - 开始监控账号: 测试账号 (7852949543)
2026-05-08 17:22:32,015 - ERROR - 获取用户信息异常: 'request_delay'
2026-05-08 17:22:34,102 - ERROR - 获取containerid失败: Expecting value: line 1 column 1 (char 0)
2026-05-08 17:22:34,103 - WARNING - ❌ 测试账号 (7852949543): 未获取到微博数据
2026-05-08 17:22:34,103 - INFO - 📊 监控完成: 0/1 成功, 共获取 0 条微博
2026-05-08 21:05:05,039 - INFO - 🚀 开始微博监控任务
2026-05-08 21:05:05,039 - INFO - 开始监控账号: 测试账号 (7852949543)
2026-05-08 21:05:05,039 - ERROR - 获取用户信息异常: 'request_delay'
2026-05-08 21:05:07,370 - ERROR - 获取containerid失败: Expecting value: line 1 column 1 (char 0)
2026-05-08 21:05:07,370 - WARNING - ❌ 测试账号 (7852949543): 未获取到微博数据
2026-05-08 21:05:07,371 - INFO - 📊 监控完成: 0/1 成功, 共获取 0 条微博
2026-05-09 03:25:33,245 - INFO - 🚀 开始微博监控任务
2026-05-09 03:25:33,245 - INFO - 开始监控账号: 测试账号 (7852949543)
2026-05-09 03:25:33,245 - ERROR - 获取用户信息异常: 'request_delay'
2026-05-09 03:25:35,686 - ERROR - 获取containerid失败: Expecting value: line 1 column 1 (char 0)
2026-05-09 03:25:35,686 - WARNING - ❌ 测试账号 (7852949543): 未获取到微博数据
2026-05-09 03:25:35,686 - INFO - 📊 监控完成: 0/1 成功, 共获取 0 条微博
2026-05-09 06:19:30,596 - INFO - 🚀 开始微博监控任务
2026-05-09 06:19:30,596 - INFO - 开始监控账号: 测试账号 (7852949543)
2026-05-09 06:19:30,596 - ERROR - 获取用户信息异常: 'request_delay'
2026-05-09 06:19:33,717 - ERROR - 获取containerid失败: Expecting value: line 1 column 1 (char 0)
2026-05-09 06:19:33,718 - WARNING - ❌ 测试账号 (7852949543): 未获取到微博数据
2026-05-09 06:19:33,718 - INFO - 📊 监控完成: 0/1 成功, 共获取 0 条微博
2026-05-09 09:22:45,989 - INFO - 🚀 开始微博监控任务
2026-05-09 09:22:45,989 - INFO - 开始监控账号: 测试账号 (7852949543)
2026-05-09 09:22:45,989 - ERROR - 获取用户信息异常: 'request_delay'
2026-05-09 09:22:48,949 - ERROR - 获取containerid失败: Expecting value: line 1 column 1 (char 0)
2026-05-09 09:22:48,950 - WARNING - ❌ 测试账号 (7852949543): 未获取到微博数据
2026-05-09 09:22:48,950 - INFO - 📊 监控完成: 0/1 成功, 共获取 0 条微博
2026-05-09 13:24:18,733 - INFO - 🚀 开始微博监控任务
2026-05-09 13:24:18,733 - INFO - 开始监控账号: 测试账号 (7852949543)
2026-05-09 13:24:18,733 - ERROR - 获取用户信息异常: 'request_delay'
2026-05-09 13:24:22,245 - ERROR - 获取containerid失败: Expecting value: line 1 column 1 (char 0)
2026-05-09 13:24:22,245 - WARNING - ❌ 测试账号 (7852949543): 未获取到微博数据
2026-05-09 13:24:22,245 - INFO - 📊 监控完成: 0/1 成功, 共获取 0 条微博
2026-05-09 16:58:58,900 - INFO - 🚀 开始微博监控任务
2026-05-09 16:58:58,900 - INFO - 开始监控账号: 测试账号 (7852949543)
2026-05-09 16:58:58,900 - ERROR - 获取用户信息异常: 'request_delay'
2026-05-09 16:59:01,601 - ERROR - 获取containerid失败: Expecting value: line 1 column 1 (char 0)
2026-05-09 16:59:01,601 - WARNING - ❌ 测试账号 (7852949543): 未获取到微博数据
2026-05-09 16:59:01,601 - INFO - 📊 监控完成: 0/1 成功, 共获取 0 条微博
2026-05-09 20:50:18,215 - INFO - 🚀 开始微博监控任务
2026-05-09 20:50:18,216 - INFO - 开始监控账号: 测试账号 (7852949543)
2026-05-09 20:50:18,216 - ERROR - 获取用户信息异常: 'request_delay'
2026-05-09 20:50:21,994 - ERROR - 获取containerid失败: Expecting value: line 1 column 1 (char 0)
2026-05-09 20:50:21,995 - WARNING - ❌ 测试账号 (7852949543): 未获取到微博数据
2026-05-09 20:50:21,995 - INFO - 📊 监控完成: 0/1 成功, 共获取 0 条微博
2026-05-10 03:37:52,739 - INFO - 🚀 开始微博监控任务
2026-05-10 03:37:52,739 - INFO - 开始监控账号: 测试账号 (7852949543)
2026-05-10 03:37:52,739 - ERROR - 获取用户信息异常: 'request_delay'
2026-05-10 03:37:55,593 - ERROR - 获取containerid失败: Expecting value: line 1 column 1 (char 0)
2026-05-10 03:37:55,593 - WARNING - ❌ 测试账号 (7852949543): 未获取到微博数据
2026-05-10 03:37:55,593 - INFO - 📊 监控完成: 0/1 成功, 共获取 0 条微博
2026-05-10 06:35:44,309 - INFO - 🚀 开始微博监控任务
2026-05-10 06:35:44,309 - INFO - 开始监控账号: 测试账号 (7852949543)
2026-05-10 06:35:44,309 - ERROR - 获取用户信息异常: 'request_delay'
2026-05-10 06:35:46,575 - ERROR - 获取containerid失败: Expecting value: line 1 column 1 (char 0)
2026-05-10 06:35:46,575 - WARNING - ❌ 测试账号 (7852949543): 未获取到微博数据
2026-05-10 06:35:46,575 - INFO - 📊 监控完成: 0/1 成功, 共获取 0 条微博
2026-05-10 09:40:47,397 - INFO - 🚀 开始微博监控任务
2026-05-10 09:40:47,397 - INFO - 开始监控账号: 测试账号 (7852949543)
2026-05-10 09:40:47,397 - ERROR - 获取用户信息异常: 'request_delay'
2026-05-10 09:40:49,500 - ERROR - 获取containerid失败: Expecting value: line 1 column 1 (char 0)
2026-05-10 09:40:49,501 - WARNING - ❌ 测试账号 (7852949543): 未获取到微博数据
2026-05-10 09:40:49,501 - INFO - 📊 监控完成: 0/1 成功, 共获取 0 条微博
2026-05-10 13:25:32,991 - INFO - 🚀 开始微博监控任务
2026-05-10 13:25:32,991 - INFO - 开始监控账号: 测试账号 (7852949543)
2026-05-10 13:25:32,991 - ERROR - 获取用户信息异常: 'request_delay'
2026-05-10 13:25:35,985 - ERROR - 获取containerid失败: Expecting value: line 1 column 1 (char 0)
2026-05-10 13:25:35,985 - WARNING - ❌ 测试账号 (7852949543): 未获取到微博数据
2026-05-10 13:25:35,985 - INFO - 📊 监控完成: 0/1 成功, 共获取 0 条微博
2026-05-10 16:59:38,797 - INFO - 🚀 开始微博监控任务
2026-05-10 16:59:38,798 - INFO - 开始监控账号: 测试账号 (7852949543)
2026-05-10 16:59:38,798 - ERROR - 获取用户信息异常: 'request_delay'
2026-05-10 16:59:43,467 - ERROR - 获取containerid失败: Expecting value: line 1 column 1 (char 0)
2026-05-10 16:59:43,467 - WARNING - ❌ 测试账号 (7852949543): 未获取到微博数据
2026-05-10 16:59:43,467 - INFO - 📊 监控完成: 0/1 成功, 共获取 0 条微博
2026-05-10 20:52:51,505 - INFO - 🚀 开始微博监控任务
2026-05-10 20:52:51,506 - INFO - 开始监控账号: 测试账号 (7852949543)
2026-05-10 20:52:51,506 - ERROR - 获取用户信息异常: 'request_delay'
2026-05-10 20:52:54,008 - ERROR - 获取containerid失败: Expecting value: line 1 column 1 (char 0)
2026-05-10 20:52:54,008 - WARNING - ❌ 测试账号 (7852949543): 未获取到微博数据
2026-05-10 20:52:54,009 - INFO - 📊 监控完成: 0/1 成功, 共获取 0 条微博
2026-05-11 03:51:40,085 - INFO - 🚀 开始微博监控任务
2026-05-11 03:51:40,085 - INFO - 开始监控账号: 测试账号 (7852949543)
2026-05-11 03:51:40,085 - ERROR - 获取用户信息异常: 'request_delay'
2026-05-11 03:51:43,486 - ERROR - 获取containerid失败: Expecting value: line 1 column 1 (char 0)
2026-05-11 03:51:43,486 - WARNING - ❌ 测试账号 (7852949543): 未获取到微博数据
2026-05-11 03:51:43,486 - INFO - 📊 监控完成: 0/1 成功, 共获取 0 条微博
2026-05-11 07:47:43,350 - INFO - 🚀 开始微博监控任务
2026-05-11 07:47:43,350 - INFO - 开始监控账号: 测试账号 (7852949543)
2026-05-11 07:47:43,350 - ERROR - 获取用户信息异常: 'request_delay'
2026-05-11 07:47:46,562 - ERROR - 获取containerid失败: Expecting value: line 1 column 1 (char 0)
2026-05-11 07:47:46,562 - WARNING - ❌ 测试账号 (7852949543): 未获取到微博数据
2026-05-11 07:47:46,563 - INFO - 📊 监控完成: 0/1 成功, 共获取 0 条微博
2026-05-11 11:27:34,808 - INFO - 🚀 开始微博监控任务
2026-05-11 11:27:34,808 - INFO - 开始监控账号: 测试账号 (7852949543)
2026-05-11 11:27:34,808 - ERROR - 获取用户信息异常: 'request_delay'
2026-05-11 11:27:37,560 - ERROR - 获取containerid失败: Expecting value: line 1 column 1 (char 0)
2026-05-11 11:27:37,560 - WARNING - ❌ 测试账号 (7852949543): 未获取到微博数据
2026-05-11 11:27:37,560 - INFO - 📊 监控完成: 0/1 成功, 共获取 0 条微博
2026-05-11 15:17:56,962 - INFO - 🚀 开始微博监控任务
2026-05-11 15:17:56,962 - INFO - 开始监控账号: 测试账号 (7852949543)
2026-05-11 15:17:56,963 - ERROR - 获取用户信息异常: 'request_delay'
2026-05-11 15:18:00,482 - ERROR - 获取containerid失败: Expecting value: line 1 column 1 (char 0)
2026-05-11 15:18:00,482 - WARNING - ❌ 测试账号 (7852949543): 未获取到微博数据
2026-05-11 15:18:00,483 - INFO - 📊 监控完成: 0/1 成功, 共获取 0 条微博
2026-05-11 17:57:34,603 - INFO - 🚀 开始微博监控任务
2026-05-11 17:57:34,603 - INFO - 开始监控账号: 测试账号 (7852949543)
2026-05-11 17:57:34,603 - ERROR - 获取用户信息异常: 'request_delay'
2026-05-11 17:57:38,085 - ERROR - 获取containerid失败: Expecting value: line 1 column 1 (char 0)
2026-05-11 17:57:38,086 - WARNING - ❌ 测试账号 (7852949543): 未获取到微博数据
2026-05-11 17:57:38,086 - INFO - 📊 监控完成: 0/1 成功, 共获取 0 条微博
2026-05-11 21:20:24,274 - INFO - 🚀 开始微博监控任务
2026-05-11 21:20:24,274 - INFO - 开始监控账号: 测试账号 (7852949543)
2026-05-11 21:20:24,274 - ERROR - 获取用户信息异常: 'request_delay'
2026-05-11 21:20:27,288 - ERROR - 获取containerid失败: Expecting value: line 1 column 1 (char 0)
2026-05-11 21:20:27,288 - WARNING - ❌ 测试账号 (7852949543): 未获取到微博数据
2026-05-11 21:20:27,288 - INFO - 📊 监控完成: 0/1 成功, 共获取 0 条微博
2026-05-12 03:35:07,732 - INFO - 🚀 开始微博监控任务
2026-05-12 03:35:07,732 - INFO - 开始监控账号: 测试账号 (7852949543)
2026-05-12 03:35:07,732 - ERROR - 获取用户信息异常: 'request_delay'
2026-05-12 03:35:10,449 - ERROR - 获取containerid失败: Expecting value: line 1 column 1 (char 0)
2026-05-12 03:35:10,449 - WARNING - ❌ 测试账号 (7852949543): 未获取到微博数据
2026-05-12 03:35:10,449 - INFO - 📊 监控完成: 0/1 成功, 共获取 0 条微博
2026-05-12 06:39:10,672 - INFO - 🚀 开始微博监控任务
2026-05-12 06:39:10,672 - INFO - 开始监控账号: 测试账号 (7852949543)
2026-05-12 06:39:10,672 - ERROR - 获取用户信息异常: 'request_delay'
2026-05-12 06:39:13,180 - ERROR - 获取containerid失败: Expecting value: line 1 column 1 (char 0)
2026-05-12 06:39:13,181 - WARNING - ❌ 测试账号 (7852949543): 未获取到微博数据
2026-05-12 06:39:13,181 - INFO - 📊 监控完成: 0/1 成功, 共获取 0 条微博
2026-05-12 10:34:44,811 - INFO - 🚀 开始微博监控任务
2026-05-12 10:34:44,811 - INFO - 开始监控账号: 测试账号 (7852949543)
2026-05-12 10:34:44,811 - ERROR - 获取用户信息异常: 'request_delay'
2026-05-12 10:34:47,400 - ERROR - 获取containerid失败: Expecting value: line 1 column 1 (char 0)
2026-05-12 10:34:47,400 - WARNING - ❌ 测试账号 (7852949543): 未获取到微博数据
2026-05-12 10:34:47,400 - INFO - 📊 监控完成: 0/1 成功, 共获取 0 条微博
2026-05-12 14:32:08,239 - INFO - 🚀 开始微博监控任务
2026-05-12 14:32:08,239 - INFO - 开始监控账号: 测试账号 (7852949543)
2026-05-12 14:32:08,239 - ERROR - 获取用户信息异常: 'request_delay'
2026-05-12 14:32:11,118 - ERROR - 获取containerid失败: Expecting value: line 1 column 1 (char 0)
2026-05-12 14:32:11,118 - WARNING - ❌ 测试账号 (7852949543): 未获取到微博数据
2026-05-12 14:32:11,119 - INFO - 📊 监控完成: 0/1 成功, 共获取 0 条微博
2026-05-12 18:01:47,256 - INFO - 🚀 开始微博监控任务
2026-05-12 18:01:47,256 - INFO - 开始监控账号: 测试账号 (7852949543)
2026-05-12 18:01:47,256 - ERROR - 获取用户信息异常: 'request_delay'
2026-05-12 18:01:49,597 - ERROR - 获取containerid失败: Expecting value: line 1 column 1 (char 0)
2026-05-12 18:01:49,597 - WARNING - ❌ 测试账号 (7852949543): 未获取到微博数据
2026-05-12 18:01:49,598 - INFO - 📊 监控完成: 0/1 成功, 共获取 0 条微博
2026-05-12 21:22:07,097 - INFO - 🚀 开始微博监控任务
2026-05-12 21:22:07,097 - INFO - 开始监控账号: 测试账号 (7852949543)
2026-05-12 21:22:07,097 - ERROR - 获取用户信息异常: 'request_delay'
2026-05-12 21:22:11,473 - ERROR - 获取containerid失败: Expecting value: line 1 column 1 (char 0)
2026-05-12 21:22:11,473 - WARNING - ❌ 测试账号 (7852949543): 未获取到微博数据
2026-05-12 21:22:11,473 - INFO - 📊 监控完成: 0/1 成功, 共获取 0 条微博
2026-05-13 03:42:37,755 - INFO - 🚀 开始微博监控任务
2026-05-13 03:42:37,755 - INFO - 开始监控账号: 测试账号 (7852949543)
2026-05-13 03:42:37,755 - ERROR - 获取用户信息异常: 'request_delay'
2026-05-13 03:42:41,300 - ERROR - 获取containerid失败: Expecting value: line 1 column 1 (char 0)
2026-05-13 03:42:41,300 - WARNING - ❌ 测试账号 (7852949543): 未获取到微博数据
2026-05-13 03:42:41,300 - INFO - 📊 监控完成: 0/1 成功, 共获取 0 条微博
2026-05-13 06:50:41,362 - INFO - 🚀 开始微博监控任务
2026-05-13 06:50:41,362 - INFO - 开始监控账号: 测试账号 (7852949543)
2026-05-13 06:50:41,362 - ERROR - 获取用户信息异常: 'request_delay'
2026-05-13 06:50:44,828 - ERROR - 获取containerid失败: Expecting value: line 1 column 1 (char 0)
2026-05-13 06:50:44,828 - WARNING - ❌ 测试账号 (7852949543): 未获取到微博数据
2026-05-13 06:50:44,829 - INFO - 📊 监控完成: 0/1 成功, 共获取 0 条微博
2026-05-13 10:31:51,872 - INFO - 🚀 开始微博监控任务
2026-05-13 10:31:51,872 - INFO - 开始监控账号: 测试账号 (7852949543)
2026-05-13 10:31:51,872 - ERROR - 获取用户信息异常: 'request_delay'
2026-05-13 10:31:54,178 - ERROR - 获取containerid失败: Expecting value: line 1 column 1 (char 0)
2026-05-13 10:31:54,178 - WARNING - ❌ 测试账号 (7852949543): 未获取到微博数据
2026-05-13 10:31:54,179 - INFO - 📊 监控完成: 0/1 成功, 共获取 0 条微博
2026-05-13 14:42:09,785 - INFO - 🚀 开始微博监控任务
2026-05-13 14:42:09,785 - INFO - 开始监控账号: 测试账号 (7852949543)
2026-05-13 14:42:09,786 - ERROR - 获取用户信息异常: 'request_delay'
2026-05-13 14:42:12,707 - ERROR - 获取containerid失败: Expecting value: line 1 column 1 (char 0)
2026-05-13 14:42:12,707 - WARNING - ❌ 测试账号 (7852949543): 未获取到微博数据
2026-05-13 14:42:12,708 - INFO - 📊 监控完成: 0/1 成功, 共获取 0 条微博
2026-05-13 18:04:05,272 - INFO - 🚀 开始微博监控任务
2026-05-13 18:04:05,273 - INFO - 开始监控账号: 测试账号 (7852949543)
2026-05-13 18:04:05,273 - ERROR - 获取用户信息异常: 'request_delay'
2026-05-13 18:04:08,205 - ERROR - 获取containerid失败: Expecting value: line 1 column 1 (char 0)
2026-05-13 18:04:08,206 - WARNING - ❌ 测试账号 (7852949543): 未获取到微博数据
2026-05-13 18:04:08,206 - INFO - 📊 监控完成: 0/1 成功, 共获取 0 条微博
2026-05-13 21:27:21,672 - INFO - 🚀 开始微博监控任务
2026-05-13 21:27:21,672 - INFO - 开始监控账号: 测试账号 (7852949543)
2026-05-13 21:27:21,672 - ERROR - 获取用户信息异常: 'request_delay'
2026-05-13 21:27:26,190 - ERROR - 获取containerid失败: Expecting value: line 1 column 1 (char 0)
2026-05-13 21:27:26,190 - WARNING - ❌ 测试账号 (7852949543): 未获取到微博数据
2026-05-13 21:27:26,191 - INFO - 📊 监控完成: 0/1 成功, 共获取 0 条微博
2026-05-14 03:41:53,295 - INFO - 🚀 开始微博监控任务
2026-05-14 03:41:53,295 - INFO - 开始监控账号: 测试账号 (7852949543)
2026-05-14 03:41:53,295 - ERROR - 获取用户信息异常: 'request_delay'
2026-05-14 03:41:56,014 - ERROR - 获取containerid失败: Expecting value: line 1 column 1 (char 0)
2026-05-14 03:41:56,014 - WARNING - ❌ 测试账号 (7852949543): 未获取到微博数据
2026-05-14 03:41:56,015 - INFO - 📊 监控完成: 0/1 成功, 共获取 0 条微博
2026-05-14 06:48:09,228 - INFO - 🚀 开始微博监控任务
2026-05-14 06:48:09,228 - INFO - 开始监控账号: 测试账号 (7852949543)
2026-05-14 06:48:09,228 - ERROR - 获取用户信息异常: 'request_delay'
2026-05-14 06:48:12,251 - ERROR - 获取containerid失败: Expecting value: line 1 column 1 (char 0)
2026-05-14 06:48:12,251 - WARNING - ❌ 测试账号 (7852949543): 未获取到微博数据
2026-05-14 06:48:12,252 - INFO - 📊 监控完成: 0/1 成功, 共获取 0 条微博
2026-05-14 10:22:14,526 - INFO - 🚀 开始微博监控任务
2026-05-14 10:22:14,526 - INFO - 开始监控账号: 测试账号 (7852949543)
2026-05-14 10:22:14,526 - ERROR - 获取用户信息异常: 'request_delay'
2026-05-14 10:22:17,440 - ERROR - 获取containerid失败: Expecting value: line 1 column 1 (char 0)
2026-05-14 10:22:17,441 - WARNING - ❌ 测试账号 (7852949543): 未获取到微博数据
2026-05-14 10:22:17,441 - INFO - 📊 监控完成: 0/1 成功, 共获取 0 条微博
2026-05-14 14:22:12,444 - INFO - 🚀 开始微博监控任务
2026-05-14 14:22:12,444 - INFO - 开始监控账号: 测试账号 (7852949543)
2026-05-14 14:22:12,444 - ERROR - 获取用户信息异常: 'request_delay'
2026-05-14 14:22:15,733 - ERROR - 获取containerid失败: Expecting value: line 1 column 1 (char 0)
2026-05-14 14:22:15,733 - WARNING - ❌ 测试账号 (7852949543): 未获取到微博数据
2026-05-14 14:22:15,733 - INFO - 📊 监控完成: 0/1 成功, 共获取 0 条微博
2026-05-14 17:55:22,600 - INFO - 🚀 开始微博监控任务
2026-05-14 17:55:22,601 - INFO - 开始监控账号: 测试账号 (7852949543)
2026-05-14 17:55:22,601 - ERROR - 获取用户信息异常: 'request_delay'
2026-05-14 17:55:25,813 - ERROR - 获取containerid失败: Expecting value: line 1 column 1 (char 0)
2026-05-14 17:55:25,813 - WARNING - ❌ 测试账号 (7852949543): 未获取到微博数据
2026-05-14 17:55:25,814 - INFO - 📊 监控完成: 0/1 成功, 共获取 0 条微博
2026-05-14 21:13:38,251 - INFO - 🚀 开始微博监控任务
2026-05-14 21:13:38,251 - INFO - 开始监控账号: 测试账号 (7852949543)
2026-05-14 21:13:38,251 - ERROR - 获取用户信息异常: 'request_delay'
2026-05-14 21:13:41,377 - ERROR - 获取containerid失败: Expecting value: line 1 column 1 (char 0)
2026-05-14 21:13:41,377 - WARNING - ❌ 测试账号 (7852949543): 未获取到微博数据
2026-05-14 21:13:41,378 - INFO - 📊 监控完成: 0/1 成功, 共获取 0 条微博
2026-05-15 03:46:58,154 - INFO - 🚀 开始微博监控任务
2026-05-15 03:46:58,154 - INFO - 开始监控账号: 测试账号 (7852949543)
2026-05-15 03:46:58,154 - ERROR - 获取用户信息异常: 'request_delay'
2026-05-15 03:47:01,111 - ERROR - 获取containerid失败: Expecting value: line 1 column 1 (char 0)
2026-05-15 03:47:01,111 - WARNING - ❌ 测试账号 (7852949543): 未获取到微博数据
2026-05-15 03:47:01,112 - INFO - 📊 监控完成: 0/1 成功, 共获取 0 条微博
2026-05-15 06:57:44,980 - INFO - 🚀 开始微博监控任务
2026-05-15 06:57:44,980 - INFO - 开始监控账号: 测试账号 (7852949543)
2026-05-15 06:57:44,980 - ERROR - 获取用户信息异常: 'request_delay'
2026-05-15 06:57:47,470 - ERROR - 获取containerid失败: Expecting value: line 1 column 1 (char 0)
2026-05-15 06:57:47,471 - WARNING - ❌ 测试账号 (7852949543): 未获取到微博数据
2026-05-15 06:57:47,471 - INFO - 📊 监控完成: 0/1 成功, 共获取 0 条微博
2026-05-15 10:27:42,653 - INFO - 🚀 开始微博监控任务
2026-05-15 10:27:42,654 - INFO - 开始监控账号: 测试账号 (7852949543)
2026-05-15 10:27:42,654 - ERROR - 获取用户信息异常: 'request_delay'
2026-05-15 10:27:45,702 - ERROR - 获取containerid失败: Expecting value: line 1 column 1 (char 0)
2026-05-15 10:27:45,702 - WARNING - ❌ 测试账号 (7852949543): 未获取到微博数据
2026-05-15 10:27:45,703 - INFO - 📊 监控完成: 0/1 成功, 共获取 0 条微博
2026-05-15 14:13:42,883 - INFO - 🚀 开始微博监控任务
2026-05-15 14:13:42,883 - INFO - 开始监控账号: 测试账号 (7852949543)
2026-05-15 14:13:42,883 - ERROR - 获取用户信息异常: 'request_delay'
2026-05-15 14:13:45,617 - ERROR - 获取containerid失败: Expecting value: line 1 column 1 (char 0)
2026-05-15 14:13:45,617 - WARNING - ❌ 测试账号 (7852949543): 未获取到微博数据
2026-05-15 14:13:45,617 - INFO - 📊 监控完成: 0/1 成功, 共获取 0 条微博
2026-05-15 17:42:02,201 - INFO - 🚀 开始微博监控任务
2026-05-15 17:42:02,201 - INFO - 开始监控账号: 测试账号 (7852949543)
2026-05-15 17:42:02,201 - ERROR - 获取用户信息异常: 'request_delay'
2026-05-15 17:42:05,417 - ERROR - 获取containerid失败: Expecting value: line 1 column 1 (char 0)
2026-05-15 17:42:05,417 - WARNING - ❌ 测试账号 (7852949543): 未获取到微博数据
2026-05-15 17:42:05,418 - INFO - 📊 监控完成: 0/1 成功, 共获取 0 条微博
2026-05-15 21:05:30,264 - INFO - 🚀 开始微博监控任务
2026-05-15 21:05:30,264 - INFO - 开始监控账号: 测试账号 (7852949543)
2026-05-15 21:05:30,264 - ERROR - 获取用户信息异常: 'request_delay'
2026-05-15 21:05:32,779 - ERROR - 获取containerid失败: Expecting value: line 1 column 1 (char 0)
2026-05-15 21:05:32,779 - WARNING - ❌ 测试账号 (7852949543): 未获取到微博数据
2026-05-15 21:05:32,779 - INFO - 📊 监控完成: 0/1 成功, 共获取 0 条微博
2026-05-16 03:30:01,035 - INFO - 🚀 开始微博监控任务
2026-05-16 03:30:01,035 - INFO - 开始监控账号: 测试账号 (7852949543)
2026-05-16 03:30:01,035 - ERROR - 获取用户信息异常: 'request_delay'
2026-05-16 03:30:04,135 - ERROR - 获取containerid失败: Expecting value: line 1 column 1 (char 0)
2026-05-16 03:30:04,136 - WARNING - ❌ 测试账号 (7852949543): 未获取到微博数据
2026-05-16 03:30:04,136 - INFO - 📊 监控完成: 0/1 成功, 共获取 0 条微博
2026-05-16 06:24:44,281 - INFO - 🚀 开始微博监控任务
2026-05-16 06:24:44,281 - INFO - 开始监控账号: 测试账号 (7852949543)
2026-05-16 06:24:44,281 - ERROR - 获取用户信息异常: 'request_delay'
2026-05-16 06:24:47,061 - ERROR - 获取containerid失败: Expecting value: line 1 column 1 (char 0)
2026-05-16 06:24:47,062 - WARNING - ❌ 测试账号 (7852949543): 未获取到微博数据
2026-05-16 06:24:47,062 - INFO - 📊 监控完成: 0/1 成功, 共获取 0 条微博
2026-05-16 09:43:16,191 - INFO - 🚀 开始微博监控任务
2026-05-16 09:43:16,191 - INFO - 开始监控账号: 测试账号 (7852949543)
2026-05-16 09:43:16,191 - ERROR - 获取用户信息异常: 'request_delay'
2026-05-16 09:43:19,059 - ERROR - 获取containerid失败: Expecting value: line 1 column 1 (char 0)
2026-05-16 09:43:19,059 - WARNING - ❌ 测试账号 (7852949543): 未获取到微博数据
2026-05-16 09:43:19,060 - INFO - 📊 监控完成: 0/1 成功, 共获取 0 条微博
2026-05-16 13:38:50,201 - INFO - 🚀 开始微博监控任务
2026-05-16 13:38:50,201 - INFO - 开始监控账号: 测试账号 (7852949543)
2026-05-16 13:38:50,201 - ERROR - 获取用户信息异常: 'request_delay'
2026-05-16 13:38:53,378 - ERROR - 获取containerid失败: Expecting value: line 1 column 1 (char 0)
2026-05-16 13:38:53,378 - WARNING - ❌ 测试账号 (7852949543): 未获取到微博数据
2026-05-16 13:38:53,379 - INFO - 📊 监控完成: 0/1 成功, 共获取 0 条微博
2026-05-16 17:01:31,372 - INFO - 🚀 开始微博监控任务
2026-05-16 17:01:31,373 - INFO - 开始监控账号: 测试账号 (7852949543)
2026-05-16 17:01:31,373 - ERROR - 获取用户信息异常: 'request_delay'
2026-05-16 17:01:33,939 - ERROR - 获取containerid失败: Expecting value: line 1 column 1 (char 0)
2026-05-16 17:01:33,940 - WARNING - ❌ 测试账号 (7852949543): 未获取到微博数据
2026-05-16 17:01:33,940 - INFO - 📊 监控完成: 0/1 成功, 共获取 0 条微博
2026-05-16 20:53:32,426 - INFO - 🚀 开始微博监控任务
2026-05-16 20:53:32,426 - INFO - 开始监控账号: 测试账号 (7852949543)
2026-05-16 20:53:32,426 - ERROR - 获取用户信息异常: 'request_delay'
2026-05-16 20:53:35,808 - ERROR - 获取containerid失败: Expecting value: line 1 column 1 (char 0)
2026-05-16 20:53:35,808 - WARNING - ❌ 测试账号 (7852949543): 未获取到微博数据
2026-05-16 20:53:35,809 - INFO - 📊 监控完成: 0/1 成功, 共获取 0 条微博
2026-05-17 03:46:23,318 - INFO - 🚀 开始微博监控任务
2026-05-17 03:46:23,318 - INFO - 开始监控账号: 测试账号 (7852949543)
2026-05-17 03:46:23,318 - ERROR - 获取用户信息异常: 'request_delay'
2026-05-17 03:46:26,186 - ERROR - 获取containerid失败: Expecting value: line 1 column 1 (char 0)
2026-05-17 03:46:26,186 - WARNING - ❌ 测试账号 (7852949543): 未获取到微博数据
2026-05-17 03:46:26,187 - INFO - 📊 监控完成: 0/1 成功, 共获取 0 条微博
2026-05-17 06:47:29,397 - INFO - 🚀 开始微博监控任务
2026-05-17 06:47:29,397 - INFO - 开始监控账号: 测试账号 (7852949543)
2026-05-17 06:47:29,397 - ERROR - 获取用户信息异常: 'request_delay'
2026-05-17 06:47:32,658 - ERROR - 获取containerid失败: Expecting value: line 1 column 1 (char 0)
2026-05-17 06:47:32,658 - WARNING - ❌ 测试账号 (7852949543): 未获取到微博数据
2026-05-17 06:47:32,659 - INFO - 📊 监控完成: 0/1 成功, 共获取 0 条微博
2026-05-17 09:49:02,794 - INFO - 🚀 开始微博监控任务
2026-05-17 09:49:02,794 - INFO - 开始监控账号: 测试账号 (7852949543)
2026-05-17 09:49:02,794 - ERROR - 获取用户信息异常: 'request_delay'
2026-05-17 09:49:05,408 - ERROR - 获取containerid失败: Expecting value: line 1 column 1 (char 0)
2026-05-17 09:49:05,408 - WARNING - ❌ 测试账号 (7852949543): 未获取到微博数据
2026-05-17 09:49:05,408 - INFO - 📊 监控完成: 0/1 成功, 共获取 0 条微博
2026-05-17 13:27:20,130 - INFO - 🚀 开始微博监控任务
2026-05-17 13:27:20,130 - INFO - 开始监控账号: 测试账号 (7852949543)
2026-05-17 13:27:20,130 - ERROR - 获取用户信息异常: 'request_delay'
2026-05-17 13:27:23,222 - ERROR - 获取containerid失败: Expecting value: line 1 column 1 (char 0)
2026-05-17 13:27:23,222 - WARNING - ❌ 测试账号 (7852949543): 未获取到微博数据
2026-05-17 13:27:23,223 - INFO - 📊 监控完成: 0/1 成功, 共获取 0 条微博
2026-05-17 17:00:08,074 - INFO - 🚀 开始微博监控任务
2026-05-17 17:00:08,074 - INFO - 开始监控账号: 测试账号 (7852949543)
2026-05-17 17:00:08,074 - ERROR - 获取用户信息异常: 'request_delay'
2026-05-17 17:00:10,920 - ERROR - 获取containerid失败: Expecting value: line 1 column 1 (char 0)
2026-05-17 17:00:10,920 - WARNING - ❌ 测试账号 (7852949543): 未获取到微博数据
2026-05-17 17:00:10,920 - INFO - 📊 监控完成: 0/1 成功, 共获取 0 条微博
2026-05-17 20:57:23,450 - INFO - 🚀 开始微博监控任务
2026-05-17 20:57:23,450 - INFO - 开始监控账号: 测试账号 (7852949543)
2026-05-17 20:57:23,450 - ERROR - 获取用户信息异常: 'request_delay'
2026-05-17 20:57:26,390 - ERROR - 获取containerid失败: Expecting value: line 1 column 1 (char 0)
2026-05-17 20:57:26,390 - WARNING - ❌ 测试账号 (7852949543): 未获取到微博数据
2026-05-17 20:57:26,390 - INFO - 📊 监控完成: 0/1 成功, 共获取 0 条微博
2026-05-18 03:59:38,479 - INFO - 🚀 开始微博监控任务
2026-05-18 03:59:38,479 - INFO - 开始监控账号: 测试账号 (7852949543)
2026-05-18 03:59:38,479 - ERROR - 获取用户信息异常: 'request_delay'
2026-05-18 03:59:41,582 - ERROR - 获取containerid失败: Expecting value: line 1 column 1 (char 0)
2026-05-18 03:59:41,582 - WARNING - ❌ 测试账号 (7852949543): 未获取到微博数据
2026-05-18 03:59:41,582 - INFO - 📊 监控完成: 0/1 成功, 共获取 0 条微博
2026-05-18 08:13:00,595 - INFO - 🚀 开始微博监控任务
2026-05-18 08:13:00,595 - INFO - 开始监控账号: 测试账号 (7852949543)
2026-05-18 08:13:00,595 - ERROR - 获取用户信息异常: 'request_delay'
2026-05-18 08:13:03,861 - ERROR - 获取containerid失败: Expecting value: line 1 column 1 (char 0)
2026-05-18 08:13:03,861 - WARNING - ❌ 测试账号 (7852949543): 未获取到微博数据
2026-05-18 08:13:03,862 - INFO - 📊 监控完成: 0/1 成功, 共获取 0 条微博
2026-05-18 15:39:33,826 - INFO - 🚀 开始微博监控任务
2026-05-18 15:39:33,826 - INFO - 开始监控账号: 测试账号 (7852949543)
2026-05-18 15:39:33,826 - ERROR - 获取用户信息异常: 'request_delay'
2026-05-18 15:39:37,629 - ERROR - 获取containerid失败: Expecting value: line 1 column 1 (char 0)
2026-05-18 15:39:37,630 - WARNING - ❌ 测试账号 (7852949543): 未获取到微博数据
2026-05-18 15:39:37,630 - INFO - 📊 监控完成: 0/1 成功, 共获取 0 条微博
2026-05-18 18:03:01,397 - INFO - 🚀 开始微博监控任务
2026-05-18 18:03:01,398 - INFO - 开始监控账号: 测试账号 (7852949543)
2026-05-18 18:03:01,398 - ERROR - 获取用户信息异常: 'request_delay'
2026-05-18 18:03:04,331 - ERROR - 获取containerid失败: Expecting value: line 1 column 1 (char 0)
2026-05-18 18:03:04,331 - WARNING - ❌ 测试账号 (7852949543): 未获取到微博数据
2026-05-18 18:03:04,331 - INFO - 📊 监控完成: 0/1 成功, 共获取 0 条微博
2026-05-18 21:14:54,323 - INFO - 🚀 开始微博监控任务
2026-05-18 21:14:54,323 - INFO - 开始监控账号: 测试账号 (7852949543)
2026-05-18 21:14:54,323 - ERROR - 获取用户信息异常: 'request_delay'
2026-05-18 21:14:56,824 - ERROR - 获取containerid失败: Expecting value: line 1 column 1 (char 0)
2026-05-18 21:14:56,825 - WARNING - ❌ 测试账号 (7852949543): 未获取到微博数据
2026-05-18 21:14:56,825 - INFO - 📊 监控完成: 0/1 成功, 共获取 0 条微博
2026-05-19 03:53:37,872 - INFO - 🚀 开始微博监控任务
2026-05-19 03:53:37,872 - INFO - 开始监控账号: 测试账号 (7852949543)
2026-05-19 03:53:37,872 - ERROR - 获取用户信息异常: 'request_delay'
2026-05-19 03:53:40,602 - ERROR - 获取containerid失败: Expecting value: line 1 column 1 (char 0)
2026-05-19 03:53:40,602 - WARNING - ❌ 测试账号 (7852949543): 未获取到微博数据
2026-05-19 03:53:40,603 - INFO - 📊 监控完成: 0/1 成功, 共获取 0 条微博
2026-05-19 07:50:57,581 - INFO - 🚀 开始微博监控任务
2026-05-19 07:50:57,581 - INFO - 开始监控账号: 测试账号 (7852949543)
2026-05-19 07:50:57,581 - ERROR - 获取用户信息异常: 'request_delay'
2026-05-19 07:51:01,145 - ERROR - 获取containerid失败: Expecting value: line 1 column 1 (char 0)
2026-05-19 07:51:01,146 - WARNING - ❌ 测试账号 (7852949543): 未获取到微博数据
2026-05-19 07:51:01,146 - INFO - 📊 监控完成: 0/1 成功, 共获取 0 条微博
2026-05-19 11:22:49,012 - INFO - 🚀 开始微博监控任务
2026-05-19 11:22:49,012 - INFO - 开始监控账号: 测试账号 (7852949543)
2026-05-19 11:22:49,012 - ERROR - 获取用户信息异常: 'request_delay'
2026-05-19 11:22:51,620 - ERROR - 获取containerid失败: Expecting value: line 1 column 1 (char 0)
2026-05-19 11:22:51,620 - WARNING - ❌ 测试账号 (7852949543): 未获取到微博数据
2026-05-19 11:22:51,621 - INFO - 📊 监控完成: 0/1 成功, 共获取 0 条微博
2026-05-19 15:31:41,920 - INFO - 🚀 开始微博监控任务
2026-05-19 15:31:41,920 - INFO - 开始监控账号: 测试账号 (7852949543)
2026-05-19 15:31:41,920 - ERROR - 获取用户信息异常: 'request_delay'
2026-05-19 15:31:45,145 - ERROR - 获取containerid失败: Expecting value: line 1 column 1 (char 0)
2026-05-19 15:31:45,145 - WARNING - ❌ 测试账号 (7852949543): 未获取到微博数据
2026-05-19 15:31:45,145 - INFO - 📊 监控完成: 0/1 成功, 共获取 0 条微博
2026-05-19 18:08:34,705 - INFO - 🚀 开始微博监控任务
2026-05-19 18:08:34,705 - INFO - 开始监控账号: 测试账号 (7852949543)
2026-05-19 18:08:34,705 - ERROR - 获取用户信息异常: 'request_delay'
2026-05-19 18:08:38,483 - ERROR - 获取containerid失败: Expecting value: line 1 column 1 (char 0)
2026-05-19 18:08:38,483 - WARNING - ❌ 测试账号 (7852949543): 未获取到微博数据
2026-05-19 18:08:38,484 - INFO - 📊 监控完成: 0/1 成功, 共获取 0 条微博
2026-05-19 21:22:14,259 - INFO - 🚀 开始微博监控任务
2026-05-19 21:22:14,259 - INFO - 开始监控账号: 测试账号 (7852949543)
2026-05-19 21:22:14,259 - ERROR - 获取用户信息异常: 'request_delay'
2026-05-19 21:22:18,481 - ERROR - 获取containerid失败: Expecting value: line 1 column 1 (char 0)
2026-05-19 21:22:18,482 - WARNING - ❌ 测试账号 (7852949543): 未获取到微博数据
2026-05-19 21:22:18,482 - INFO - 📊 监控完成: 0/1 成功, 共获取 0 条微博
2026-05-20 03:54:06,688 - INFO - 🚀 开始微博监控任务
2026-05-20 03:54:06,688 - INFO - 开始监控账号: 测试账号 (7852949543)
2026-05-20 03:54:06,688 - ERROR - 获取用户信息异常: 'request_delay'
2026-05-20 03:54:09,152 - ERROR - 获取containerid失败: Expecting value: line 1 column 1 (char 0)
2026-05-20 03:54:09,152 - WARNING - ❌ 测试账号 (7852949543): 未获取到微博数据
2026-05-20 03:54:09,153 - INFO - 📊 监控完成: 0/1 成功, 共获取 0 条微博
2026-05-20 07:49:55,907 - INFO - 🚀 开始微博监控任务
2026-05-20 07:49:55,907 - INFO - 开始监控账号: 测试账号 (7852949543)
2026-05-20 07:49:55,907 - ERROR - 获取用户信息异常: 'request_delay'
2026-05-20 07:49:59,797 - ERROR - 获取containerid失败: Expecting value: line 1 column 1 (char 0)
2026-05-20 07:49:59,797 - WARNING - ❌ 测试账号 (7852949543): 未获取到微博数据
2026-05-20 07:49:59,797 - INFO - 📊 监控完成: 0/1 成功, 共获取 0 条微博
2026-05-20 10:54:15,163 - INFO - 🚀 开始微博监控任务
2026-05-20 10:54:15,163 - INFO - 开始监控账号: 测试账号 (7852949543)
2026-05-20 10:54:15,163 - ERROR - 获取用户信息异常: 'request_delay'
2026-05-20 10:54:17,673 - ERROR - 获取containerid失败: Expecting value: line 1 column 1 (char 0)
2026-05-20 10:54:17,673 - WARNING - ❌ 测试账号 (7852949543): 未获取到微博数据
2026-05-20 10:54:17,673 - INFO - 📊 监控完成: 0/1 成功, 共获取 0 条微博
2026-05-20 15:29:08,241 - INFO - 🚀 开始微博监控任务
2026-05-20 15:29:08,242 - INFO - 开始监控账号: 测试账号 (7852949543)
2026-05-20 15:29:08,242 - ERROR - 获取用户信息异常: 'request_delay'
2026-05-20 15:29:13,125 - ERROR - 获取containerid失败: Expecting value: line 1 column 1 (char 0)
2026-05-20 15:29:13,125 - WARNING - ❌ 测试账号 (7852949543): 未获取到微博数据
2026-05-20 15:29:13,126 - INFO - 📊 监控完成: 0/1 成功, 共获取 0 条微博
2026-05-20 18:20:55,104 - INFO - 🚀 开始微博监控任务
2026-05-20 18:20:55,104 - INFO - 开始监控账号: 测试账号 (7852949543)
2026-05-20 18:20:55,104 - ERROR - 获取用户信息异常: 'request_delay'
2026-05-20 18:20:58,871 - ERROR - 获取containerid失败: Expecting value: line 1 column 1 (char 0)
2026-05-20 18:20:58,871 - WARNING - ❌ 测试账号 (7852949543): 未获取到微博数据
2026-05-20 18:20:58,871 - INFO - 📊 监控完成: 0/1 成功, 共获取 0 条微博
2026-05-20 21:58:16,879 - INFO - 🚀 开始微博监控任务
2026-05-20 21:58:16,879 - INFO - 开始监控账号: 测试账号 (7852949543)
2026-05-20 21:58:16,879 - ERROR - 获取用户信息异常: 'request_delay'
2026-05-20 21:58:19,906 - ERROR - 获取containerid失败: Expecting value: line 1 column 1 (char 0)
2026-05-20 21:58:19,906 - WARNING - ❌ 测试账号 (7852949543): 未获取到微博数据
2026-05-20 21:58:19,906 - INFO - 📊 监控完成: 0/1 成功, 共获取 0 条微博
2026-05-21 04:02:56,528 - INFO - 🚀 开始微博监控任务
2026-05-21 04:02:56,529 - INFO - 开始监控账号: 测试账号 (7852949543)
2026-05-21 04:02:56,529 - ERROR - 获取用户信息异常: 'request_delay'
2026-05-21 04:03:00,766 - ERROR - 获取containerid失败: Expecting value: line 1 column 1 (char 0)
2026-05-21 04:03:00,766 - WARNING - ❌ 测试账号 (7852949543): 未获取到微博数据
2026-05-21 04:03:00,767 - INFO - 📊 监控完成: 0/1 成功, 共获取 0 条微博
2026-05-21 11:29:07,373 - INFO - 🚀 开始微博监控任务
2026-05-21 11:29:07,374 - INFO - 开始监控账号: 测试账号 (7852949543)
2026-05-21 11:29:07,374 - ERROR - 获取用户信息异常: 'request_delay'
2026-05-21 11:29:11,149 - ERROR - 获取containerid失败: Expecting value: line 1 column 1 (char 0)
2026-05-21 11:29:11,150 - WARNING - ❌ 测试账号 (7852949543): 未获取到微博数据
2026-05-21 11:29:11,150 - INFO - 📊 监控完成: 0/1 成功, 共获取 0 条微博
2026-05-21 15:35:37,436 - INFO - 🚀 开始微博监控任务
2026-05-21 15:35:37,436 - INFO - 开始监控账号: 测试账号 (7852949543)
2026-05-21 15:35:37,436 - ERROR - 获取用户信息异常: 'request_delay'
2026-05-21 15:35:40,889 - ERROR - 获取containerid失败: Expecting value: line 1 column 1 (char 0)
2026-05-21 15:35:40,889 - WARNING - ❌ 测试账号 (7852949543): 未获取到微博数据
2026-05-21 15:35:40,889 - INFO - 📊 监控完成: 0/1 成功, 共获取 0 条微博
2026-05-21 18:02:33,319 - INFO - 🚀 开始微博监控任务
2026-05-21 18:02:33,320 - INFO - 开始监控账号: 测试账号 (7852949543)
2026-05-21 18:02:33,320 - ERROR - 获取用户信息异常: 'request_delay'
2026-05-21 18:02:36,326 - ERROR - 获取containerid失败: Expecting value: line 1 column 1 (char 0)
2026-05-21 18:02:36,327 - WARNING - ❌ 测试账号 (7852949543): 未获取到微博数据
2026-05-21 18:02:36,327 - INFO - 📊 监控完成: 0/1 成功, 共获取 0 条微博
2026-05-21 21:39:07,834 - INFO - 🚀 开始微博监控任务
2026-05-21 21:39:07,834 - INFO - 开始监控账号: 测试账号 (7852949543)
2026-05-21 21:39:07,834 - ERROR - 获取用户信息异常: 'request_delay'
2026-05-21 21:39:10,984 - ERROR - 获取containerid失败: Expecting value: line 1 column 1 (char 0)
2026-05-21 21:39:10,984 - WARNING - ❌ 测试账号 (7852949543): 未获取到微博数据
2026-05-21 21:39:10,984 - INFO - 📊 监控完成: 0/1 成功, 共获取 0 条微博
2026-05-22 03:58:13,487 - INFO - 🚀 开始微博监控任务
2026-05-22 03:58:13,487 - INFO - 开始监控账号: 测试账号 (7852949543)
2026-05-22 03:58:13,487 - ERROR - 获取用户信息异常: 'request_delay'
2026-05-22 03:58:16,252 - ERROR - 获取containerid失败: Expecting value: line 1 column 1 (char 0)
2026-05-22 03:58:16,253 - WARNING - ❌ 测试账号 (7852949543): 未获取到微博数据
2026-05-22 03:58:16,289 - INFO - 📊 监控完成: 0/1 成功, 共获取 0 条微博
2026-05-22 07:51:21,513 - INFO - 🚀 开始微博监控任务
2026-05-22 07:51:21,513 - INFO - 开始监控账号: 测试账号 (7852949543)
2026-05-22 07:51:21,513 - ERROR - 获取用户信息异常: 'request_delay'
2026-05-22 07:51:24,713 - ERROR - 获取containerid失败: Expecting value: line 1 column 1 (char 0)
2026-05-22 07:51:24,713 - WARNING - ❌ 测试账号 (7852949543): 未获取到微博数据
2026-05-22 07:51:24,713 - INFO - 📊 监控完成: 0/1 成功, 共获取 0 条微博
2026-05-22 10:53:55,900 - INFO - 🚀 开始微博监控任务
2026-05-22 10:53:55,900 - INFO - 开始监控账号: 测试账号 (7852949543)
2026-05-22 10:53:55,900 - ERROR - 获取用户信息异常: 'request_delay'
2026-05-22 10:53:58,294 - ERROR - 获取containerid失败: Expecting value: line 1 column 1 (char 0)
2026-05-22 10:53:58,294 - WARNING - ❌ 测试账号 (7852949543): 未获取到微博数据
2026-05-22 10:53:58,294 - INFO - 📊 监控完成: 0/1 成功, 共获取 0 条微博
2026-05-22 14:45:36,363 - INFO - 🚀 开始微博监控任务
2026-05-22 14:45:36,363 - INFO - 开始监控账号: 测试账号 (7852949543)
2026-05-22 14:45:36,363 - ERROR - 获取用户信息异常: 'request_delay'
2026-05-22 14:45:38,910 - ERROR - 获取containerid失败: Expecting value: line 1 column 1 (char 0)
2026-05-22 14:45:38,911 - WARNING - ❌ 测试账号 (7852949543): 未获取到微博数据
2026-05-22 14:45:38,911 - INFO - 📊 监控完成: 0/1 成功, 共获取 0 条微博
2026-05-22 17:55:12,313 - INFO - 🚀 开始微博监控任务
2026-05-22 17:55:12,313 - INFO - 开始监控账号: 测试账号 (7852949543)
2026-05-22 17:55:12,313 - ERROR - 获取用户信息异常: 'request_delay'
2026-05-22 17:55:16,810 - ERROR - 获取containerid失败: Expecting value: line 1 column 1 (char 0)
2026-05-22 17:55:16,810 - WARNING - ❌ 测试账号 (7852949543): 未获取到微博数据
2026-05-22 17:55:16,811 - INFO - 📊 监控完成: 0/1 成功, 共获取 0 条微博
2026-05-22 21:14:31,830 - INFO - 🚀 开始微博监控任务
2026-05-22 21:14:31,830 - INFO - 开始监控账号: 测试账号 (7852949543)
2026-05-22 21:14:31,830 - ERROR - 获取用户信息异常: 'request_delay'
2026-05-22 21:14:35,051 - ERROR - 获取containerid失败: Expecting value: line 1 column 1 (char 0)
2026-05-22 21:14:35,051 - WARNING - ❌ 测试账号 (7852949543): 未获取到微博数据
2026-05-22 21:14:35,051 - INFO - 📊 监控完成: 0/1 成功, 共获取 0 条微博
2026-05-23 03:35:09,068 - INFO - 🚀 开始微博监控任务
2026-05-23 03:35:09,069 - INFO - 开始监控账号: 测试账号 (7852949543)
2026-05-23 03:35:09,069 - ERROR - 获取用户信息异常: 'request_delay'
2026-05-23 03:35:13,875 - ERROR - 获取containerid失败: Expecting value: line 1 column 1 (char 0)
2026-05-23 03:35:13,875 - WARNING - ❌ 测试账号 (7852949543): 未获取到微博数据
2026-05-23 03:35:13,875 - INFO - 📊 监控完成: 0/1 成功, 共获取 0 条微博
2026-05-23 06:36:11,086 - INFO - 🚀 开始微博监控任务
2026-05-23 06:36:11,086 - INFO - 开始监控账号: 测试账号 (7852949543)
2026-05-23 06:36:11,086 - ERROR - 获取用户信息异常: 'request_delay'
2026-05-23 06:36:14,530 - ERROR - 获取containerid失败: Expecting value: line 1 column 1 (char 0)
2026-05-23 06:36:14,530 - WARNING - ❌ 测试账号 (7852949543): 未获取到微博数据
2026-05-23 06:36:14,530 - INFO - 📊 监控完成: 0/1 成功, 共获取 0 条微博
2026-05-23 09:56:40,801 - INFO - 🚀 开始微博监控任务
2026-05-23 09:56:40,801 - INFO - 开始监控账号: 测试账号 (7852949543)
2026-05-23 09:56:40,801 - ERROR - 获取用户信息异常: 'request_delay'
2026-05-23 09:56:44,893 - ERROR - 获取containerid失败: Expecting value: line 1 column 1 (char 0)
2026-05-23 09:56:44,893 - WARNING - ❌ 测试账号 (7852949543): 未获取到微博数据
2026-05-23 09:56:44,894 - INFO - 📊 监控完成: 0/1 成功, 共获取 0 条微博
2026-05-23 13:42:18,410 - INFO - 🚀 开始微博监控任务
2026-05-23 13:42:18,410 - INFO - 开始监控账号: 测试账号 (7852949543)
2026-05-23 13:42:18,410 - ERROR - 获取用户信息异常: 'request_delay'
2026-05-23 13:42:22,107 - ERROR - 获取containerid失败: Expecting value: line 1 column 1 (char 0)
2026-05-23 13:42:22,107 - WARNING - ❌ 测试账号 (7852949543): 未获取到微博数据
2026-05-23 13:42:22,108 - INFO - 📊 监控完成: 0/1 成功, 共获取 0 条微博
2026-05-23 17:03:21,990 - INFO - 🚀 开始微博监控任务
2026-05-23 17:03:21,990 - INFO - 开始监控账号: 测试账号 (7852949543)
2026-05-23 17:03:21,990 - ERROR - 获取用户信息异常: 'request_delay'
2026-05-23 17:03:26,398 - ERROR - 获取containerid失败: Expecting value: line 1 column 1 (char 0)
2026-05-23 17:03:26,398 - WARNING - ❌ 测试账号 (7852949543): 未获取到微博数据
2026-05-23 17:03:26,399 - INFO - 📊 监控完成: 0/1 成功, 共获取 0 条微博
2026-05-23 20:57:05,281 - INFO - 🚀 开始微博监控任务
2026-05-23 20:57:05,281 - INFO - 开始监控账号: 测试账号 (7852949543)
2026-05-23 20:57:05,281 - ERROR - 获取用户信息异常: 'request_delay'
2026-05-23 20:57:08,675 - ERROR - 获取containerid失败: Expecting value: line 1 column 1 (char 0)
2026-05-23 20:57:08,675 - WARNING - ❌ 测试账号 (7852949543): 未获取到微博数据
2026-05-23 20:57:08,676 - INFO - 📊 监控完成: 0/1 成功, 共获取 0 条微博
2026-05-24 03:56:43,489 - INFO - 🚀 开始微博监控任务
2026-05-24 03:56:43,489 - INFO - 开始监控账号: 测试账号 (7852949543)
2026-05-24 03:56:43,489 - ERROR - 获取用户信息异常: 'request_delay'
2026-05-24 03:56:47,394 - ERROR - 获取containerid失败: Expecting value: line 1 column 1 (char 0)
2026-05-24 03:56:47,394 - WARNING - ❌ 测试账号 (7852949543): 未获取到微博数据
2026-05-24 03:56:47,395 - INFO - 📊 监控完成: 0/1 成功, 共获取 0 条微博
2026-05-24 07:26:16,700 - INFO - 🚀 开始微博监控任务
2026-05-24 07:26:16,700 - INFO - 开始监控账号: 测试账号 (7852949543)
2026-05-24 07:26:16,700 - ERROR - 获取用户信息异常: 'request_delay'
2026-05-24 07:26:19,585 - ERROR - 获取containerid失败: Expecting value: line 1 column 1 (char 0)
2026-05-24 07:26:19,585 - WARNING - ❌ 测试账号 (7852949543): 未获取到微博数据
2026-05-24 07:26:19,586 - INFO - 📊 监控完成: 0/1 成功, 共获取 0 条微博
2026-05-24 09:58:06,595 - INFO - 🚀 开始微博监控任务
2026-05-24 09:58:06,595 - INFO - 开始监控账号: 测试账号 (7852949543)
2026-05-24 09:58:06,595 - ERROR - 获取用户信息异常: 'request_delay'
2026-05-24 09:58:09,076 - ERROR - 获取containerid失败: Expecting value: line 1 column 1 (char 0)
2026-05-24 09:58:09,076 - WARNING - ❌ 测试账号 (7852949543): 未获取到微博数据
2026-05-24 09:58:09,076 - INFO - 📊 监控完成: 0/1 成功, 共获取 0 条微博
2026-05-24 13:42:01,094 - INFO - 🚀 开始微博监控任务
2026-05-24 13:42:01,094 - INFO - 开始监控账号: 测试账号 (7852949543)
2026-05-24 13:42:01,094 - ERROR - 获取用户信息异常: 'request_delay'
2026-05-24 13:42:04,716 - ERROR - 获取containerid失败: Expecting value: line 1 column 1 (char 0)
2026-05-24 13:42:04,716 - WARNING - ❌ 测试账号 (7852949543): 未获取到微博数据
2026-05-24 13:42:04,716 - INFO - 📊 监控完成: 0/1 成功, 共获取 0 条微博
2026-05-24 17:05:59,507 - INFO - 🚀 开始微博监控任务
2026-05-24 17:05:59,507 - INFO - 开始监控账号: 测试账号 (7852949543)
2026-05-24 17:05:59,507 - ERROR - 获取用户信息异常: 'request_delay'
2026-05-24 17:06:02,777 - ERROR - 获取containerid失败: Expecting value: line 1 column 1 (char 0)
2026-05-24 17:06:02,778 - WARNING - ❌ 测试账号 (7852949543): 未获取到微博数据
2026-05-24 17:06:02,778 - INFO - 📊 监控完成: 0/1 成功, 共获取 0 条微博
2026-05-24 20:59:47,539 - INFO - 🚀 开始微博监控任务
2026-05-24 20:59:47,539 - INFO - 开始监控账号: 测试账号 (7852949543)
2026-05-24 20:59:47,539 - ERROR - 获取用户信息异常: 'request_delay'
2026-05-24 20:59:51,791 - ERROR - 获取containerid失败: Expecting value: line 1 column 1 (char 0)
2026-05-24 20:59:51,791 - WARNING - ❌ 测试账号 (7852949543): 未获取到微博数据
2026-05-24 20:59:51,791 - INFO - 📊 监控完成: 0/1 成功, 共获取 0 条微博
2026-05-25 04:07:54,112 - INFO - 🚀 开始微博监控任务
2026-05-25 04:07:54,112 - INFO - 开始监控账号: 测试账号 (7852949543)
2026-05-25 04:07:54,112 - ERROR - 获取用户信息异常: 'request_delay'
2026-05-25 04:07:57,795 - ERROR - 获取containerid失败: Expecting value: line 1 column 1 (char 0)
2026-05-25 04:07:57,795 - WARNING - ❌ 测试账号 (7852949543): 未获取到微博数据
2026-05-25 04:07:57,795 - INFO - 📊 监控完成: 0/1 成功, 共获取 0 条微博
2026-05-25 11:54:59,096 - INFO - 🚀 开始微博监控任务
2026-05-25 11:54:59,096 - INFO - 开始监控账号: 测试账号 (7852949543)
2026-05-25 11:54:59,096 - ERROR - 获取用户信息异常: 'request_delay'
2026-05-25 11:55:03,693 - ERROR - 获取containerid失败: Expecting value: line 1 column 1 (char 0)
2026-05-25 11:55:03,693 - WARNING - ❌ 测试账号 (7852949543): 未获取到微博数据
2026-05-25 11:55:03,694 - INFO - 📊 监控完成: 0/1 成功, 共获取 0 条微博
2026-05-25 15:14:48,217 - INFO - 🚀 开始微博监控任务
2026-05-25 15:14:48,217 - INFO - 开始监控账号: 测试账号 (7852949543)
2026-05-25 15:14:48,217 - ERROR - 获取用户信息异常: 'request_delay'
2026-05-25 15:14:50,579 - ERROR - 获取containerid失败: Expecting value: line 1 column 1 (char 0)
2026-05-25 15:14:50,579 - WARNING - ❌ 测试账号 (7852949543): 未获取到微博数据
2026-05-25 15:14:50,579 - INFO - 📊 监控完成: 0/1 成功, 共获取 0 条微博
2026-05-25 17:46:13,048 - INFO - 🚀 开始微博监控任务
2026-05-25 17:46:13,048 - INFO - 开始监控账号: 测试账号 (7852949543)
2026-05-25 17:46:13,049 - ERROR - 获取用户信息异常: 'request_delay'
2026-05-25 17:46:16,097 - ERROR - 获取containerid失败: Expecting value: line 1 column 1 (char 0)
2026-05-25 17:46:16,097 - WARNING - ❌ 测试账号 (7852949543): 未获取到微博数据
2026-05-25 17:46:16,097 - INFO - 📊 监控完成: 0/1 成功, 共获取 0 条微博
2026-05-25 21:13:05,716 - INFO - 🚀 开始微博监控任务
2026-05-25 21:13:05,716 - INFO - 开始监控账号: 测试账号 (7852949543)
2026-05-25 21:13:05,716 - ERROR - 获取用户信息异常: 'request_delay'
2026-05-25 21:13:08,218 - ERROR - 获取containerid失败: Expecting value: line 1 column 1 (char 0)
2026-05-25 21:13:08,218 - WARNING - ❌ 测试账号 (7852949543): 未获取到微博数据
2026-05-25 21:13:08,218 - INFO - 📊 监控完成: 0/1 成功, 共获取 0 条微博
2026-05-26 03:53:48,667 - INFO - 🚀 开始微博监控任务
2026-05-26 03:53:48,668 - INFO - 开始监控账号: 测试账号 (7852949543)
2026-05-26 03:53:48,668 - ERROR - 获取用户信息异常: 'request_delay'
2026-05-26 03:53:50,847 - ERROR - 获取containerid失败: Expecting value: line 1 column 1 (char 0)
2026-05-26 03:53:50,847 - WARNING - ❌ 测试账号 (7852949543): 未获取到微博数据
2026-05-26 03:53:50,848 - INFO - 📊 监控完成: 0/1 成功, 共获取 0 条微博
2026-05-26 07:53:43,957 - INFO - 🚀 开始微博监控任务
2026-05-26 07:53:43,957 - INFO - 开始监控账号: 测试账号 (7852949543)
2026-05-26 07:53:43,957 - ERROR - 获取用户信息异常: 'request_delay'
2026-05-26 07:53:47,355 - ERROR - 获取containerid失败: Expecting value: line 1 column 1 (char 0)
2026-05-26 07:53:47,355 - WARNING - ❌ 测试账号 (7852949543): 未获取到微博数据
2026-05-26 07:53:47,356 - INFO - 📊 监控完成: 0/1 成功, 共获取 0 条微博
2026-05-26 15:42:10,028 - INFO - 🚀 开始微博监控任务
2026-05-26 15:42:10,028 - INFO - 开始监控账号: 测试账号 (7852949543)
2026-05-26 15:42:10,028 - ERROR - 获取用户信息异常: 'request_delay'
2026-05-26 15:42:12,593 - ERROR - 获取containerid失败: Expecting value: line 1 column 1 (char 0)
2026-05-26 15:42:12,593 - WARNING - ❌ 测试账号 (7852949543): 未获取到微博数据
2026-05-26 15:42:12,593 - INFO - 📊 监控完成: 0/1 成功, 共获取 0 条微博
2026-05-26 18:29:34,377 - INFO - 🚀 开始微博监控任务
2026-05-26 18:29:34,378 - INFO - 开始监控账号: 测试账号 (7852949543)
2026-05-26 18:29:34,378 - ERROR - 获取用户信息异常: 'request_delay'
2026-05-26 18:29:37,767 - ERROR - 获取containerid失败: Expecting value: line 1 column 1 (char 0)
2026-05-26 18:29:37,767 - WARNING - ❌ 测试账号 (7852949543): 未获取到微博数据
2026-05-26 18:29:37,768 - INFO - 📊 监控完成: 0/1 成功, 共获取 0 条微博
2026-05-26 21:47:29,587 - INFO - 🚀 开始微博监控任务
2026-05-26 21:47:29,587 - INFO - 开始监控账号: 测试账号 (7852949543)
2026-05-26 21:47:29,587 - ERROR - 获取用户信息异常: 'request_delay'
2026-05-26 21:47:32,225 - ERROR - 获取containerid失败: Expecting value: line 1 column 1 (char 0)
2026-05-26 21:47:32,225 - WARNING - ❌ 测试账号 (7852949543): 未获取到微博数据
2026-05-26 21:47:32,225 - INFO - 📊 监控完成: 0/1 成功, 共获取 0 条微博
2026-05-27 04:07:39,965 - INFO - 🚀 开始微博监控任务
2026-05-27 04:07:39,965 - INFO - 开始监控账号: 测试账号 (7852949543)
2026-05-27 04:07:39,965 - ERROR - 获取用户信息异常: 'request_delay'
2026-05-27 04:07:42,542 - ERROR - 获取containerid失败: Expecting value: line 1 column 1 (char 0)
2026-05-27 04:07:42,542 - WARNING - ❌ 测试账号 (7852949543): 未获取到微博数据
2026-05-27 04:07:42,543 - INFO - 📊 监控完成: 0/1 成功, 共获取 0 条微博
2026-05-27 11:40:15,412 - INFO - 🚀 开始微博监控任务
2026-05-27 11:40:15,412 - INFO - 开始监控账号: 测试账号 (7852949543)
2026-05-27 11:40:15,412 - ERROR - 获取用户信息异常: 'request_delay'
2026-05-27 11:40:18,606 - ERROR - 获取containerid失败: Expecting value: line 1 column 1 (char 0)
2026-05-27 11:40:18,606 - WARNING - ❌ 测试账号 (7852949543): 未获取到微博数据
2026-05-27 11:40:18,606 - INFO - 📊 监控完成: 0/1 成功, 共获取 0 条微博
2026-05-27 15:52:58,925 - INFO - 🚀 开始微博监控任务
2026-05-27 15:52:58,925 - INFO - 开始监控账号: 测试账号 (7852949543)
2026-05-27 15:52:58,925 - ERROR - 获取用户信息异常: 'request_delay'
2026-05-27 15:53:01,752 - ERROR - 获取containerid失败: Expecting value: line 1 column 1 (char 0)
2026-05-27 15:53:01,752 - WARNING - ❌ 测试账号 (7852949543): 未获取到微博数据
2026-05-27 15:53:01,753 - INFO - 📊 监控完成: 0/1 成功, 共获取 0 条微博
2026-05-27 18:28:26,916 - INFO - 🚀 开始微博监控任务
2026-05-27 18:28:26,916 - INFO - 开始监控账号: 测试账号 (7852949543)
2026-05-27 18:28:26,916 - ERROR - 获取用户信息异常: 'request_delay'
2026-05-27 18:28:30,636 - ERROR - 获取containerid失败: Expecting value: line 1 column 1 (char 0)
2026-05-27 18:28:30,636 - WARNING - ❌ 测试账号 (7852949543): 未获取到微博数据
2026-05-27 18:28:30,637 - INFO - 📊 监控完成: 0/1 成功, 共获取 0 条微博
2026-05-27 21:58:48,812 - INFO - 🚀 开始微博监控任务
2026-05-27 21:58:48,812 - INFO - 开始监控账号: 测试账号 (7852949543)
2026-05-27 21:58:48,812 - ERROR - 获取用户信息异常: 'request_delay'
2026-05-27 21:58:52,298 - ERROR - 获取containerid失败: Expecting value: line 1 column 1 (char 0)
2026-05-27 21:58:52,298 - WARNING - ❌ 测试账号 (7852949543): 未获取到微博数据
2026-05-27 21:58:52,299 - INFO - 📊 监控完成: 0/1 成功, 共获取 0 条微博
2026-05-28 03:55:59,497 - INFO - 🚀 开始微博监控任务
2026-05-28 03:55:59,497 - INFO - 开始监控账号: 测试账号 (7852949543)
2026-05-28 03:55:59,497 - ERROR - 获取用户信息异常: 'request_delay'
2026-05-28 03:56:02,589 - ERROR - 获取containerid失败: Expecting value: line 1 column 1 (char 0)
2026-05-28 03:56:02,589 - WARNING - ❌ 测试账号 (7852949543): 未获取到微博数据
2026-05-28 03:56:02,590 - INFO - 📊 监控完成: 0/1 成功, 共获取 0 条微博
2026-05-28 08:05:26,443 - INFO - 🚀 开始微博监控任务
2026-05-28 08:05:26,443 - INFO - 开始监控账号: 测试账号 (7852949543)
2026-05-28 08:05:26,443 - ERROR - 获取用户信息异常: 'request_delay'
2026-05-28 08:05:30,345 - ERROR - 获取containerid失败: Expecting value: line 1 column 1 (char 0)
2026-05-28 08:05:30,345 - WARNING - ❌ 测试账号 (7852949543): 未获取到微博数据
2026-05-28 08:05:30,345 - INFO - 📊 监控完成: 0/1 成功, 共获取 0 条微博
2026-05-28 16:06:00,873 - INFO - 🚀 开始微博监控任务
2026-05-28 16:06:00,873 - INFO - 开始监控账号: 测试账号 (7852949543)
2026-05-28 16:06:00,873 - ERROR - 获取用户信息异常: 'request_delay'
2026-05-28 16:06:03,829 - ERROR - 获取containerid失败: Expecting value: line 1 column 1 (char 0)
2026-05-28 16:06:03,829 - WARNING - ❌ 测试账号 (7852949543): 未获取到微博数据
2026-05-28 16:06:03,829 - INFO - 📊 监控完成: 0/1 成功, 共获取 0 条微博
2026-05-28 21:57:50,228 - INFO - 🚀 开始微博监控任务
2026-05-28 21:57:50,228 - INFO - 开始监控账号: 测试账号 (7852949543)
2026-05-28 21:57:50,228 - ERROR - 获取用户信息异常: 'request_delay'
2026-05-28 21:57:54,154 - ERROR - 获取containerid失败: Expecting value: line 1 column 1 (char 0)
2026-05-28 21:57:54,154 - WARNING - ❌ 测试账号 (7852949543): 未获取到微博数据
2026-05-28 21:57:54,155 - INFO - 📊 监控完成: 0/1 成功, 共获取 0 条微博
2026-05-29 03:57:29,125 - INFO - 🚀 开始微博监控任务
2026-05-29 03:57:29,125 - INFO - 开始监控账号: 测试账号 (7852949543)
2026-05-29 03:57:29,125 - ERROR - 获取用户信息异常: 'request_delay'
2026-05-29 03:57:32,425 - ERROR - 获取containerid失败: Expecting value: line 1 column 1 (char 0)
2026-05-29 03:57:32,426 - WARNING - ❌ 测试账号 (7852949543): 未获取到微博数据
2026-05-29 03:57:32,426 - INFO - 📊 监控完成: 0/1 成功, 共获取 0 条微博
2026-05-29 08:04:14,298 - INFO - 🚀 开始微博监控任务
2026-05-29 08:04:14,298 - INFO - 开始监控账号: 测试账号 (7852949543)
2026-05-29 08:04:14,298 - ERROR - 获取用户信息异常: 'request_delay'
2026-05-29 08:04:18,355 - ERROR - 获取containerid失败: Expecting value: line 1 column 1 (char 0)
2026-05-29 08:04:18,355 - WARNING - ❌ 测试账号 (7852949543): 未获取到微博数据
2026-05-29 08:04:18,356 - INFO - 📊 监控完成: 0/1 成功, 共获取 0 条微博
2026-05-29 15:43:29,847 - INFO - 🚀 开始微博监控任务
2026-05-29 15:43:29,848 - INFO - 开始监控账号: 测试账号 (7852949543)
2026-05-29 15:43:29,848 - ERROR - 获取用户信息异常: 'request_delay'
2026-05-29 15:43:34,204 - ERROR - 获取containerid失败: Expecting value: line 1 column 1 (char 0)
2026-05-29 15:43:34,205 - WARNING - ❌ 测试账号 (7852949543): 未获取到微博数据
2026-05-29 15:43:34,205 - INFO - 📊 监控完成: 0/1 成功, 共获取 0 条微博
2026-05-29 18:36:44,375 - INFO - 🚀 开始微博监控任务
2026-05-29 18:36:44,375 - INFO - 开始监控账号: 测试账号 (7852949543)
2026-05-29 18:36:44,375 - ERROR - 获取用户信息异常: 'request_delay'
2026-05-29 18:36:47,458 - ERROR - 获取containerid失败: Expecting value: line 1 column 1 (char 0)
2026-05-29 18:36:47,458 - WARNING - ❌ 测试账号 (7852949543): 未获取到微博数据
2026-05-29 18:36:47,459 - INFO - 📊 监控完成: 0/1 成功, 共获取 0 条微博
2026-05-29 21:53:39,393 - INFO - 🚀 开始微博监控任务
2026-05-29 21:53:39,393 - INFO - 开始监控账号: 测试账号 (7852949543)
2026-05-29 21:53:39,393 - ERROR - 获取用户信息异常: 'request_delay'
2026-05-29 21:53:41,505 - ERROR - 获取containerid失败: Expecting value: line 1 column 1 (char 0)
2026-05-29 21:53:41,505 - WARNING - ❌ 测试账号 (7852949543): 未获取到微博数据
2026-05-29 21:53:41,506 - INFO - 📊 监控完成: 0/1 成功, 共获取 0 条微博
2026-05-30 03:42:21,267 - INFO - 🚀 开始微博监控任务
2026-05-30 03:42:21,267 - INFO - 开始监控账号: 测试账号 (7852949543)
2026-05-30 03:42:21,267 - ERROR - 获取用户信息异常: 'request_delay'
2026-05-30 03:42:23,586 - ERROR - 获取containerid失败: Expecting value: line 1 column 1 (char 0)
2026-05-30 03:42:23,586 - WARNING - ❌ 测试账号 (7852949543): 未获取到微博数据
2026-05-30 03:42:23,587 - INFO - 📊 监控完成: 0/1 成功, 共获取 0 条微博
2026-05-30 06:48:45,852 - INFO - 🚀 开始微博监控任务
2026-05-30 06:48:45,852 - INFO - 开始监控账号: 测试账号 (7852949543)
2026-05-30 06:48:45,852 - ERROR - 获取用户信息异常: 'request_delay'
2026-05-30 06:48:48,724 - ERROR - 获取containerid失败: Expecting value: line 1 column 1 (char 0)
2026-05-30 06:48:48,724 - WARNING - ❌ 测试账号 (7852949543): 未获取到微博数据
2026-05-30 06:48:48,725 - INFO - 📊 监控完成: 0/1 成功, 共获取 0 条微博
2026-05-30 10:02:55,349 - INFO - 🚀 开始微博监控任务
2026-05-30 10:02:55,349 - INFO - 开始监控账号: 测试账号 (7852949543)
2026-05-30 10:02:55,349 - ERROR - 获取用户信息异常: 'request_delay'
2026-05-30 10:02:57,929 - ERROR - 获取containerid失败: Expecting value: line 1 column 1 (char 0)
2026-05-30 10:02:57,929 - WARNING - ❌ 测试账号 (7852949543): 未获取到微博数据
2026-05-30 10:02:57,929 - INFO - 📊 监控完成: 0/1 成功, 共获取 0 条微博
2026-05-30 13:45:56,776 - INFO - 🚀 开始微博监控任务
2026-05-30 13:45:56,776 - INFO - 开始监控账号: 测试账号 (7852949543)
2026-05-30 13:45:56,776 - ERROR - 获取用户信息异常: 'request_delay'
2026-05-30 13:45:59,884 - ERROR - 获取containerid失败: Expecting value: line 1 column 1 (char 0)
2026-05-30 13:45:59,884 - WARNING - ❌ 测试账号 (7852949543): 未获取到微博数据
2026-05-30 13:45:59,885 - INFO - 📊 监控完成: 0/1 成功, 共获取 0 条微博
2026-05-30 17:11:37,593 - INFO - 🚀 开始微博监控任务
2026-05-30 17:11:37,593 - INFO - 开始监控账号: 测试账号 (7852949543)
2026-05-30 17:11:37,593 - ERROR - 获取用户信息异常: 'request_delay'
2026-05-30 17:11:41,064 - ERROR - 获取containerid失败: Expecting value: line 1 column 1 (char 0)
2026-05-30 17:11:41,064 - WARNING - ❌ 测试账号 (7852949543): 未获取到微博数据
2026-05-30 17:11:41,064 - INFO - 📊 监控完成: 0/1 成功, 共获取 0 条微博
2026-05-30 21:02:10,322 - INFO - 🚀 开始微博监控任务
2026-05-30 21:02:10,322 - INFO - 开始监控账号: 测试账号 (7852949543)
2026-05-30 21:02:10,322 - ERROR - 获取用户信息异常: 'request_delay'
2026-05-30 21:02:14,200 - ERROR - 获取containerid失败: Expecting value: line 1 column 1 (char 0)
2026-05-30 21:02:14,200 - WARNING - ❌ 测试账号 (7852949543): 未获取到微博数据
2026-05-30 21:02:14,200 - INFO - 📊 监控完成: 0/1 成功, 共获取 0 条微博
2026-05-31 04:09:06,829 - INFO - 🚀 开始微博监控任务
2026-05-31 04:09:06,829 - INFO - 开始监控账号: 测试账号 (7852949543)
2026-05-31 04:09:06,829 - ERROR - 获取用户信息异常: 'request_delay'
2026-05-31 04:09:09,633 - ERROR - 获取containerid失败: Expecting value: line 1 column 1 (char 0)
2026-05-31 04:09:09,633 - WARNING - ❌ 测试账号 (7852949543): 未获取到微博数据
2026-05-31 04:09:09,633 - INFO - 📊 监控完成: 0/1 成功, 共获取 0 条微博
2026-05-31 10:18:15,668 - INFO - 🚀 开始微博监控任务
2026-05-31 10:18:15,668 - INFO - 开始监控账号: 测试账号 (7852949543)
2026-05-31 10:18:15,668 - ERROR - 获取用户信息异常: 'request_delay'
2026-05-31 10:18:19,214 - ERROR - 获取containerid失败: Expecting value: line 1 column 1 (char 0)
2026-05-31 10:18:19,215 - WARNING - ❌ 测试账号 (7852949543): 未获取到微博数据
2026-05-31 10:18:19,215 - INFO - 📊 监控完成: 0/1 成功, 共获取 0 条微博
2026-05-31 13:51:09,999 - INFO - 🚀 开始微博监控任务
2026-05-31 13:51:10,000 - INFO - 开始监控账号: 测试账号 (7852949543)
2026-05-31 13:51:10,000 - ERROR - 获取用户信息异常: 'request_delay'
2026-05-31 13:51:12,596 - ERROR - 获取containerid失败: Expecting value: line 1 column 1 (char 0)
2026-05-31 13:51:12,596 - WARNING - ❌ 测试账号 (7852949543): 未获取到微博数据
2026-05-31 13:51:12,596 - INFO - 📊 监控完成: 0/1 成功, 共获取 0 条微博
2026-05-31 17:09:38,184 - INFO - 🚀 开始微博监控任务
2026-05-31 17:09:38,184 - INFO - 开始监控账号: 测试账号 (7852949543)
2026-05-31 17:09:38,184 - ERROR - 获取用户信息异常: 'request_delay'
2026-05-31 17:09:41,940 - ERROR - 获取containerid失败: Expecting value: line 1 column 1 (char 0)
2026-05-31 17:09:41,940 - WARNING - ❌ 测试账号 (7852949543): 未获取到微博数据
2026-05-31 17:09:41,940 - INFO - 📊 监控完成: 0/1 成功, 共获取 0 条微博
2026-05-31 21:02:30,493 - INFO - 🚀 开始微博监控任务
2026-05-31 21:02:30,493 - INFO - 开始监控账号: 测试账号 (7852949543)
2026-05-31 21:02:30,494 - ERROR - 获取用户信息异常: 'request_delay'
2026-05-31 21:02:35,547 - ERROR - 获取containerid失败: Expecting value: line 1 column 1 (char 0)
2026-05-31 21:02:35,547 - WARNING - ❌ 测试账号 (7852949543): 未获取到微博数据
2026-05-31 21:02:35,548 - INFO - 📊 监控完成: 0/1 成功, 共获取 0 条微博
2026-06-01 04:23:36,781 - INFO - 🚀 开始微博监控任务
2026-06-01 04:23:36,781 - INFO - 开始监控账号: 测试账号 (7852949543)
2026-06-01 04:23:36,781 - ERROR - 获取用户信息异常: 'request_delay'
2026-06-01 04:23:39,242 - ERROR - 获取containerid失败: Expecting value: line 1 column 1 (char 0)
2026-06-01 04:23:39,242 - WARNING - ❌ 测试账号 (7852949543): 未获取到微博数据
2026-06-01 04:23:39,243 - INFO - 📊 监控完成: 0/1 成功, 共获取 0 条微博
2026-06-01 13:39:52,769 - INFO - 🚀 开始微博监控任务
2026-06-01 13:39:52,769 - INFO - 开始监控账号: 测试账号 (7852949543)
2026-06-01 13:39:52,769 - ERROR - 获取用户信息异常: 'request_delay'
2026-06-01 13:39:55,320 - ERROR - 获取containerid失败: Expecting value: line 1 column 1 (char 0)
2026-06-01 13:39:55,320 - WARNING - ❌ 测试账号 (7852949543): 未获取到微博数据
2026-06-01 13:39:55,320 - INFO - 📊 监控完成: 0/1 成功, 共获取 0 条微博
2026-06-01 20:19:08,420 - INFO - 🚀 开始微博监控任务
2026-06-01 20:19:08,420 - INFO - 开始监控账号: 测试账号 (7852949543)
2026-06-01 20:19:08,420 - ERROR - 获取用户信息异常: 'request_delay'
2026-06-01 20:19:11,450 - ERROR - 获取containerid失败: Expecting value: line 1 column 1 (char 0)
2026-06-01 20:19:11,451 - WARNING - ❌ 测试账号 (7852949543): 未获取到微博数据
2026-06-01 20:19:11,451 - INFO - 📊 监控完成: 0/1 成功, 共获取 0 条微博
2026-06-02 04:16:56,642 - INFO - 🚀 开始微博监控任务
2026-06-02 04:16:56,642 - INFO - 开始监控账号: 测试账号 (7852949543)
2026-06-02 04:16:56,642 - ERROR - 获取用户信息异常: 'request_delay'
2026-06-02 04:16:59,896 - ERROR - 获取containerid失败: Expecting value: line 1 column 1 (char 0)
2026-06-02 04:16:59,896 - WARNING - ❌ 测试账号 (7852949543): 未获取到微博数据
2026-06-02 04:16:59,896 - INFO - 📊 监控完成: 0/1 成功, 共获取 0 条微博
2026-06-02 12:06:36,244 - INFO - 🚀 开始微博监控任务
2026-06-02 12:06:36,244 - INFO - 开始监控账号: 测试账号 (7852949543)
2026-06-02 12:06:36,244 - ERROR - 获取用户信息异常: 'request_delay'
2026-06-02 12:06:38,714 - ERROR - 获取containerid失败: Expecting value: line 1 column 1 (char 0)
2026-06-02 12:06:38,714 - WARNING - ❌ 测试账号 (7852949543): 未获取到微博数据
2026-06-02 12:06:38,714 - INFO - 📊 监控完成: 0/1 成功, 共获取 0 条微博
2026-06-02 19:42:40,801 - INFO - 🚀 开始微博监控任务
2026-06-02 19:42:40,801 - INFO - 开始监控账号: 测试账号 (7852949543)
2026-06-02 19:42:40,801 - ERROR - 获取用户信息异常: 'request_delay'
2026-06-02 19:42:44,610 - ERROR - 获取containerid失败: Expecting value: line 1 column 1 (char 0)
2026-06-02 19:42:44,610 - WARNING - ❌ 测试账号 (7852949543): 未获取到微博数据
2026-06-02 19:42:44,611 - INFO - 📊 监控完成: 0/1 成功, 共获取 0 条微博
2026-06-02 22:23:48,589 - INFO - 🚀 开始微博监控任务
2026-06-02 22:23:48,589 - INFO - 开始监控账号: 测试账号 (7852949543)
2026-06-02 22:23:48,589 - ERROR - 获取用户信息异常: 'request_delay'
2026-06-02 22:23:52,553 - ERROR - 获取containerid失败: Expecting value: line 1 column 1 (char 0)
2026-06-02 22:23:52,553 - WARNING - ❌ 测试账号 (7852949543): 未获取到微博数据
2026-06-02 22:23:52,554 - INFO - 📊 监控完成: 0/1 成功, 共获取 0 条微博
2026-06-03 04:26:26,765 - INFO - 🚀 开始微博监控任务
2026-06-03 04:26:26,765 - INFO - 开始监控账号: 测试账号 (7852949543)
2026-06-03 04:26:26,765 - ERROR - 获取用户信息异常: 'request_delay'
2026-06-03 04:26:28,832 - ERROR - 获取containerid失败: Expecting value: line 1 column 1 (char 0)
2026-06-03 04:26:28,832 - WARNING - ❌ 测试账号 (7852949543): 未获取到微博数据
2026-06-03 04:26:28,832 - INFO - 📊 监控完成: 0/1 成功, 共获取 0 条微博
2026-06-03 12:43:56,720 - INFO - 🚀 开始微博监控任务
2026-06-03 12:43:56,720 - INFO - 开始监控账号: 测试账号 (7852949543)
2026-06-03 12:43:56,720 - ERROR - 获取用户信息异常: 'request_delay'
2026-06-03 12:43:59,226 - ERROR - 获取containerid失败: Expecting value: line 1 column 1 (char 0)
2026-06-03 12:43:59,226 - WARNING - ❌ 测试账号 (7852949543): 未获取到微博数据
2026-06-03 12:43:59,227 - INFO - 📊 监控完成: 0/1 成功, 共获取 0 条微博
2026-06-03 19:51:52,303 - INFO - 🚀 开始微博监控任务
2026-06-03 19:51:52,303 - INFO - 开始监控账号: 测试账号 (7852949543)
2026-06-03 19:51:52,303 - ERROR - 获取用户信息异常: 'request_delay'
2026-06-03 19:51:56,801 - ERROR - 获取containerid失败: Expecting value: line 1 column 1 (char 0)
2026-06-03 19:51:56,801 - WARNING - ❌ 测试账号 (7852949543): 未获取到微博数据
2026-06-03 19:51:56,801 - INFO - 📊 监控完成: 0/1 成功, 共获取 0 条微博
2026-06-03 22:29:05,248 - INFO - 🚀 开始微博监控任务
2026-06-03 22:29:05,248 - INFO - 开始监控账号: 测试账号 (7852949543)
2026-06-03 22:29:05,248 - ERROR - 获取用户信息异常: 'request_delay'
2026-06-03 22:29:08,396 - ERROR - 获取containerid失败: Expecting value: line 1 column 1 (char 0)
2026-06-03 22:29:08,396 - WARNING - ❌ 测试账号 (7852949543): 未获取到微博数据
2026-06-03 22:29:08,396 - INFO - 📊 监控完成: 0/1 成功, 共获取 0 条微博
2026-06-04 04:21:22,517 - INFO - 🚀 开始微博监控任务
2026-06-04 04:21:22,517 - INFO - 开始监控账号: 测试账号 (7852949543)
2026-06-04 04:21:22,517 - ERROR - 获取用户信息异常: 'request_delay'
2026-06-04 04:21:25,700 - ERROR - 获取containerid失败: Expecting value: line 1 column 1 (char 0)
2026-06-04 04:21:25,700 - WARNING - ❌ 测试账号 (7852949543): 未获取到微博数据
2026-06-04 04:21:25,701 - INFO - 📊 监控完成: 0/1 成功, 共获取 0 条微博
2026-06-04 11:18:23,929 - INFO - 🚀 开始微博监控任务
2026-06-04 11:18:23,929 - INFO - 开始监控账号: 测试账号 (7852949543)
2026-06-04 11:18:23,930 - ERROR - 获取用户信息异常: 'request_delay'
2026-06-04 11:18:27,523 - ERROR - 获取containerid失败: Expecting value: line 1 column 1 (char 0)
2026-06-04 11:18:27,523 - WARNING - ❌ 测试账号 (7852949543): 未获取到微博数据
2026-06-04 11:18:27,523 - INFO - 📊 监控完成: 0/1 成功, 共获取 0 条微博
2026-06-04 15:22:30,403 - INFO - 🚀 开始微博监控任务
2026-06-04 15:22:30,403 - INFO - 开始监控账号: 测试账号 (7852949543)
2026-06-04 15:22:30,403 - ERROR - 获取用户信息异常: 'request_delay'
2026-06-04 15:22:34,009 - ERROR - 获取containerid失败: Expecting value: line 1 column 1 (char 0)
2026-06-04 15:22:34,010 - WARNING - ❌ 测试账号 (7852949543): 未获取到微博数据
2026-06-04 15:22:34,010 - INFO - 📊 监控完成: 0/1 成功, 共获取 0 条微博
2026-06-04 18:21:08,204 - INFO - 🚀 开始微博监控任务
2026-06-04 18:21:08,205 - INFO - 开始监控账号: 测试账号 (7852949543)
2026-06-04 18:21:08,205 - ERROR - 获取用户信息异常: 'request_delay'
2026-06-04 18:21:12,429 - ERROR - 获取containerid失败: Expecting value: line 1 column 1 (char 0)
2026-06-04 18:21:12,429 - WARNING - ❌ 测试账号 (7852949543): 未获取到微博数据
2026-06-04 18:21:12,429 - INFO - 📊 监控完成: 0/1 成功, 共获取 0 条微博
2026-06-04 21:43:07,951 - INFO - 🚀 开始微博监控任务
2026-06-04 21:43:07,952 - INFO - 开始监控账号: 测试账号 (7852949543)
2026-06-04 21:43:07,952 - ERROR - 获取用户信息异常: 'request_delay'
2026-06-04 21:43:10,955 - ERROR - 获取containerid失败: Expecting value: line 1 column 1 (char 0)
2026-06-04 21:43:10,955 - WARNING - ❌ 测试账号 (7852949543): 未获取到微博数据
2026-06-04 21:43:10,956 - INFO - 📊 监控完成: 0/1 成功, 共获取 0 条微博
2026-06-05 04:04:27,145 - INFO - 🚀 开始微博监控任务
2026-06-05 04:04:27,145 - INFO - 开始监控账号: 测试账号 (7852949543)
2026-06-05 04:04:27,145 - ERROR - 获取用户信息异常: 'request_delay'
2026-06-05 04:04:30,219 - ERROR - 获取containerid失败: Expecting value: line 1 column 1 (char 0)
2026-06-05 04:04:30,219 - WARNING - ❌ 测试账号 (7852949543): 未获取到微博数据
2026-06-05 04:04:30,219 - INFO - 📊 监控完成: 0/1 成功, 共获取 0 条微博
2026-06-05 11:30:41,194 - INFO - 🚀 开始微博监控任务
2026-06-05 11:30:41,194 - INFO - 开始监控账号: 测试账号 (7852949543)
2026-06-05 11:30:41,194 - ERROR - 获取用户信息异常: 'request_delay'
2026-06-05 11:30:43,936 - ERROR - 获取containerid失败: Expecting value: line 1 column 1 (char 0)
2026-06-05 11:30:43,936 - WARNING - ❌ 测试账号 (7852949543): 未获取到微博数据
2026-06-05 11:30:43,937 - INFO - 📊 监控完成: 0/1 成功, 共获取 0 条微博
2026-06-05 14:57:18,915 - INFO - 🚀 开始微博监控任务
2026-06-05 14:57:18,916 - INFO - 开始监控账号: 测试账号 (7852949543)
2026-06-05 14:57:18,916 - ERROR - 获取用户信息异常: 'request_delay'
2026-06-05 14:57:21,635 - ERROR - 获取containerid失败: Expecting value: line 1 column 1 (char 0)
2026-06-05 14:57:21,636 - WARNING - ❌ 测试账号 (7852949543): 未获取到微博数据
2026-06-05 14:57:21,636 - INFO - 📊 监控完成: 0/1 成功, 共获取 0 条微博
2026-06-05 17:57:57,001 - INFO - 🚀 开始微博监控任务
2026-06-05 17:57:57,001 - INFO - 开始监控账号: 测试账号 (7852949543)
2026-06-05 17:57:57,001 - ERROR - 获取用户信息异常: 'request_delay'
2026-06-05 17:57:59,848 - ERROR - 获取containerid失败: Expecting value: line 1 column 1 (char 0)
2026-06-05 17:57:59,848 - WARNING - ❌ 测试账号 (7852949543): 未获取到微博数据
2026-06-05 17:57:59,849 - INFO - 📊 监控完成: 0/1 成功, 共获取 0 条微博
2026-06-05 21:27:21,267 - INFO - 🚀 开始微博监控任务
2026-06-05 21:27:21,267 - INFO - 开始监控账号: 测试账号 (7852949543)
2026-06-05 21:27:21,267 - ERROR - 获取用户信息异常: 'request_delay'
2026-06-05 21:27:24,236 - ERROR - 获取containerid失败: Expecting value: line 1 column 1 (char 0)
2026-06-05 21:27:24,237 - WARNING - ❌ 测试账号 (7852949543): 未获取到微博数据
2026-06-05 21:27:24,237 - INFO - 📊 监控完成: 0/1 成功, 共获取 0 条微博
2026-06-06 03:49:17,187 - INFO - 🚀 开始微博监控任务
2026-06-06 03:49:17,187 - INFO - 开始监控账号: 测试账号 (7852949543)
2026-06-06 03:49:17,187 - ERROR - 获取用户信息异常: 'request_delay'
2026-06-06 03:49:22,676 - ERROR - 获取containerid失败: Expecting value: line 1 column 1 (char 0)
2026-06-06 03:49:22,677 - WARNING - ❌ 测试账号 (7852949543): 未获取到微博数据
2026-06-06 03:49:22,677 - INFO - 📊 监控完成: 0/1 成功, 共获取 0 条微博
2026-06-06 06:55:01,290 - INFO - 🚀 开始微博监控任务
2026-06-06 06:55:01,290 - INFO - 开始监控账号: 测试账号 (7852949543)
2026-06-06 06:55:01,290 - ERROR - 获取用户信息异常: 'request_delay'
2026-06-06 06:55:04,491 - ERROR - 获取containerid失败: Expecting value: line 1 column 1 (char 0)
2026-06-06 06:55:04,492 - WARNING - ❌ 测试账号 (7852949543): 未获取到微博数据
2026-06-06 06:55:04,492 - INFO - 📊 监控完成: 0/1 成功, 共获取 0 条微博
2026-06-06 10:07:23,204 - INFO - 🚀 开始微博监控任务
2026-06-06 10:07:23,204 - INFO - 开始监控账号: 测试账号 (7852949543)
2026-06-06 10:07:23,205 - ERROR - 获取用户信息异常: 'request_delay'
2026-06-06 10:07:28,212 - ERROR - 获取containerid失败: Expecting value: line 1 column 1 (char 0)
2026-06-06 10:07:28,213 - WARNING - ❌ 测试账号 (7852949543): 未获取到微博数据
2026-06-06 10:07:28,213 - INFO - 📊 监控完成: 0/1 成功, 共获取 0 条微博
2026-06-06 13:50:13,811 - INFO - 🚀 开始微博监控任务
2026-06-06 13:50:13,811 - INFO - 开始监控账号: 测试账号 (7852949543)
2026-06-06 13:50:13,811 - ERROR - 获取用户信息异常: 'request_delay'
2026-06-06 13:50:16,037 - ERROR - 获取containerid失败: Expecting value: line 1 column 1 (char 0)
2026-06-06 13:50:16,037 - WARNING - ❌ 测试账号 (7852949543): 未获取到微博数据
2026-06-06 13:50:16,037 - INFO - 📊 监控完成: 0/1 成功, 共获取 0 条微博
2026-06-06 17:17:51,771 - INFO - 🚀 开始微博监控任务
2026-06-06 17:17:51,771 - INFO - 开始监控账号: 测试账号 (7852949543)
2026-06-06 17:17:51,772 - ERROR - 获取用户信息异常: 'request_delay'
2026-06-06 17:17:55,382 - ERROR - 获取containerid失败: Expecting value: line 1 column 1 (char 0)
2026-06-06 17:17:55,382 - WARNING - ❌ 测试账号 (7852949543): 未获取到微博数据
2026-06-06 17:17:55,383 - INFO - 📊 监控完成: 0/1 成功, 共获取 0 条微博
2026-06-06 21:07:41,742 - INFO - 🚀 开始微博监控任务
2026-06-06 21:07:41,743 - INFO - 开始监控账号: 测试账号 (7852949543)
2026-06-06 21:07:41,743 - ERROR - 获取用户信息异常: 'request_delay'
2026-06-06 21:07:45,879 - ERROR - 获取containerid失败: Expecting value: line 1 column 1 (char 0)
2026-06-06 21:07:45,880 - WARNING - ❌ 测试账号 (7852949543): 未获取到微博数据
2026-06-06 21:07:45,880 - INFO - 📊 监控完成: 0/1 成功, 共获取 0 条微博
2026-06-07 04:14:49,971 - INFO - 🚀 开始微博监控任务
2026-06-07 04:14:49,971 - INFO - 开始监控账号: 测试账号 (7852949543)
2026-06-07 04:14:49,971 - ERROR - 获取用户信息异常: 'request_delay'
2026-06-07 04:14:53,092 - ERROR - 获取containerid失败: Expecting value: line 1 column 1 (char 0)
2026-06-07 04:14:53,092 - WARNING - ❌ 测试账号 (7852949543): 未获取到微博数据
2026-06-07 04:14:53,092 - INFO - 📊 监控完成: 0/1 成功, 共获取 0 条微博
2026-06-07 10:31:10,138 - INFO - 🚀 开始微博监控任务
2026-06-07 10:31:10,139 - INFO - 开始监控账号: 测试账号 (7852949543)
2026-06-07 10:31:10,139 - ERROR - 获取用户信息异常: 'request_delay'
2026-06-07 10:31:13,238 - ERROR - 获取containerid失败: Expecting value: line 1 column 1 (char 0)
2026-06-07 10:31:13,238 - WARNING - ❌ 测试账号 (7852949543): 未获取到微博数据
2026-06-07 10:31:13,239 - INFO - 📊 监控完成: 0/1 成功, 共获取 0 条微博
2026-06-07 14:00:17,691 - INFO - 🚀 开始微博监控任务
2026-06-07 14:00:17,691 - INFO - 开始监控账号: 测试账号 (7852949543)
2026-06-07 14:00:17,691 - ERROR - 获取用户信息异常: 'request_delay'
2026-06-07 14:00:20,922 - ERROR - 获取containerid失败: Expecting value: line 1 column 1 (char 0)
2026-06-07 14:00:20,923 - WARNING - ❌ 测试账号 (7852949543): 未获取到微博数据
2026-06-07 14:00:20,923 - INFO - 📊 监控完成: 0/1 成功, 共获取 0 条微博
2026-06-07 17:22:02,149 - INFO - 🚀 开始微博监控任务
2026-06-07 17:22:02,149 - INFO - 开始监控账号: 测试账号 (7852949543)
2026-06-07 17:22:02,149 - ERROR - 获取用户信息异常: 'request_delay'
2026-06-07 17:22:05,217 - ERROR - 获取containerid失败: Expecting value: line 1 column 1 (char 0)
2026-06-07 17:22:05,217 - WARNING - ❌ 测试账号 (7852949543): 未获取到微博数据
2026-06-07 17:22:05,218 - INFO - 📊 监控完成: 0/1 成功, 共获取 0 条微博
2026-06-07 21:17:18,124 - INFO - 🚀 开始微博监控任务
2026-06-07 21:17:18,124 - INFO - 开始监控账号: 测试账号 (7852949543)
2026-06-07 21:17:18,124 - ERROR - 获取用户信息异常: 'request_delay'
2026-06-07 21:17:20,513 - ERROR - 获取containerid失败: Expecting value: line 1 column 1 (char 0)
2026-06-07 21:17:20,513 - WARNING - ❌ 测试账号 (7852949543): 未获取到微博数据
2026-06-07 21:17:20,514 - INFO - 📊 监控完成: 0/1 成功, 共获取 0 条微博
2026-06-08 04:19:33,638 - INFO - 🚀 开始微博监控任务
2026-06-08 04:19:33,638 - INFO - 开始监控账号: 测试账号 (7852949543)
2026-06-08 04:19:33,638 - ERROR - 获取用户信息异常: 'request_delay'
2026-06-08 04:19:37,360 - ERROR - 获取containerid失败: Expecting value: line 1 column 1 (char 0)
2026-06-08 04:19:37,360 - WARNING - ❌ 测试账号 (7852949543): 未获取到微博数据
2026-06-08 04:19:37,361 - INFO - 📊 监控完成: 0/1 成功, 共获取 0 条微博
2026-06-08 12:36:23,506 - INFO - 🚀 开始微博监控任务
2026-06-08 12:36:23,506 - INFO - 开始监控账号: 测试账号 (7852949543)
2026-06-08 12:36:23,506 - ERROR - 获取用户信息异常: 'request_delay'
2026-06-08 12:36:26,277 - ERROR - 获取containerid失败: Expecting value: line 1 column 1 (char 0)
2026-06-08 12:36:26,278 - WARNING - ❌ 测试账号 (7852949543): 未获取到微博数据
2026-06-08 12:36:26,278 - INFO - 📊 监控完成: 0/1 成功, 共获取 0 条微博
2026-06-08 18:27:23,489 - INFO - 🚀 开始微博监控任务
2026-06-08 18:27:23,489 - INFO - 开始监控账号: 测试账号 (7852949543)
2026-06-08 18:27:23,489 - ERROR - 获取用户信息异常: 'request_delay'
2026-06-08 18:27:27,798 - ERROR - 获取containerid失败: Expecting value: line 1 column 1 (char 0)
2026-06-08 18:27:27,798 - WARNING - ❌ 测试账号 (7852949543): 未获取到微博数据
2026-06-08 18:27:27,798 - INFO - 📊 监控完成: 0/1 成功, 共获取 0 条微博
2026-06-08 21:51:50,998 - INFO - 🚀 开始微博监控任务
2026-06-08 21:51:50,998 - INFO - 开始监控账号: 测试账号 (7852949543)
2026-06-08 21:51:50,998 - ERROR - 获取用户信息异常: 'request_delay'
2026-06-08 21:51:54,597 - ERROR - 获取containerid失败: Expecting value: line 1 column 1 (char 0)
2026-06-08 21:51:54,597 - WARNING - ❌ 测试账号 (7852949543): 未获取到微博数据
2026-06-08 21:51:54,597 - INFO - 📊 监控完成: 0/1 成功, 共获取 0 条微博
2026-06-09 03:50:37,615 - INFO - 🚀 开始微博监控任务
2026-06-09 03:50:37,615 - INFO - 开始监控账号: 测试账号 (7852949543)
2026-06-09 03:50:37,615 - ERROR - 获取用户信息异常: 'request_delay'
2026-06-09 03:50:40,556 - ERROR - 获取containerid失败: Expecting value: line 1 column 1 (char 0)
2026-06-09 03:50:40,556 - WARNING - ❌ 测试账号 (7852949543): 未获取到微博数据
2026-06-09 03:50:40,557 - INFO - 📊 监控完成: 0/1 成功, 共获取 0 条微博
2026-06-09 07:52:42,142 - INFO - 🚀 开始微博监控任务
2026-06-09 07:52:42,142 - INFO - 开始监控账号: 测试账号 (7852949543)
2026-06-09 07:52:42,142 - ERROR - 获取用户信息异常: 'request_delay'
2026-06-09 07:52:44,667 - ERROR - 获取containerid失败: Expecting value: line 1 column 1 (char 0)
2026-06-09 07:52:44,667 - WARNING - ❌ 测试账号 (7852949543): 未获取到微博数据
2026-06-09 07:52:44,667 - INFO - 📊 监控完成: 0/1 成功, 共获取 0 条微博
2026-06-09 11:19:01,999 - INFO - 🚀 开始微博监控任务
2026-06-09 11:19:01,999 - INFO - 开始监控账号: 测试账号 (7852949543)
2026-06-09 11:19:01,999 - ERROR - 获取用户信息异常: 'request_delay'
2026-06-09 11:19:04,551 - ERROR - 获取containerid失败: Expecting value: line 1 column 1 (char 0)
2026-06-09 11:19:04,551 - WARNING - ❌ 测试账号 (7852949543): 未获取到微博数据
2026-06-09 11:19:04,551 - INFO - 📊 监控完成: 0/1 成功, 共获取 0 条微博
2026-06-09 14:58:02,657 - INFO - 🚀 开始微博监控任务
2026-06-09 14:58:02,657 - INFO - 开始监控账号: 测试账号 (7852949543)
2026-06-09 14:58:02,657 - ERROR - 获取用户信息异常: 'request_delay'
2026-06-09 14:58:05,431 - ERROR - 获取containerid失败: Expecting value: line 1 column 1 (char 0)
2026-06-09 14:58:05,431 - WARNING - ❌ 测试账号 (7852949543): 未获取到微博数据
2026-06-09 14:58:05,432 - INFO - 📊 监控完成: 0/1 成功, 共获取 0 条微博
2026-06-09 18:09:05,914 - INFO - 🚀 开始微博监控任务
2026-06-09 18:09:05,914 - INFO - 开始监控账号: 测试账号 (7852949543)
2026-06-09 18:09:05,914 - ERROR - 获取用户信息异常: 'request_delay'
2026-06-09 18:09:08,763 - ERROR - 获取containerid失败: Expecting value: line 1 column 1 (char 0)
2026-06-09 18:09:08,764 - WARNING - ❌ 测试账号 (7852949543): 未获取到微博数据
2026-06-09 18:09:08,764 - INFO - 📊 监控完成: 0/1 成功, 共获取 0 条微博
2026-06-09 21:49:09,089 - INFO - 🚀 开始微博监控任务
2026-06-09 21:49:09,089 - INFO - 开始监控账号: 测试账号 (7852949543)
2026-06-09 21:49:09,090 - ERROR - 获取用户信息异常: 'request_delay'
2026-06-09 21:49:13,130 - ERROR - 获取containerid失败: Expecting value: line 1 column 1 (char 0)
2026-06-09 21:49:13,131 - WARNING - ❌ 测试账号 (7852949543): 未获取到微博数据
2026-06-09 21:49:13,131 - INFO - 📊 监控完成: 0/1 成功, 共获取 0 条微博
2026-06-10 04:01:36,860 - INFO - 🚀 开始微博监控任务
2026-06-10 04:01:36,861 - INFO - 开始监控账号: 测试账号 (7852949543)
2026-06-10 04:01:36,861 - ERROR - 获取用户信息异常: 'request_delay'
2026-06-10 04:01:39,975 - ERROR - 获取containerid失败: Expecting value: line 1 column 1 (char 0)
2026-06-10 04:01:39,975 - WARNING - ❌ 测试账号 (7852949543): 未获取到微博数据
2026-06-10 04:01:39,976 - INFO - 📊 监控完成: 0/1 成功, 共获取 0 条微博
2026-06-10 11:40:39,247 - INFO - 🚀 开始微博监控任务
2026-06-10 11:40:39,248 - INFO - 开始监控账号: 测试账号 (7852949543)
2026-06-10 11:40:39,248 - ERROR - 获取用户信息异常: 'request_delay'
2026-06-10 11:40:42,193 - ERROR - 获取containerid失败: Expecting value: line 1 column 1 (char 0)
2026-06-10 11:40:42,193 - WARNING - ❌ 测试账号 (7852949543): 未获取到微博数据
2026-06-10 11:40:42,194 - INFO - 📊 监控完成: 0/1 成功, 共获取 0 条微博
2026-06-10 15:42:38,207 - INFO - 🚀 开始微博监控任务
2026-06-10 15:42:38,207 - INFO - 开始监控账号: 测试账号 (7852949543)
2026-06-10 15:42:38,207 - ERROR - 获取用户信息异常: 'request_delay'
2026-06-10 15:42:41,063 - ERROR - 获取containerid失败: Expecting value: line 1 column 1 (char 0)
2026-06-10 15:42:41,063 - WARNING - ❌ 测试账号 (7852949543): 未获取到微博数据
2026-06-10 15:42:41,063 - INFO - 📊 监控完成: 0/1 成功, 共获取 0 条微博
2026-06-10 18:32:07,905 - INFO - 🚀 开始微博监控任务
2026-06-10 18:32:07,905 - INFO - 开始监控账号: 测试账号 (7852949543)
2026-06-10 18:32:07,905 - ERROR - 获取用户信息异常: 'request_delay'
2026-06-10 18:32:10,215 - ERROR - 获取containerid失败: Expecting value: line 1 column 1 (char 0)
2026-06-10 18:32:10,215 - WARNING - ❌ 测试账号 (7852949543): 未获取到微博数据
2026-06-10 18:32:10,215 - INFO - 📊 监控完成: 0/1 成功, 共获取 0 条微博
2026-06-10 22:05:18,579 - INFO - 🚀 开始微博监控任务
2026-06-10 22:05:18,579 - INFO - 开始监控账号: 测试账号 (7852949543)
2026-06-10 22:05:18,579 - ERROR - 获取用户信息异常: 'request_delay'
2026-06-10 22:05:22,145 - ERROR - 获取containerid失败: Expecting value: line 1 column 1 (char 0)
2026-06-10 22:05:22,145 - WARNING - ❌ 测试账号 (7852949543): 未获取到微博数据
2026-06-10 22:05:22,146 - INFO - 📊 监控完成: 0/1 成功, 共获取 0 条微博
2026-06-11 04:15:28,026 - INFO - 🚀 开始微博监控任务
2026-06-11 04:15:28,026 - INFO - 开始监控账号: 测试账号 (7852949543)
2026-06-11 04:15:28,026 - ERROR - 获取用户信息异常: 'request_delay'
2026-06-11 04:15:33,038 - ERROR - 获取containerid失败: Expecting value: line 1 column 1 (char 0)
2026-06-11 04:15:33,039 - WARNING - ❌ 测试账号 (7852949543): 未获取到微博数据
2026-06-11 04:15:33,039 - INFO - 📊 监控完成: 0/1 成功, 共获取 0 条微博
2026-06-11 12:12:07,439 - INFO - 🚀 开始微博监控任务
2026-06-11 12:12:07,439 - INFO - 开始监控账号: 测试账号 (7852949543)
2026-06-11 12:12:07,439 - ERROR - 获取用户信息异常: 'request_delay'
2026-06-11 12:12:09,785 - ERROR - 获取containerid失败: Expecting value: line 1 column 1 (char 0)
2026-06-11 12:12:09,785 - WARNING - ❌ 测试账号 (7852949543): 未获取到微博数据
2026-06-11 12:12:09,785 - INFO - 📊 监控完成: 0/1 成功, 共获取 0 条微博
2026-06-11 18:48:10,466 - INFO - 🚀 开始微博监控任务
2026-06-11 18:48:10,466 - INFO - 开始监控账号: 测试账号 (7852949543)
2026-06-11 18:48:10,466 - ERROR - 获取用户信息异常: 'request_delay'
2026-06-11 18:48:13,746 - ERROR - 获取containerid失败: Expecting value: line 1 column 1 (char 0)
2026-06-11 18:48:13,746 - WARNING - ❌ 测试账号 (7852949543): 未获取到微博数据
2026-06-11 18:48:13,747 - INFO - 📊 监控完成: 0/1 成功, 共获取 0 条微博
2026-06-11 22:03:55,143 - INFO - 🚀 开始微博监控任务
2026-06-11 22:03:55,143 - INFO - 开始监控账号: 测试账号 (7852949543)
2026-06-11 22:03:55,143 - ERROR - 获取用户信息异常: 'request_delay'
2026-06-11 22:03:59,494 - ERROR - 获取containerid失败: Expecting value: line 1 column 1 (char 0)
2026-06-11 22:03:59,494 - WARNING - ❌ 测试账号 (7852949543): 未获取到微博数据
2026-06-11 22:03:59,495 - INFO - 📊 监控完成: 0/1 成功, 共获取 0 条微博
2026-06-12 04:17:41,632 - INFO - 🚀 开始微博监控任务
2026-06-12 04:17:41,632 - INFO - 开始监控账号: 测试账号 (7852949543)
2026-06-12 04:17:41,632 - ERROR - 获取用户信息异常: 'request_delay'
2026-06-12 04:17:45,000 - ERROR - 获取containerid失败: Expecting value: line 1 column 1 (char 0)
2026-06-12 04:17:45,001 - WARNING - ❌ 测试账号 (7852949543): 未获取到微博数据
2026-06-12 04:17:45,001 - INFO - 📊 监控完成: 0/1 成功, 共获取 0 条微博
2026-06-12 11:45:51,142 - INFO - 🚀 开始微博监控任务
2026-06-12 11:45:51,143 - INFO - 开始监控账号: 测试账号 (7852949543)
2026-06-12 11:45:51,143 - ERROR - 获取用户信息异常: 'request_delay'
2026-06-12 11:45:54,238 - ERROR - 获取containerid失败: Expecting value: line 1 column 1 (char 0)
2026-06-12 11:45:54,238 - WARNING - ❌ 测试账号 (7852949543): 未获取到微博数据
2026-06-12 11:45:54,238 - INFO - 📊 监控完成: 0/1 成功, 共获取 0 条微博
2026-06-12 15:21:39,124 - INFO - 🚀 开始微博监控任务
2026-06-12 15:21:39,125 - INFO - 开始监控账号: 测试账号 (7852949543)
2026-06-12 15:21:39,125 - ERROR - 获取用户信息异常: 'request_delay'
2026-06-12 15:21:43,420 - ERROR - 获取containerid失败: Expecting value: line 1 column 1 (char 0)
2026-06-12 15:21:43,420 - WARNING - ❌ 测试账号 (7852949543): 未获取到微博数据
2026-06-12 15:21:43,421 - INFO - 📊 监控完成: 0/1 成功, 共获取 0 条微博
2026-06-12 18:09:35,938 - INFO - 🚀 开始微博监控任务
2026-06-12 18:09:35,938 - INFO - 开始监控账号: 测试账号 (7852949543)
2026-06-12 18:09:35,938 - ERROR - 获取用户信息异常: 'request_delay'
2026-06-12 18:09:38,563 - ERROR - 获取containerid失败: Expecting value: line 1 column 1 (char 0)
2026-06-12 18:09:38,563 - WARNING - ❌ 测试账号 (7852949543): 未获取到微博数据
2026-06-12 18:09:38,563 - INFO - 📊 监控完成: 0/1 成功, 共获取 0 条微博
2026-06-12 21:49:40,069 - INFO - 🚀 开始微博监控任务
2026-06-12 21:49:40,070 - INFO - 开始监控账号: 测试账号 (7852949543)
2026-06-12 21:49:40,070 - ERROR - 获取用户信息异常: 'request_delay'
2026-06-12 21:49:42,283 - ERROR - 获取containerid失败: Expecting value: line 1 column 1 (char 0)
2026-06-12 21:49:42,283 - WARNING - ❌ 测试账号 (7852949543): 未获取到微博数据
2026-06-12 21:49:42,283 - INFO - 📊 监控完成: 0/1 成功, 共获取 0 条微博
2026-06-13 04:05:53,459 - INFO - 🚀 开始微博监控任务
2026-06-13 04:05:53,459 - INFO - 开始监控账号: 测试账号 (7852949543)
2026-06-13 04:05:53,459 - ERROR - 获取用户信息异常: 'request_delay'
2026-06-13 04:05:56,568 - ERROR - 获取containerid失败: Expecting value: line 1 column 1 (char 0)
2026-06-13 04:05:56,568 - WARNING - ❌ 测试账号 (7852949543): 未获取到微博数据
2026-06-13 04:05:56,568 - INFO - 📊 监控完成: 0/1 成功, 共获取 0 条微博
2026-06-13 10:32:24,291 - INFO - 🚀 开始微博监控任务
2026-06-13 10:32:24,291 - INFO - 开始监控账号: 测试账号 (7852949543)
2026-06-13 10:32:24,291 - ERROR - 获取用户信息异常: 'request_delay'
2026-06-13 10:32:26,907 - ERROR - 获取containerid失败: Expecting value: line 1 column 1 (char 0)
2026-06-13 10:32:26,907 - WARNING - ❌ 测试账号 (7852949543): 未获取到微博数据
2026-06-13 10:32:26,907 - INFO - 📊 监控完成: 0/1 成功, 共获取 0 条微博
2026-06-13 14:06:13,063 - INFO - 🚀 开始微博监控任务
2026-06-13 14:06:13,063 - INFO - 开始监控账号: 测试账号 (7852949543)
2026-06-13 14:06:13,064 - ERROR - 获取用户信息异常: 'request_delay'
2026-06-13 14:06:16,347 - ERROR - 获取containerid失败: Expecting value: line 1 column 1 (char 0)
2026-06-13 14:06:16,347 - WARNING - ❌ 测试账号 (7852949543): 未获取到微博数据
2026-06-13 14:06:16,348 - INFO - 📊 监控完成: 0/1 成功, 共获取 0 条微博
2026-06-13 17:25:45,336 - INFO - 🚀 开始微博监控任务
2026-06-13 17:25:45,336 - INFO - 开始监控账号: 测试账号 (7852949543)
2026-06-13 17:25:45,336 - ERROR - 获取用户信息异常: 'request_delay'
2026-06-13 17:25:47,520 - ERROR - 获取containerid失败: Expecting value: line 1 column 1 (char 0)
2026-06-13 17:25:47,520 - WARNING - ❌ 测试账号 (7852949543): 未获取到微博数据
2026-06-13 17:25:47,521 - INFO - 📊 监控完成: 0/1 成功, 共获取 0 条微博
2026-06-13 21:19:39,963 - INFO - 🚀 开始微博监控任务
2026-06-13 21:19:39,963 - INFO - 开始监控账号: 测试账号 (7852949543)
2026-06-13 21:19:39,963 - ERROR - 获取用户信息异常: 'request_delay'
2026-06-13 21:19:45,543 - ERROR - 获取containerid失败: Expecting value: line 1 column 1 (char 0)
2026-06-13 21:19:45,543 - WARNING - ❌ 测试账号 (7852949543): 未获取到微博数据
2026-06-13 21:19:45,543 - INFO - 📊 监控完成: 0/1 成功, 共获取 0 条微博
2026-06-14 04:23:26,811 - INFO - 🚀 开始微博监控任务
2026-06-14 04:23:26,811 - INFO - 开始监控账号: 测试账号 (7852949543)
2026-06-14 04:23:26,811 - ERROR - 获取用户信息异常: 'request_delay'
2026-06-14 04:23:30,146 - ERROR - 获取containerid失败: Expecting value: line 1 column 1 (char 0)
2026-06-14 04:23:30,146 - WARNING - ❌ 测试账号 (7852949543): 未获取到微博数据
2026-06-14 04:23:30,147 - INFO - 📊 监控完成: 0/1 成功, 共获取 0 条微博
2026-06-14 10:50:14,535 - INFO - 🚀 开始微博监控任务
2026-06-14 10:50:14,535 - INFO - 开始监控账号: 测试账号 (7852949543)
2026-06-14 10:50:14,535 - ERROR - 获取用户信息异常: 'request_delay'
2026-06-14 10:50:17,595 - ERROR - 获取containerid失败: Expecting value: line 1 column 1 (char 0)
2026-06-14 10:50:17,595 - WARNING - ❌ 测试账号 (7852949543): 未获取到微博数据
2026-06-14 10:50:17,596 - INFO - 📊 监控完成: 0/1 成功, 共获取 0 条微博
2026-06-14 14:09:56,713 - INFO - 🚀 开始微博监控任务
2026-06-14 14:09:56,713 - INFO - 开始监控账号: 测试账号 (7852949543)
2026-06-14 14:09:56,713 - ERROR - 获取用户信息异常: 'request_delay'
2026-06-14 14:10:01,047 - ERROR - 获取containerid失败: Expecting value: line 1 column 1 (char 0)
2026-06-14 14:10:01,048 - WARNING - ❌ 测试账号 (7852949543): 未获取到微博数据
2026-06-14 14:10:01,048 - INFO - 📊 监控完成: 0/1 成功, 共获取 0 条微博
2026-06-14 17:22:30,404 - INFO - 🚀 开始微博监控任务
2026-06-14 17:22:30,404 - INFO - 开始监控账号: 测试账号 (7852949543)
2026-06-14 17:22:30,404 - ERROR - 获取用户信息异常: 'request_delay'
2026-06-14 17:22:34,211 - ERROR - 获取containerid失败: Expecting value: line 1 column 1 (char 0)
2026-06-14 17:22:34,212 - WARNING - ❌ 测试账号 (7852949543): 未获取到微博数据
2026-06-14 17:22:34,212 - INFO - 📊 监控完成: 0/1 成功, 共获取 0 条微博
2026-06-14 21:16:06,409 - INFO - 🚀 开始微博监控任务
2026-06-14 21:16:06,410 - INFO - 开始监控账号: 测试账号 (7852949543)
2026-06-14 21:16:06,410 - ERROR - 获取用户信息异常: 'request_delay'
2026-06-14 21:16:10,714 - ERROR - 获取containerid失败: Expecting value: line 1 column 1 (char 0)
2026-06-14 21:16:10,715 - WARNING - ❌ 测试账号 (7852949543): 未获取到微博数据
2026-06-14 21:16:10,715 - INFO - 📊 监控完成: 0/1 成功, 共获取 0 条微博
2026-06-15 04:46:45,498 - INFO - 🚀 开始微博监控任务
2026-06-15 04:46:45,498 - INFO - 开始监控账号: 测试账号 (7852949543)
2026-06-15 04:46:45,498 - ERROR - 获取用户信息异常: 'request_delay'
2026-06-15 04:46:48,606 - ERROR - 获取containerid失败: Expecting value: line 1 column 1 (char 0)
2026-06-15 04:46:48,606 - WARNING - ❌ 测试账号 (7852949543): 未获取到微博数据
2026-06-15 04:46:48,607 - INFO - 📊 监控完成: 0/1 成功, 共获取 0 条微博
2026-06-15 14:25:53,770 - INFO - 🚀 开始微博监控任务
2026-06-15 14:25:53,770 - INFO - 开始监控账号: 测试账号 (7852949543)
2026-06-15 14:25:53,770 - ERROR - 获取用户信息异常: 'request_delay'
2026-06-15 14:25:56,003 - ERROR - 获取containerid失败: Expecting value: line 1 column 1 (char 0)
2026-06-15 14:25:56,003 - WARNING - ❌ 测试账号 (7852949543): 未获取到微博数据
2026-06-15 14:25:56,004 - INFO - 📊 监控完成: 0/1 成功, 共获取 0 条微博
2026-06-15 19:49:57,738 - INFO - 🚀 开始微博监控任务
2026-06-15 19:49:57,738 - INFO - 开始监控账号: 测试账号 (7852949543)
2026-06-15 19:49:57,739 - ERROR - 获取用户信息异常: 'request_delay'
2026-06-15 19:50:01,269 - ERROR - 获取containerid失败: Expecting value: line 1 column 1 (char 0)
2026-06-15 19:50:01,269 - WARNING - ❌ 测试账号 (7852949543): 未获取到微博数据
2026-06-15 19:50:01,270 - INFO - 📊 监控完成: 0/1 成功, 共获取 0 条微博
2026-06-15 22:21:25,585 - INFO - 🚀 开始微博监控任务
2026-06-15 22:21:25,585 - INFO - 开始监控账号: 测试账号 (7852949543)
2026-06-15 22:21:25,585 - ERROR - 获取用户信息异常: 'request_delay'
2026-06-15 22:21:28,749 - ERROR - 获取containerid失败: Expecting value: line 1 column 1 (char 0)
2026-06-15 22:21:28,749 - WARNING - ❌ 测试账号 (7852949543): 未获取到微博数据
2026-06-15 22:21:28,750 - INFO - 📊 监控完成: 0/1 成功, 共获取 0 条微博
2026-06-16 04:43:52,065 - INFO - 🚀 开始微博监控任务
2026-06-16 04:43:52,066 - INFO - 开始监控账号: 测试账号 (7852949543)
2026-06-16 04:43:52,066 - ERROR - 获取用户信息异常: 'request_delay'
2026-06-16 04:43:54,905 - ERROR - 获取containerid失败: Expecting value: line 1 column 1 (char 0)
2026-06-16 04:43:54,905 - WARNING - ❌ 测试账号 (7852949543): 未获取到微博数据
2026-06-16 04:43:54,906 - INFO - 📊 监控完成: 0/1 成功, 共获取 0 条微博
2026-06-16 12:56:48,585 - INFO - 🚀 开始微博监控任务
2026-06-16 12:56:48,585 - INFO - 开始监控账号: 测试账号 (7852949543)
2026-06-16 12:56:48,585 - ERROR - 获取用户信息异常: 'request_delay'
2026-06-16 12:56:52,096 - ERROR - 获取containerid失败: Expecting value: line 1 column 1 (char 0)
2026-06-16 12:56:52,096 - WARNING - ❌ 测试账号 (7852949543): 未获取到微博数据
2026-06-16 12:56:52,096 - INFO - 📊 监控完成: 0/1 成功, 共获取 0 条微博
2026-06-16 19:39:18,108 - INFO - 🚀 开始微博监控任务
2026-06-16 19:39:18,108 - INFO - 开始监控账号: 测试账号 (7852949543)
2026-06-16 19:39:18,108 - ERROR - 获取用户信息异常: 'request_delay'
2026-06-16 19:39:21,388 - ERROR - 获取containerid失败: Expecting value: line 1 column 1 (char 0)
2026-06-16 19:39:21,388 - WARNING - ❌ 测试账号 (7852949543): 未获取到微博数据
2026-06-16 19:39:21,388 - INFO - 📊 监控完成: 0/1 成功, 共获取 0 条微博
2026-06-16 22:14:52,420 - INFO - 🚀 开始微博监控任务
2026-06-16 22:14:52,420 - INFO - 开始监控账号: 测试账号 (7852949543)
2026-06-16 22:14:52,420 - ERROR - 获取用户信息异常: 'request_delay'
2026-06-16 22:14:55,145 - ERROR - 获取containerid失败: Expecting value: line 1 column 1 (char 0)
2026-06-16 22:14:55,145 - WARNING - ❌ 测试账号 (7852949543): 未获取到微博数据
2026-06-16 22:14:55,145 - INFO - 📊 监控完成: 0/1 成功, 共获取 0 条微博
2026-06-17 04:24:22,419 - INFO - 🚀 开始微博监控任务
2026-06-17 04:24:22,420 - INFO - 开始监控账号: 测试账号 (7852949543)
2026-06-17 04:24:22,420 - ERROR - 获取用户信息异常: 'request_delay'
2026-06-17 04:24:25,545 - ERROR - 获取containerid失败: Expecting value: line 1 column 1 (char 0)
2026-06-17 04:24:25,545 - WARNING - ❌ 测试账号 (7852949543): 未获取到微博数据
2026-06-17 04:24:25,545 - INFO - 📊 监控完成: 0/1 成功, 共获取 0 条微博
2026-06-17 12:18:49,531 - INFO - 🚀 开始微博监控任务
2026-06-17 12:18:49,531 - INFO - 开始监控账号: 测试账号 (7852949543)
2026-06-17 12:18:49,531 - ERROR - 获取用户信息异常: 'request_delay'
2026-06-17 12:18:54,478 - ERROR - 获取containerid失败: Expecting value: line 1 column 1 (char 0)
2026-06-17 12:18:54,478 - WARNING - ❌ 测试账号 (7852949543): 未获取到微博数据
2026-06-17 12:18:54,478 - INFO - 📊 监控完成: 0/1 成功, 共获取 0 条微博
2026-06-17 18:22:33,059 - INFO - 🚀 开始微博监控任务
2026-06-17 18:22:33,059 - INFO - 开始监控账号: 测试账号 (7852949543)
2026-06-17 18:22:33,059 - ERROR - 获取用户信息异常: 'request_delay'
2026-06-17 18:22:35,635 - ERROR - 获取containerid失败: Expecting value: line 1 column 1 (char 0)
2026-06-17 18:22:35,635 - WARNING - ❌ 测试账号 (7852949543): 未获取到微博数据
2026-06-17 18:22:35,636 - INFO - 📊 监控完成: 0/1 成功, 共获取 0 条微博
2026-06-17 22:02:57,451 - INFO - 🚀 开始微博监控任务
2026-06-17 22:02:57,451 - INFO - 开始监控账号: 测试账号 (7852949543)
2026-06-17 22:02:57,451 - ERROR - 获取用户信息异常: 'request_delay'
2026-06-17 22:03:02,566 - ERROR - 获取containerid失败: Expecting value: line 1 column 1 (char 0)
2026-06-17 22:03:02,566 - WARNING - ❌ 测试账号 (7852949543): 未获取到微博数据
2026-06-17 22:03:02,567 - INFO - 📊 监控完成: 0/1 成功, 共获取 0 条微博
2026-06-18 04:17:39,586 - INFO - 🚀 开始微博监控任务
2026-06-18 04:17:39,587 - INFO - 开始监控账号: 测试账号 (7852949543)
2026-06-18 04:17:39,587 - ERROR - 获取用户信息异常: 'request_delay'
2026-06-18 04:17:43,639 - ERROR - 获取containerid失败: Expecting value: line 1 column 1 (char 0)
2026-06-18 04:17:43,639 - WARNING - ❌ 测试账号 (7852949543): 未获取到微博数据
2026-06-18 04:17:43,639 - INFO - 📊 监控完成: 0/1 成功, 共获取 0 条微博
2026-06-18 11:52:23,703 - INFO - 🚀 开始微博监控任务
2026-06-18 11:52:23,703 - INFO - 开始监控账号: 测试账号 (7852949543)
2026-06-18 11:52:23,703 - ERROR - 获取用户信息异常: 'request_delay'
2026-06-18 11:52:26,943 - ERROR - 获取containerid失败: Expecting value: line 1 column 1 (char 0)
2026-06-18 11:52:26,943 - WARNING - ❌ 测试账号 (7852949543): 未获取到微博数据
2026-06-18 11:52:26,944 - INFO - 📊 监控完成: 0/1 成功, 共获取 0 条微博
2026-06-18 15:32:26,764 - INFO - 🚀 开始微博监控任务
2026-06-18 15:32:26,764 - INFO - 开始监控账号: 测试账号 (7852949543)
2026-06-18 15:32:26,764 - ERROR - 获取用户信息异常: 'request_delay'
2026-06-18 15:32:29,770 - ERROR - 获取containerid失败: Expecting value: line 1 column 1 (char 0)
2026-06-18 15:32:29,771 - WARNING - ❌ 测试账号 (7852949543): 未获取到微博数据
2026-06-18 15:32:29,771 - INFO - 📊 监控完成: 0/1 成功, 共获取 0 条微博
2026-06-18 18:27:08,813 - INFO - 🚀 开始微博监控任务
2026-06-18 18:27:08,813 - INFO - 开始监控账号: 测试账号 (7852949543)
2026-06-18 18:27:08,813 - ERROR - 获取用户信息异常: 'request_delay'
2026-06-18 18:27:12,794 - ERROR - 获取containerid失败: Expecting value: line 1 column 1 (char 0)
2026-06-18 18:27:12,794 - WARNING - ❌ 测试账号 (7852949543): 未获取到微博数据
2026-06-18 18:27:12,795 - INFO - 📊 监控完成: 0/1 成功, 共获取 0 条微博
2026-06-18 22:12:51,633 - INFO - 🚀 开始微博监控任务
2026-06-18 22:12:51,633 - INFO - 开始监控账号: 测试账号 (7852949543)
2026-06-18 22:12:51,633 - ERROR - 获取用户信息异常: 'request_delay'
2026-06-18 22:12:56,369 - ERROR - 获取containerid失败: Expecting value: line 1 column 1 (char 0)
2026-06-18 22:12:56,369 - WARNING - ❌ 测试账号 (7852949543): 未获取到微博数据
2026-06-18 22:12:56,370 - INFO - 📊 监控完成: 0/1 成功, 共获取 0 条微博
2026-06-19 04:45:37,709 - INFO - 🚀 开始微博监控任务
2026-06-19 04:45:37,709 - INFO - 开始监控账号: 测试账号 (7852949543)
2026-06-19 04:45:37,709 - ERROR - 获取用户信息异常: 'request_delay'
2026-06-19 04:45:41,658 - ERROR - 获取containerid失败: Expecting value: line 1 column 1 (char 0)
2026-06-19 04:45:41,658 - WARNING - ❌ 测试账号 (7852949543): 未获取到微博数据
2026-06-19 04:45:41,659 - INFO - 📊 监控完成: 0/1 成功, 共获取 0 条微博
2026-06-19 12:09:27,843 - INFO - 🚀 开始微博监控任务
2026-06-19 12:09:27,844 - INFO - 开始监控账号: 测试账号 (7852949543)
2026-06-19 12:09:27,844 - ERROR - 获取用户信息异常: 'request_delay'
2026-06-19 12:09:31,777 - ERROR - 获取containerid失败: Expecting value: line 1 column 1 (char 0)
2026-06-19 12:09:31,778 - WARNING - ❌ 测试账号 (7852949543): 未获取到微博数据
2026-06-19 12:09:31,778 - INFO - 📊 监控完成: 0/1 成功, 共获取 0 条微博
2026-06-19 18:00:56,184 - INFO - 🚀 开始微博监控任务
2026-06-19 18:00:56,184 - INFO - 开始监控账号: 测试账号 (7852949543)
2026-06-19 18:00:56,184 - ERROR - 获取用户信息异常: 'request_delay'
2026-06-19 18:00:58,533 - ERROR - 获取containerid失败: Expecting value: line 1 column 1 (char 0)
2026-06-19 18:00:58,533 - WARNING - ❌ 测试账号 (7852949543): 未获取到微博数据
2026-06-19 18:00:58,534 - INFO - 📊 监控完成: 0/1 成功, 共获取 0 条微博
2026-06-19 21:12:18,385 - INFO - 🚀 开始微博监控任务
2026-06-19 21:12:18,386 - INFO - 开始监控账号: 测试账号 (7852949543)
2026-06-19 21:12:18,386 - ERROR - 获取用户信息异常: 'request_delay'
2026-06-19 21:12:21,701 - ERROR - 获取containerid失败: Expecting value: line 1 column 1 (char 0)
2026-06-19 21:12:21,701 - WARNING - ❌ 测试账号 (7852949543): 未获取到微博数据
2026-06-19 21:12:21,701 - INFO - 📊 监控完成: 0/1 成功, 共获取 0 条微博
2026-06-20 03:59:37,711 - INFO - 🚀 开始微博监控任务
2026-06-20 03:59:37,711 - INFO - 开始监控账号: 测试账号 (7852949543)
2026-06-20 03:59:37,711 - ERROR - 获取用户信息异常: 'request_delay'
2026-06-20 03:59:39,848 - ERROR - 获取containerid失败: Expecting value: line 1 column 1 (char 0)
2026-06-20 03:59:39,848 - WARNING - ❌ 测试账号 (7852949543): 未获取到微博数据
2026-06-20 03:59:39,849 - INFO - 📊 监控完成: 0/1 成功, 共获取 0 条微博
2026-06-20 07:55:35,599 - INFO - 🚀 开始微博监控任务
2026-06-20 07:55:35,599 - INFO - 开始监控账号: 测试账号 (7852949543)
2026-06-20 07:55:35,599 - ERROR - 获取用户信息异常: 'request_delay'
2026-06-20 07:55:38,742 - ERROR - 获取containerid失败: Expecting value: line 1 column 1 (char 0)
2026-06-20 07:55:38,742 - WARNING - ❌ 测试账号 (7852949543): 未获取到微博数据
2026-06-20 07:55:38,743 - INFO - 📊 监控完成: 0/1 成功, 共获取 0 条微博
2026-06-20 10:35:19,319 - INFO - 🚀 开始微博监控任务
2026-06-20 10:35:19,319 - INFO - 开始监控账号: 测试账号 (7852949543)
2026-06-20 10:35:19,319 - ERROR - 获取用户信息异常: 'request_delay'
2026-06-20 10:35:24,804 - ERROR - 获取containerid失败: Expecting value: line 1 column 1 (char 0)
2026-06-20 10:35:24,804 - WARNING - ❌ 测试账号 (7852949543): 未获取到微博数据
2026-06-20 10:35:24,804 - INFO - 📊 监控完成: 0/1 成功, 共获取 0 条微博
2026-06-20 14:10:12,075 - INFO - 🚀 开始微博监控任务
2026-06-20 14:10:12,075 - INFO - 开始监控账号: 测试账号 (7852949543)
2026-06-20 14:10:12,075 - ERROR - 获取用户信息异常: 'request_delay'
2026-06-20 14:10:16,353 - ERROR - 获取containerid失败: Expecting value: line 1 column 1 (char 0)
2026-06-20 14:10:16,353 - WARNING - ❌ 测试账号 (7852949543): 未获取到微博数据
2026-06-20 14:10:16,354 - INFO - 📊 监控完成: 0/1 成功, 共获取 0 条微博
2026-06-20 17:37:24,072 - INFO - 🚀 开始微博监控任务
2026-06-20 17:37:24,072 - INFO - 开始监控账号: 测试账号 (7852949543)
2026-06-20 17:37:24,072 - ERROR - 获取用户信息异常: 'request_delay'
2026-06-20 17:37:27,385 - ERROR - 获取containerid失败: Expecting value: line 1 column 1 (char 0)
2026-06-20 17:37:27,385 - WARNING - ❌ 测试账号 (7852949543): 未获取到微博数据
2026-06-20 17:37:27,386 - INFO - 📊 监控完成: 0/1 成功, 共获取 0 条微博
2026-06-20 21:20:49,397 - INFO - 🚀 开始微博监控任务
2026-06-20 21:20:49,398 - INFO - 开始监控账号: 测试账号 (7852949543)
2026-06-20 21:20:49,398 - ERROR - 获取用户信息异常: 'request_delay'
2026-06-20 21:20:53,958 - ERROR - 获取containerid失败: Expecting value: line 1 column 1 (char 0)
2026-06-20 21:20:53,958 - WARNING - ❌ 测试账号 (7852949543): 未获取到微博数据
2026-06-20 21:20:53,959 - INFO - 📊 监控完成: 0/1 成功, 共获取 0 条微博
2026-06-21 04:41:01,433 - INFO - 🚀 开始微博监控任务
2026-06-21 04:41:01,433 - INFO - 开始监控账号: 测试账号 (7852949543)
2026-06-21 04:41:01,433 - ERROR - 获取用户信息异常: 'request_delay'
2026-06-21 04:41:04,184 - ERROR - 获取containerid失败: Expecting value: line 1 column 1 (char 0)
2026-06-21 04:41:04,184 - WARNING - ❌ 测试账号 (7852949543): 未获取到微博数据
2026-06-21 04:41:04,185 - INFO - 📊 监控完成: 0/1 成功, 共获取 0 条微博
2026-06-21 11:18:16,055 - INFO - 🚀 开始微博监控任务
2026-06-21 11:18:16,055 - INFO - 开始监控账号: 测试账号 (7852949543)
2026-06-21 11:18:16,055 - ERROR - 获取用户信息异常: 'request_delay'
2026-06-21 11:18:19,864 - ERROR - 获取containerid失败: Expecting value: line 1 column 1 (char 0)
2026-06-21 11:18:19,865 - WARNING - ❌ 测试账号 (7852949543): 未获取到微博数据
2026-06-21 11:18:19,865 - INFO - 📊 监控完成: 0/1 成功, 共获取 0 条微博
2026-06-21 14:17:48,348 - INFO - 🚀 开始微博监控任务
2026-06-21 14:17:48,348 - INFO - 开始监控账号: 测试账号 (7852949543)
2026-06-21 14:17:48,348 - ERROR - 获取用户信息异常: 'request_delay'
2026-06-21 14:17:51,260 - ERROR - 获取containerid失败: Expecting value: line 1 column 1 (char 0)
2026-06-21 14:17:51,260 - WARNING - ❌ 测试账号 (7852949543): 未获取到微博数据
2026-06-21 14:17:51,261 - INFO - 📊 监控完成: 0/1 成功, 共获取 0 条微博
2026-06-21 17:42:14,112 - INFO - 🚀 开始微博监控任务
2026-06-21 17:42:14,112 - INFO - 开始监控账号: 测试账号 (7852949543)
2026-06-21 17:42:14,112 - ERROR - 获取用户信息异常: 'request_delay'
2026-06-21 17:42:18,633 - ERROR - 获取containerid失败: Expecting value: line 1 column 1 (char 0)
2026-06-21 17:42:18,633 - WARNING - ❌ 测试账号 (7852949543): 未获取到微博数据
2026-06-21 17:42:18,634 - INFO - 📊 监控完成: 0/1 成功, 共获取 0 条微博
2026-06-21 21:18:01,477 - INFO - 🚀 开始微博监控任务
2026-06-21 21:18:01,477 - INFO - 开始监控账号: 测试账号 (7852949543)
2026-06-21 21:18:01,478 - ERROR - 获取用户信息异常: 'request_delay'
2026-06-21 21:18:04,266 - ERROR - 获取containerid失败: Expecting value: line 1 column 1 (char 0)
2026-06-21 21:18:04,266 - WARNING - ❌ 测试账号 (7852949543): 未获取到微博数据
2026-06-21 21:18:04,267 - INFO - 📊 监控完成: 0/1 成功, 共获取 0 条微博
2026-06-22 04:46:37,787 - INFO - 🚀 开始微博监控任务
2026-06-22 04:46:37,788 - INFO - 开始监控账号: 测试账号 (7852949543)
2026-06-22 04:46:37,788 - ERROR - 获取用户信息异常: 'request_delay'
2026-06-22 04:46:40,594 - ERROR - 获取containerid失败: Expecting value: line 1 column 1 (char 0)
2026-06-22 04:46:40,595 - WARNING - ❌ 测试账号 (7852949543): 未获取到微博数据
2026-06-22 04:46:40,595 - INFO - 📊 监控完成: 0/1 成功, 共获取 0 条微博
2026-06-22 13:37:18,724 - INFO - 🚀 开始微博监控任务
2026-06-22 13:37:18,725 - INFO - 开始监控账号: 测试账号 (7852949543)
2026-06-22 13:37:18,725 - ERROR - 获取用户信息异常: 'request_delay'
2026-06-22 13:37:21,872 - ERROR - 获取containerid失败: Expecting value: line 1 column 1 (char 0)
2026-06-22 13:37:21,872 - WARNING - ❌ 测试账号 (7852949543): 未获取到微博数据
2026-06-22 13:37:21,873 - INFO - 📊 监控完成: 0/1 成功, 共获取 0 条微博
2026-06-22 19:32:24,548 - INFO - 🚀 开始微博监控任务
2026-06-22 19:32:24,548 - INFO - 开始监控账号: 测试账号 (7852949543)
2026-06-22 19:32:24,548 - ERROR - 获取用户信息异常: 'request_delay'
2026-06-22 19:32:28,565 - ERROR - 获取containerid失败: Expecting value: line 1 column 1 (char 0)
2026-06-22 19:32:28,565 - WARNING - ❌ 测试账号 (7852949543): 未获取到微博数据
2026-06-22 19:32:28,566 - INFO - 📊 监控完成: 0/1 成功, 共获取 0 条微博
2026-06-22 22:05:40,096 - INFO - 🚀 开始微博监控任务
2026-06-22 22:05:40,096 - INFO - 开始监控账号: 测试账号 (7852949543)
2026-06-22 22:05:40,096 - ERROR - 获取用户信息异常: 'request_delay'
2026-06-22 22:05:43,153 - ERROR - 获取containerid失败: Expecting value: line 1 column 1 (char 0)
2026-06-22 22:05:43,153 - WARNING - ❌ 测试账号 (7852949543): 未获取到微博数据
2026-06-22 22:05:43,154 - INFO - 📊 监控完成: 0/1 成功, 共获取 0 条微博
2026-06-23 03:51:57,541 - INFO - 🚀 开始微博监控任务
2026-06-23 03:51:57,541 - INFO - 开始监控账号: 测试账号 (7852949543)
2026-06-23 03:51:57,541 - ERROR - 获取用户信息异常: 'request_delay'
2026-06-23 03:52:00,015 - ERROR - 获取containerid失败: Expecting value: line 1 column 1 (char 0)
2026-06-23 03:52:00,015 - WARNING - ❌ 测试账号 (7852949543): 未获取到微博数据
2026-06-23 03:52:00,037 - INFO - 📊 监控完成: 0/1 成功, 共获取 0 条微博
2026-06-23 07:52:17,523 - INFO - 🚀 开始微博监控任务
2026-06-23 07:52:17,524 - INFO - 开始监控账号: 测试账号 (7852949543)
2026-06-23 07:52:17,524 - ERROR - 获取用户信息异常: 'request_delay'
2026-06-23 07:52:20,412 - ERROR - 获取containerid失败: Expecting value: line 1 column 1 (char 0)
2026-06-23 07:52:20,412 - WARNING - ❌ 测试账号 (7852949543): 未获取到微博数据
2026-06-23 07:52:20,413 - INFO - 📊 监控完成: 0/1 成功, 共获取 0 条微博
2026-06-23 11:20:12,397 - INFO - 🚀 开始微博监控任务
2026-06-23 11:20:12,397 - INFO - 开始监控账号: 测试账号 (7852949543)
2026-06-23 11:20:12,397 - ERROR - 获取用户信息异常: 'request_delay'
2026-06-23 11:20:15,614 - ERROR - 获取containerid失败: Expecting value: line 1 column 1 (char 0)
2026-06-23 11:20:15,614 - WARNING - ❌ 测试账号 (7852949543): 未获取到微博数据
2026-06-23 11:20:15,614 - INFO - 📊 监控完成: 0/1 成功, 共获取 0 条微博
2026-06-23 14:55:14,013 - INFO - 🚀 开始微博监控任务
2026-06-23 14:55:14,013 - INFO - 开始监控账号: 测试账号 (7852949543)
2026-06-23 14:55:14,013 - ERROR - 获取用户信息异常: 'request_delay'
2026-06-23 14:55:16,823 - ERROR - 获取containerid失败: Expecting value: line 1 column 1 (char 0)
2026-06-23 14:55:16,823 - WARNING - ❌ 测试账号 (7852949543): 未获取到微博数据
2026-06-23 14:55:16,825 - INFO - 📊 监控完成: 0/1 成功, 共获取 0 条微博
2026-06-23 17:59:56,866 - INFO - 🚀 开始微博监控任务
2026-06-23 17:59:56,867 - INFO - 开始监控账号: 测试账号 (7852949543)
2026-06-23 17:59:56,867 - ERROR - 获取用户信息异常: 'request_delay'
2026-06-23 17:59:59,856 - ERROR - 获取containerid失败: Expecting value: line 1 column 1 (char 0)
2026-06-23 17:59:59,857 - WARNING - ❌ 测试账号 (7852949543): 未获取到微博数据
2026-06-23 17:59:59,857 - INFO - 📊 监控完成: 0/1 成功, 共获取 0 条微博
2026-06-23 21:44:03,881 - INFO - 🚀 开始微博监控任务
2026-06-23 21:44:03,881 - INFO - 开始监控账号: 测试账号 (7852949543)
2026-06-23 21:44:03,881 - ERROR - 获取用户信息异常: 'request_delay'
2026-06-23 21:44:06,297 - ERROR - 获取containerid失败: Expecting value: line 1 column 1 (char 0)
2026-06-23 21:44:06,297 - WARNING - ❌ 测试账号 (7852949543): 未获取到微博数据
2026-06-23 21:44:06,298 - INFO - 📊 监控完成: 0/1 成功, 共获取 0 条微博
2026-06-24 03:53:18,810 - INFO - 🚀 开始微博监控任务
2026-06-24 03:53:18,810 - INFO - 开始监控账号: 测试账号 (7852949543)
2026-06-24 03:53:18,810 - ERROR - 获取用户信息异常: 'request_delay'
2026-06-24 03:53:21,776 - ERROR - 获取containerid失败: Expecting value: line 1 column 1 (char 0)
2026-06-24 03:53:21,777 - WARNING - ❌ 测试账号 (7852949543): 未获取到微博数据
2026-06-24 03:53:21,777 - INFO - 📊 监控完成: 0/1 成功, 共获取 0 条微博
2026-06-24 07:43:51,641 - INFO - 🚀 开始微博监控任务
2026-06-24 07:43:51,641 - INFO - 开始监控账号: 测试账号 (7852949543)
2026-06-24 07:43:51,641 - ERROR - 获取用户信息异常: 'request_delay'
2026-06-24 07:43:54,264 - ERROR - 获取containerid失败: Expecting value: line 1 column 1 (char 0)
2026-06-24 07:43:54,265 - WARNING - ❌ 测试账号 (7852949543): 未获取到微博数据
2026-06-24 07:43:54,265 - INFO - 📊 监控完成: 0/1 成功, 共获取 0 条微博
2026-06-24 10:53:02,142 - INFO - 🚀 开始微博监控任务
2026-06-24 10:53:02,142 - INFO - 开始监控账号: 测试账号 (7852949543)
2026-06-24 10:53:02,142 - ERROR - 获取用户信息异常: 'request_delay'
2026-06-24 10:53:05,238 - ERROR - 获取containerid失败: Expecting value: line 1 column 1 (char 0)
2026-06-24 10:53:05,239 - WARNING - ❌ 测试账号 (7852949543): 未获取到微博数据
2026-06-24 10:53:05,239 - INFO - 📊 监控完成: 0/1 成功, 共获取 0 条微博
2026-06-24 14:37:50,354 - INFO - 🚀 开始微博监控任务
2026-06-24 14:37:50,354 - INFO - 开始监控账号: 测试账号 (7852949543)
2026-06-24 14:37:50,354 - ERROR - 获取用户信息异常: 'request_delay'
2026-06-24 14:37:54,127 - ERROR - 获取containerid失败: Expecting value: line 1 column 1 (char 0)
2026-06-24 14:37:54,127 - WARNING - ❌ 测试账号 (7852949543): 未获取到微博数据
2026-06-24 14:37:54,127 - INFO - 📊 监控完成: 0/1 成功, 共获取 0 条微博
2026-06-24 17:57:34,920 - INFO - 🚀 开始微博监控任务
2026-06-24 17:57:34,920 - INFO - 开始监控账号: 测试账号 (7852949543)
2026-06-24 17:57:34,920 - ERROR - 获取用户信息异常: 'request_delay'
2026-06-24 17:57:37,260 - ERROR - 获取containerid失败: Expecting value: line 1 column 1 (char 0)
2026-06-24 17:57:37,260 - WARNING - ❌ 测试账号 (7852949543): 未获取到微博数据
2026-06-24 17:57:37,261 - INFO - 📊 监控完成: 0/1 成功, 共获取 0 条微博
2026-06-24 21:25:13,812 - INFO - 🚀 开始微博监控任务
2026-06-24 21:25:13,812 - INFO - 开始监控账号: 测试账号 (7852949543)
2026-06-24 21:25:13,813 - ERROR - 获取用户信息异常: 'request_delay'
2026-06-24 21:25:17,668 - ERROR - 获取containerid失败: Expecting value: line 1 column 1 (char 0)
2026-06-24 21:25:17,669 - WARNING - ❌ 测试账号 (7852949543): 未获取到微博数据
2026-06-24 21:25:17,669 - INFO - 📊 监控完成: 0/1 成功, 共获取 0 条微博
2026-06-25 03:53:58,368 - INFO - 🚀 开始微博监控任务
2026-06-25 03:53:58,368 - INFO - 开始监控账号: 测试账号 (7852949543)
2026-06-25 03:53:58,368 - ERROR - 获取用户信息异常: 'request_delay'
2026-06-25 03:54:01,147 - ERROR - 获取containerid失败: Expecting value: line 1 column 1 (char 0)
2026-06-25 03:54:01,147 - WARNING - ❌ 测试账号 (7852949543): 未获取到微博数据
2026-06-25 03:54:01,147 - INFO - 📊 监控完成: 0/1 成功, 共获取 0 条微博
2026-06-25 07:48:59,911 - INFO - 🚀 开始微博监控任务
2026-06-25 07:48:59,911 - INFO - 开始监控账号: 测试账号 (7852949543)
2026-06-25 07:48:59,911 - ERROR - 获取用户信息异常: 'request_delay'
2026-06-25 07:49:02,429 - ERROR - 获取containerid失败: Expecting value: line 1 column 1 (char 0)
2026-06-25 07:49:02,429 - WARNING - ❌ 测试账号 (7852949543): 未获取到微博数据
2026-06-25 07:49:02,429 - INFO - 📊 监控完成: 0/1 成功, 共获取 0 条微博
2026-06-25 10:45:25,553 - INFO - 🚀 开始微博监控任务
2026-06-25 10:45:25,553 - INFO - 开始监控账号: 测试账号 (7852949543)
2026-06-25 10:45:25,553 - ERROR - 获取用户信息异常: 'request_delay'
2026-06-25 10:45:28,058 - ERROR - 获取containerid失败: Expecting value: line 1 column 1 (char 0)
2026-06-25 10:45:28,059 - WARNING - ❌ 测试账号 (7852949543): 未获取到微博数据
2026-06-25 10:45:28,059 - INFO - 📊 监控完成: 0/1 成功, 共获取 0 条微博
2026-06-25 14:38:43,167 - INFO - 🚀 开始微博监控任务
2026-06-25 14:38:43,167 - INFO - 开始监控账号: 测试账号 (7852949543)
2026-06-25 14:38:43,167 - ERROR - 获取用户信息异常: 'request_delay'
2026-06-25 14:38:45,775 - ERROR - 获取containerid失败: Expecting value: line 1 column 1 (char 0)
2026-06-25 14:38:45,776 - WARNING - ❌ 测试账号 (7852949543): 未获取到微博数据
2026-06-25 14:38:45,776 - INFO - 📊 监控完成: 0/1 成功, 共获取 0 条微博
2026-06-25 18:12:15,143 - INFO - 🚀 开始微博监控任务
2026-06-25 18:12:15,143 - INFO - 开始监控账号: 测试账号 (7852949543)
2026-06-25 18:12:15,143 - ERROR - 获取用户信息异常: 'request_delay'
2026-06-25 18:12:17,778 - ERROR - 获取containerid失败: Expecting value: line 1 column 1 (char 0)
2026-06-25 18:12:17,778 - WARNING - ❌ 测试账号 (7852949543): 未获取到微博数据
2026-06-25 18:12:17,779 - INFO - 📊 监控完成: 0/1 成功, 共获取 0 条微博
2026-06-25 21:46:01,080 - INFO - 🚀 开始微博监控任务
2026-06-25 21:46:01,081 - INFO - 开始监控账号: 测试账号 (7852949543)
2026-06-25 21:46:01,081 - ERROR - 获取用户信息异常: 'request_delay'
2026-06-25 21:46:04,254 - ERROR - 获取containerid失败: Expecting value: line 1 column 1 (char 0)
2026-06-25 21:46:04,254 - WARNING - ❌ 测试账号 (7852949543): 未获取到微博数据
2026-06-25 21:46:04,255 - INFO - 📊 监控完成: 0/1 成功, 共获取 0 条微博
2026-06-26 04:00:31,058 - INFO - 🚀 开始微博监控任务
2026-06-26 04:00:31,058 - INFO - 开始监控账号: 测试账号 (7852949543)
2026-06-26 04:00:31,058 - ERROR - 获取用户信息异常: 'request_delay'
2026-06-26 04:00:34,919 - ERROR - 获取containerid失败: Expecting value: line 1 column 1 (char 0)
2026-06-26 04:00:34,919 - WARNING - ❌ 测试账号 (7852949543): 未获取到微博数据
2026-06-26 04:00:34,920 - INFO - 📊 监控完成: 0/1 成功, 共获取 0 条微博
2026-06-26 10:54:04,435 - INFO - 🚀 开始微博监控任务
2026-06-26 10:54:04,435 - INFO - 开始监控账号: 测试账号 (7852949543)
2026-06-26 10:54:04,436 - ERROR - 获取用户信息异常: 'request_delay'
2026-06-26 10:54:07,639 - ERROR - 获取containerid失败: Expecting value: line 1 column 1 (char 0)
2026-06-26 10:54:07,640 - WARNING - ❌ 测试账号 (7852949543): 未获取到微博数据
2026-06-26 10:54:07,640 - INFO - 📊 监控完成: 0/1 成功, 共获取 0 条微博
2026-06-26 14:31:04,534 - INFO - 🚀 开始微博监控任务
2026-06-26 14:31:04,535 - INFO - 开始监控账号: 测试账号 (7852949543)
2026-06-26 14:31:04,535 - ERROR - 获取用户信息异常: 'request_delay'
2026-06-26 14:31:07,477 - ERROR - 获取containerid失败: Expecting value: line 1 column 1 (char 0)
2026-06-26 14:31:07,477 - WARNING - ❌ 测试账号 (7852949543): 未获取到微博数据
2026-06-26 14:31:07,478 - INFO - 📊 监控完成: 0/1 成功, 共获取 0 条微博
2026-06-26 17:50:57,886 - INFO - 🚀 开始微博监控任务
2026-06-26 17:50:57,886 - INFO - 开始监控账号: 测试账号 (7852949543)
2026-06-26 17:50:57,886 - ERROR - 获取用户信息异常: 'request_delay'
2026-06-26 17:51:00,489 - ERROR - 获取containerid失败: Expecting value: line 1 column 1 (char 0)
2026-06-26 17:51:00,489 - WARNING - ❌ 测试账号 (7852949543): 未获取到微博数据
2026-06-26 17:51:00,489 - INFO - 📊 监控完成: 0/1 成功, 共获取 0 条微博
2026-06-26 21:21:47,046 - INFO - 🚀 开始微博监控任务
2026-06-26 21:21:47,046 - INFO - 开始监控账号: 测试账号 (7852949543)
2026-06-26 21:21:47,046 - ERROR - 获取用户信息异常: 'request_delay'
2026-06-26 21:21:50,808 - ERROR - 获取containerid失败: Expecting value: line 1 column 1 (char 0)
2026-06-26 21:21:50,809 - WARNING - ❌ 测试账号 (7852949543): 未获取到微博数据
2026-06-26 21:21:50,809 - INFO - 📊 监控完成: 0/1 成功, 共获取 0 条微博
2026-06-27 03:43:59,141 - INFO - 🚀 开始微博监控任务
2026-06-27 03:43:59,141 - INFO - 开始监控账号: 测试账号 (7852949543)
2026-06-27 03:43:59,141 - ERROR - 获取用户信息异常: 'request_delay'
2026-06-27 03:44:03,535 - ERROR - 获取containerid失败: Expecting value: line 1 column 1 (char 0)
2026-06-27 03:44:03,536 - WARNING - ❌ 测试账号 (7852949543): 未获取到微博数据
2026-06-27 03:44:03,536 - INFO - 📊 监控完成: 0/1 成功, 共获取 0 条微博
2026-06-27 06:54:55,857 - INFO - 🚀 开始微博监控任务
2026-06-27 06:54:55,857 - INFO - 开始监控账号: 测试账号 (7852949543)
2026-06-27 06:54:55,857 - ERROR - 获取用户信息异常: 'request_delay'
2026-06-27 06:54:59,487 - ERROR - 获取containerid失败: Expecting value: line 1 column 1 (char 0)
2026-06-27 06:54:59,487 - WARNING - ❌ 测试账号 (7852949543): 未获取到微博数据
2026-06-27 06:54:59,487 - INFO - 📊 监控完成: 0/1 成功, 共获取 0 条微博
2026-06-27 10:11:52,154 - INFO - 🚀 开始微博监控任务
2026-06-27 10:11:52,154 - INFO - 开始监控账号: 测试账号 (7852949543)
2026-06-27 10:11:52,154 - ERROR - 获取用户信息异常: 'request_delay'
2026-06-27 10:11:55,638 - ERROR - 获取containerid失败: Expecting value: line 1 column 1 (char 0)
2026-06-27 10:11:55,638 - WARNING - ❌ 测试账号 (7852949543): 未获取到微博数据
2026-06-27 10:11:55,639 - INFO - 📊 监控完成: 0/1 成功, 共获取 0 条微博
2026-06-27 13:49:04,478 - INFO - 🚀 开始微博监控任务
2026-06-27 13:49:04,478 - INFO - 开始监控账号: 测试账号 (7852949543)
2026-06-27 13:49:04,478 - ERROR - 获取用户信息异常: 'request_delay'
2026-06-27 13:49:13,116 - ERROR - 获取containerid失败: Expecting value: line 1 column 1 (char 0)
2026-06-27 13:49:13,116 - WARNING - ❌ 测试账号 (7852949543): 未获取到微博数据
2026-06-27 13:49:13,116 - INFO - 📊 监控完成: 0/1 成功, 共获取 0 条微博
2026-06-27 17:13:57,804 - INFO - 🚀 开始微博监控任务
2026-06-27 17:13:57,804 - INFO - 开始监控账号: 测试账号 (7852949543)
2026-06-27 17:13:57,804 - ERROR - 获取用户信息异常: 'request_delay'
2026-06-27 17:14:00,866 - ERROR - 获取containerid失败: Expecting value: line 1 column 1 (char 0)
2026-06-27 17:14:00,866 - WARNING - ❌ 测试账号 (7852949543): 未获取到微博数据
2026-06-27 17:14:00,867 - INFO - 📊 监控完成: 0/1 成功, 共获取 0 条微博
2026-06-27 21:07:39,313 - INFO - 🚀 开始微博监控任务
2026-06-27 21:07:39,313 - INFO - 开始监控账号: 测试账号 (7852949543)
2026-06-27 21:07:39,313 - ERROR - 获取用户信息异常: 'request_delay'
2026-06-27 21:07:42,676 - ERROR - 获取containerid失败: Expecting value: line 1 column 1 (char 0)
2026-06-27 21:07:42,676 - WARNING - ❌ 测试账号 (7852949543): 未获取到微博数据
2026-06-27 21:07:42,676 - INFO - 📊 监控完成: 0/1 成功, 共获取 0 条微博
2026-06-28 04:07:53,007 - INFO - 🚀 开始微博监控任务
2026-06-28 04:07:53,007 - INFO - 开始监控账号: 测试账号 (7852949543)
2026-06-28 04:07:53,007 - ERROR - 获取用户信息异常: 'request_delay'
2026-06-28 04:07:55,488 - ERROR - 获取containerid失败: Expecting value: line 1 column 1 (char 0)
2026-06-28 04:07:55,489 - WARNING - ❌ 测试账号 (7852949543): 未获取到微博数据
2026-06-28 04:07:55,492 - INFO - 📊 监控完成: 0/1 成功, 共获取 0 条微博
2026-06-28 10:29:45,189 - INFO - 🚀 开始微博监控任务
2026-06-28 10:29:45,189 - INFO - 开始监控账号: 测试账号 (7852949543)
2026-06-28 10:29:45,189 - ERROR - 获取用户信息异常: 'request_delay'
2026-06-28 10:29:47,820 - ERROR - 获取containerid失败: Expecting value: line 1 column 1 (char 0)
2026-06-28 10:29:47,820 - WARNING - ❌ 测试账号 (7852949543): 未获取到微博数据
2026-06-28 10:29:47,822 - INFO - 📊 监控完成: 0/1 成功, 共获取 0 条微博
2026-06-28 13:53:21,726 - INFO - 🚀 开始微博监控任务
2026-06-28 13:53:21,726 - INFO - 开始监控账号: 测试账号 (7852949543)
2026-06-28 13:53:21,726 - ERROR - 获取用户信息异常: 'request_delay'
2026-06-28 13:53:25,854 - ERROR - 获取containerid失败: Expecting value: line 1 column 1 (char 0)
2026-06-28 13:53:25,854 - WARNING - ❌ 测试账号 (7852949543): 未获取到微博数据
2026-06-28 13:53:25,854 - INFO - 📊 监控完成: 0/1 成功, 共获取 0 条微博
2026-06-28 17:16:21,218 - INFO - 🚀 开始微博监控任务
2026-06-28 17:16:21,218 - INFO - 开始监控账号: 测试账号 (7852949543)
2026-06-28 17:16:21,218 - ERROR - 获取用户信息异常: 'request_delay'
2026-06-28 17:16:24,237 - ERROR - 获取containerid失败: Expecting value: line 1 column 1 (char 0)
2026-06-28 17:16:24,237 - WARNING - ❌ 测试账号 (7852949543): 未获取到微博数据
2026-06-28 17:16:24,238 - INFO - 📊 监控完成: 0/1 成功, 共获取 0 条微博
2026-06-28 21:05:05,945 - INFO - 🚀 开始微博监控任务
2026-06-28 21:05:05,945 - INFO - 开始监控账号: 测试账号 (7852949543)
2026-06-28 21:05:05,945 - ERROR - 获取用户信息异常: 'request_delay'
2026-06-28 21:05:08,432 - ERROR - 获取containerid失败: Expecting value: line 1 column 1 (char 0)
2026-06-28 21:05:08,432 - WARNING - ❌ 测试账号 (7852949543): 未获取到微博数据
2026-06-28 21:05:08,432 - INFO - 📊 监控完成: 0/1 成功, 共获取 0 条微博
2026-06-29 04:14:23,046 - INFO - 🚀 开始微博监控任务
2026-06-29 04:14:23,046 - INFO - 开始监控账号: 测试账号 (7852949543)
2026-06-29 04:14:23,046 - ERROR - 获取用户信息异常: 'request_delay'
2026-06-29 04:14:25,327 - ERROR - 获取containerid失败: Expecting value: line 1 column 1 (char 0)
2026-06-29 04:14:25,328 - WARNING - ❌ 测试账号 (7852949543): 未获取到微博数据
2026-06-29 04:14:25,328 - INFO - 📊 监控完成: 0/1 成功, 共获取 0 条微博
2026-06-29 12:37:31,091 - INFO - 🚀 开始微博监控任务
2026-06-29 12:37:31,092 - INFO - 开始监控账号: 测试账号 (7852949543)
2026-06-29 12:37:31,092 - ERROR - 获取用户信息异常: 'request_delay'
2026-06-29 12:37:34,443 - ERROR - 获取containerid失败: Expecting value: line 1 column 1 (char 0)
2026-06-29 12:37:34,443 - WARNING - ❌ 测试账号 (7852949543): 未获取到微博数据
2026-06-29 12:37:34,444 - INFO - 📊 监控完成: 0/1 成功, 共获取 0 条微博
2026-06-29 18:10:12,092 - INFO - 🚀 开始微博监控任务
2026-06-29 18:10:12,092 - INFO - 开始监控账号: 测试账号 (7852949543)
2026-06-29 18:10:12,092 - ERROR - 获取用户信息异常: 'request_delay'
2026-06-29 18:10:14,964 - ERROR - 获取containerid失败: Expecting value: line 1 column 1 (char 0)
2026-06-29 18:10:14,964 - WARNING - ❌ 测试账号 (7852949543): 未获取到微博数据
2026-06-29 18:10:14,997 - INFO - 📊 监控完成: 0/1 成功, 共获取 0 条微博
2026-06-29 21:37:28,134 - INFO - 🚀 开始微博监控任务
2026-06-29 21:37:28,134 - INFO - 开始监控账号: 测试账号 (7852949543)
2026-06-29 21:37:28,134 - ERROR - 获取用户信息异常: 'request_delay'
2026-06-29 21:37:31,221 - ERROR - 获取containerid失败: Expecting value: line 1 column 1 (char 0)
2026-06-29 21:37:31,221 - WARNING - ❌ 测试账号 (7852949543): 未获取到微博数据
2026-06-29 21:37:31,221 - INFO - 📊 监控完成: 0/1 成功, 共获取 0 条微博
2026-06-30 03:56:21,172 - INFO - 🚀 开始微博监控任务
2026-06-30 03:56:21,172 - INFO - 开始监控账号: 测试账号 (7852949543)
2026-06-30 03:56:21,172 - ERROR - 获取用户信息异常: 'request_delay'
2026-06-30 03:56:24,286 - ERROR - 获取containerid失败: Expecting value: line 1 column 1 (char 0)
2026-06-30 03:56:24,286 - WARNING - ❌ 测试账号 (7852949543): 未获取到微博数据
2026-06-30 03:56:24,286 - INFO - 📊 监控完成: 0/1 成功, 共获取 0 条微博
2026-06-30 07:57:10,190 - INFO - 🚀 开始微博监控任务
2026-06-30 07:57:10,191 - INFO - 开始监控账号: 测试账号 (7852949543)
2026-06-30 07:57:10,191 - ERROR - 获取用户信息异常: 'request_delay'
2026-06-30 07:57:12,533 - ERROR - 获取containerid失败: Expecting value: line 1 column 1 (char 0)
2026-06-30 07:57:12,533 - WARNING - ❌ 测试账号 (7852949543): 未获取到微博数据
2026-06-30 07:57:12,533 - INFO - 📊 监控完成: 0/1 成功, 共获取 0 条微博
2026-06-30 11:16:17,089 - INFO - 🚀 开始微博监控任务
2026-06-30 11:16:17,090 - INFO - 开始监控账号: 测试账号 (7852949543)
2026-06-30 11:16:17,090 - ERROR - 获取用户信息异常: 'request_delay'
2026-06-30 11:16:23,599 - ERROR - 获取containerid失败: Expecting value: line 1 column 1 (char 0)
2026-06-30 11:16:23,599 - WARNING - ❌ 测试账号 (7852949543): 未获取到微博数据
2026-06-30 11:16:23,599 - INFO - 📊 监控完成: 0/1 成功, 共获取 0 条微博
2026-06-30 14:29:24,586 - INFO - 🚀 开始微博监控任务
2026-06-30 14:29:24,586 - INFO - 开始监控账号: 测试账号 (7852949543)
2026-06-30 14:29:24,586 - ERROR - 获取用户信息异常: 'request_delay'
2026-06-30 14:29:26,909 - ERROR - 获取containerid失败: Expecting value: line 1 column 1 (char 0)
2026-06-30 14:29:26,909 - WARNING - ❌ 测试账号 (7852949543): 未获取到微博数据
2026-06-30 14:29:26,910 - INFO - 📊 监控完成: 0/1 成功, 共获取 0 条微博
2026-06-30 17:58:29,666 - INFO - 🚀 开始微博监控任务
2026-06-30 17:58:29,666 - INFO - 开始监控账号: 测试账号 (7852949543)
2026-06-30 17:58:29,666 - ERROR - 获取用户信息异常: 'request_delay'
2026-06-30 17:58:33,627 - ERROR - 获取containerid失败: Expecting value: line 1 column 1 (char 0)
2026-06-30 17:58:33,627 - WARNING - ❌ 测试账号 (7852949543): 未获取到微博数据
2026-06-30 17:58:33,627 - INFO - 📊 监控完成: 0/1 成功, 共获取 0 条微博
2026-06-30 21:40:05,332 - INFO - 🚀 开始微博监控任务
2026-06-30 21:40:05,332 - INFO - 开始监控账号: 测试账号 (7852949543)
2026-06-30 21:40:05,332 - ERROR - 获取用户信息异常: 'request_delay'
2026-06-30 21:40:09,090 - ERROR - 获取containerid失败: Expecting value: line 1 column 1 (char 0)
2026-06-30 21:40:09,090 - WARNING - ❌ 测试账号 (7852949543): 未获取到微博数据
2026-06-30 21:40:09,099 - INFO - 📊 监控完成: 0/1 成功, 共获取 0 条微博
2026-07-01 04:11:13,142 - INFO - 🚀 开始微博监控任务
2026-07-01 04:11:13,142 - INFO - 开始监控账号: 测试账号 (7852949543)
2026-07-01 04:11:13,142 - ERROR - 获取用户信息异常: 'request_delay'
2026-07-01 04:11:16,291 - ERROR - 获取containerid失败: Expecting value: line 1 column 1 (char 0)
2026-07-01 04:11:16,291 - WARNING - ❌ 测试账号 (7852949543): 未获取到微博数据
2026-07-01 04:11:16,292 - INFO - 📊 监控完成: 0/1 成功, 共获取 0 条微博
2026-07-01 11:26:36,879 - INFO - 🚀 开始微博监控任务
2026-07-01 11:26:36,879 - INFO - 开始监控账号: 测试账号 (7852949543)
2026-07-01 11:26:36,879 - ERROR - 获取用户信息异常: 'request_delay'
2026-07-01 11:26:42,732 - ERROR - 获取containerid失败: Expecting value: line 1 column 1 (char 0)
2026-07-01 11:26:42,732 - WARNING - ❌ 测试账号 (7852949543): 未获取到微博数据
2026-07-01 11:26:42,732 - INFO - 📊 监控完成: 0/1 成功, 共获取 0 条微博
2026-07-01 14:42:46,948 - INFO - 🚀 开始微博监控任务
2026-07-01 14:42:46,949 - INFO - 开始监控账号: 测试账号 (7852949543)
2026-07-01 14:42:46,949 - ERROR - 获取用户信息异常: 'request_delay'
2026-07-01 14:42:49,640 - ERROR - 获取containerid失败: Expecting value: line 1 column 1 (char 0)
2026-07-01 14:42:49,640 - WARNING - ❌ 测试账号 (7852949543): 未获取到微博数据
2026-07-01 14:42:49,641 - INFO - 📊 监控完成: 0/1 成功, 共获取 0 条微博
2026-07-01 17:59:41,482 - INFO - 🚀 开始微博监控任务
2026-07-01 17:59:41,482 - INFO - 开始监控账号: 测试账号 (7852949543)
2026-07-01 17:59:41,482 - ERROR - 获取用户信息异常: 'request_delay'
2026-07-01 17:59:44,857 - ERROR - 获取containerid失败: Expecting value: line 1 column 1 (char 0)
2026-07-01 17:59:44,857 - WARNING - ❌ 测试账号 (7852949543): 未获取到微博数据
2026-07-01 17:59:44,858 - INFO - 📊 监控完成: 0/1 成功, 共获取 0 条微博
2026-07-01 21:39:27,296 - INFO - 🚀 开始微博监控任务
2026-07-01 21:39:27,296 - INFO - 开始监控账号: 测试账号 (7852949543)
2026-07-01 21:39:27,296 - ERROR - 获取用户信息异常: 'request_delay'
2026-07-01 21:39:30,201 - ERROR - 获取containerid失败: Expecting value: line 1 column 1 (char 0)
2026-07-01 21:39:30,202 - WARNING - ❌ 测试账号 (7852949543): 未获取到微博数据
2026-07-01 21:39:30,202 - INFO - 📊 监控完成: 0/1 成功, 共获取 0 条微博
2026-07-02 03:52:06,496 - INFO - 🚀 开始微博监控任务
2026-07-02 03:52:06,496 - INFO - 开始监控账号: 测试账号 (7852949543)
2026-07-02 03:52:06,496 - ERROR - 获取用户信息异常: 'request_delay'
2026-07-02 03:52:08,969 - ERROR - 获取containerid失败: Expecting value: line 1 column 1 (char 0)
2026-07-02 03:52:08,969 - WARNING - ❌ 测试账号 (7852949543): 未获取到微博数据
2026-07-02 03:52:08,970 - INFO - 📊 监控完成: 0/1 成功, 共获取 0 条微博
2026-07-02 07:35:04,594 - INFO - 🚀 开始微博监控任务
2026-07-02 07:35:04,594 - INFO - 开始监控账号: 测试账号 (7852949543)
2026-07-02 07:35:04,594 - ERROR - 获取用户信息异常: 'request_delay'
2026-07-02 07:35:07,002 - ERROR - 获取containerid失败: Expecting value: line 1 column 1 (char 0)
2026-07-02 07:35:07,003 - WARNING - ❌ 测试账号 (7852949543): 未获取到微博数据
2026-07-02 07:35:07,003 - INFO - 📊 监控完成: 0/1 成功, 共获取 0 条微博
2026-07-02 10:43:36,517 - INFO - 🚀 开始微博监控任务
2026-07-02 10:43:36,517 - INFO - 开始监控账号: 测试账号 (7852949543)
2026-07-02 10:43:36,517 - ERROR - 获取用户信息异常: 'request_delay'
2026-07-02 10:43:40,298 - ERROR - 获取containerid失败: Expecting value: line 1 column 1 (char 0)
2026-07-02 10:43:40,298 - WARNING - ❌ 测试账号 (7852949543): 未获取到微博数据
2026-07-02 10:43:40,298 - INFO - 📊 监控完成: 0/1 成功, 共获取 0 条微博
2026-07-02 14:08:27,465 - INFO - 🚀 开始微博监控任务
2026-07-02 14:08:27,465 - INFO - 开始监控账号: 测试账号 (7852949543)
2026-07-02 14:08:27,465 - ERROR - 获取用户信息异常: 'request_delay'
2026-07-02 14:08:30,367 - ERROR - 获取containerid失败: Expecting value: line 1 column 1 (char 0)
2026-07-02 14:08:30,367 - WARNING - ❌ 测试账号 (7852949543): 未获取到微博数据
2026-07-02 14:08:30,367 - INFO - 📊 监控完成: 0/1 成功, 共获取 0 条微博
2026-07-02 17:51:14,523 - INFO - 🚀 开始微博监控任务
2026-07-02 17:51:14,523 - INFO - 开始监控账号: 测试账号 (7852949543)
2026-07-02 17:51:14,523 - ERROR - 获取用户信息异常: 'request_delay'
2026-07-02 17:51:17,688 - ERROR - 获取containerid失败: Expecting value: line 1 column 1 (char 0)
2026-07-02 17:51:17,688 - WARNING - ❌ 测试账号 (7852949543): 未获取到微博数据
2026-07-02 17:51:17,689 - INFO - 📊 监控完成: 0/1 成功, 共获取 0 条微博
2026-07-02 21:11:30,468 - INFO - 🚀 开始微博监控任务
2026-07-02 21:11:30,468 - INFO - 开始监控账号: 测试账号 (7852949543)
2026-07-02 21:11:30,468 - ERROR - 获取用户信息异常: 'request_delay'
2026-07-02 21:11:35,091 - ERROR - 获取containerid失败: Expecting value: line 1 column 1 (char 0)
2026-07-02 21:11:35,091 - WARNING - ❌ 测试账号 (7852949543): 未获取到微博数据
2026-07-02 21:11:35,092 - INFO - 📊 监控完成: 0/1 成功, 共获取 0 条微博
2026-07-03 03:33:52,998 - INFO - 🚀 开始微博监控任务
2026-07-03 03:33:52,998 - INFO - 开始监控账号: 测试账号 (7852949543)
2026-07-03 03:33:52,998 - ERROR - 获取用户信息异常: 'request_delay'
2026-07-03 03:33:55,802 - ERROR - 获取containerid失败: Expecting value: line 1 column 1 (char 0)
2026-07-03 03:33:55,802 - WARNING - ❌ 测试账号 (7852949543): 未获取到微博数据
2026-07-03 03:33:55,802 - INFO - 📊 监控完成: 0/1 成功, 共获取 0 条微博
2026-07-03 07:23:14,457 - INFO - 🚀 开始微博监控任务
2026-07-03 07:23:14,457 - INFO - 开始监控账号: 测试账号 (7852949543)
2026-07-03 07:23:14,457 - ERROR - 获取用户信息异常: 'request_delay'
2026-07-03 07:23:16,900 - ERROR - 获取containerid失败: Expecting value: line 1 column 1 (char 0)
2026-07-03 07:23:16,900 - WARNING - ❌ 测试账号 (7852949543): 未获取到微博数据
2026-07-03 07:23:16,901 - INFO - 📊 监控完成: 0/1 成功, 共获取 0 条微博
2026-07-03 10:39:04,832 - INFO - 🚀 开始微博监控任务
2026-07-03 10:39:04,832 - INFO - 开始监控账号: 测试账号 (7852949543)
2026-07-03 10:39:04,832 - ERROR - 获取用户信息异常: 'request_delay'
2026-07-03 10:39:08,022 - ERROR - 获取containerid失败: Expecting value: line 1 column 1 (char 0)
2026-07-03 10:39:08,022 - WARNING - ❌ 测试账号 (7852949543): 未获取到微博数据
2026-07-03 10:39:08,022 - INFO - 📊 监控完成: 0/1 成功, 共获取 0 条微博
2026-07-03 14:13:36,234 - INFO - 🚀 开始微博监控任务
2026-07-03 14:13:36,234 - INFO - 开始监控账号: 测试账号 (7852949543)
2026-07-03 14:13:36,234 - ERROR - 获取用户信息异常: 'request_delay'
2026-07-03 14:13:39,005 - ERROR - 获取containerid失败: Expecting value: line 1 column 1 (char 0)
2026-07-03 14:13:39,005 - WARNING - ❌ 测试账号 (7852949543): 未获取到微博数据
2026-07-03 14:13:39,005 - INFO - 📊 监控完成: 0/1 成功, 共获取 0 条微博
2026-07-03 17:35:20,202 - INFO - 🚀 开始微博监控任务
2026-07-03 17:35:20,202 - INFO - 开始监控账号: 测试账号 (7852949543)
2026-07-03 17:35:20,203 - ERROR - 获取用户信息异常: 'request_delay'
2026-07-03 17:35:23,004 - ERROR - 获取containerid失败: Expecting value: line 1 column 1 (char 0)
2026-07-03 17:35:23,004 - WARNING - ❌ 测试账号 (7852949543): 未获取到微博数据
2026-07-03 17:35:23,005 - INFO - 📊 监控完成: 0/1 成功, 共获取 0 条微博
2026-07-03 21:10:22,555 - INFO - 🚀 开始微博监控任务
2026-07-03 21:10:22,555 - INFO - 开始监控账号: 测试账号 (7852949543)
2026-07-03 21:10:22,555 - ERROR - 获取用户信息异常: 'request_delay'
2026-07-03 21:10:24,692 - ERROR - 获取containerid失败: Expecting value: line 1 column 1 (char 0)
2026-07-03 21:10:24,692 - WARNING - ❌ 测试账号 (7852949543): 未获取到微博数据
2026-07-03 21:10:24,693 - INFO - 📊 监控完成: 0/1 成功, 共获取 0 条微博
2026-07-04 03:26:26,033 - INFO - 🚀 开始微博监控任务
2026-07-04 03:26:26,033 - INFO - 开始监控账号: 测试账号 (7852949543)
2026-07-04 03:26:26,033 - ERROR - 获取用户信息异常: 'request_delay'
2026-07-04 03:26:28,853 - ERROR - 获取containerid失败: Expecting value: line 1 column 1 (char 0)
2026-07-04 03:26:28,853 - WARNING - ❌ 测试账号 (7852949543): 未获取到微博数据
2026-07-04 03:26:28,853 - INFO - 📊 监控完成: 0/1 成功, 共获取 0 条微博
2026-07-04 06:48:46,958 - INFO - 🚀 开始微博监控任务
2026-07-04 06:48:46,958 - INFO - 开始监控账号: 测试账号 (7852949543)
2026-07-04 06:48:46,958 - ERROR - 获取用户信息异常: 'request_delay'
2026-07-04 06:48:50,769 - ERROR - 获取containerid失败: Expecting value: line 1 column 1 (char 0)
2026-07-04 06:48:50,769 - WARNING - ❌ 测试账号 (7852949543): 未获取到微博数据
2026-07-04 06:48:50,770 - INFO - 📊 监控完成: 0/1 成功, 共获取 0 条微博
2026-07-04 10:13:23,743 - INFO - 🚀 开始微博监控任务
2026-07-04 10:13:23,743 - INFO - 开始监控账号: 测试账号 (7852949543)
2026-07-04 10:13:23,743 - ERROR - 获取用户信息异常: 'request_delay'
2026-07-04 10:13:26,349 - ERROR - 获取containerid失败: Expecting value: line 1 column 1 (char 0)
2026-07-04 10:13:26,349 - WARNING - ❌ 测试账号 (7852949543): 未获取到微博数据
2026-07-04 10:13:26,350 - INFO - 📊 监控完成: 0/1 成功, 共获取 0 条微博
2026-07-04 13:39:37,811 - INFO - 🚀 开始微博监控任务
2026-07-04 13:39:37,811 - INFO - 开始监控账号: 测试账号 (7852949543)
2026-07-04 13:39:37,811 - ERROR - 获取用户信息异常: 'request_delay'
2026-07-04 13:39:40,137 - ERROR - 获取containerid失败: Expecting value: line 1 column 1 (char 0)
2026-07-04 13:39:40,138 - WARNING - ❌ 测试账号 (7852949543): 未获取到微博数据
2026-07-04 13:39:40,138 - INFO - 📊 监控完成: 0/1 成功, 共获取 0 条微博
2026-07-04 17:09:06,745 - INFO - 🚀 开始微博监控任务
2026-07-04 17:09:06,745 - INFO - 开始监控账号: 测试账号 (7852949543)
2026-07-04 17:09:06,745 - ERROR - 获取用户信息异常: 'request_delay'
2026-07-04 17:09:10,283 - ERROR - 获取containerid失败: Expecting value: line 1 column 1 (char 0)
2026-07-04 17:09:10,283 - WARNING - ❌ 测试账号 (7852949543): 未获取到微博数据
2026-07-04 17:09:10,284 - INFO - 📊 监控完成: 0/1 成功, 共获取 0 条微博
2026-07-04 21:00:47,800 - INFO - 🚀 开始微博监控任务
2026-07-04 21:00:47,800 - INFO - 开始监控账号: 测试账号 (7852949543)
2026-07-04 21:00:47,800 - ERROR - 获取用户信息异常: 'request_delay'
2026-07-04 21:00:50,419 - ERROR - 获取containerid失败: Expecting value: line 1 column 1 (char 0)
2026-07-04 21:00:50,419 - WARNING - ❌ 测试账号 (7852949543): 未获取到微博数据
2026-07-04 21:00:50,419 - INFO - 📊 监控完成: 0/1 成功, 共获取 0 条微博
2026-07-05 03:42:58,383 - INFO - 🚀 开始微博监控任务
2026-07-05 03:42:58,383 - INFO - 开始监控账号: 测试账号 (7852949543)
2026-07-05 03:42:58,383 - ERROR - 获取用户信息异常: 'request_delay'
2026-07-05 03:43:01,525 - ERROR - 获取containerid失败: Expecting value: line 1 column 1 (char 0)
2026-07-05 03:43:01,525 - WARNING - ❌ 测试账号 (7852949543): 未获取到微博数据
2026-07-05 03:43:01,526 - INFO - 📊 监控完成: 0/1 成功, 共获取 0 条微博
2026-07-05 07:29:35,999 - INFO - 🚀 开始微博监控任务
2026-07-05 07:29:35,999 - INFO - 开始监控账号: 测试账号 (7852949543)
2026-07-05 07:29:36,000 - ERROR - 获取用户信息异常: 'request_delay'
2026-07-05 07:29:40,939 - ERROR - 获取containerid失败: Expecting value: line 1 column 1 (char 0)
2026-07-05 07:29:40,939 - WARNING - ❌ 测试账号 (7852949543): 未获取到微博数据
2026-07-05 07:29:40,940 - INFO - 📊 监控完成: 0/1 成功, 共获取 0 条微博
2026-07-05 10:17:54,433 - INFO - 🚀 开始微博监控任务
2026-07-05 10:17:54,433 - INFO - 开始监控账号: 测试账号 (7852949543)
2026-07-05 10:17:54,433 - ERROR - 获取用户信息异常: 'request_delay'
2026-07-05 10:17:57,502 - ERROR - 获取containerid失败: Expecting value: line 1 column 1 (char 0)
2026-07-05 10:17:57,502 - WARNING - ❌ 测试账号 (7852949543): 未获取到微博数据
2026-07-05 10:17:57,502 - INFO - 📊 监控完成: 0/1 成功, 共获取 0 条微博
2026-07-05 13:46:15,608 - INFO - 🚀 开始微博监控任务
2026-07-05 13:46:15,608 - INFO - 开始监控账号: 测试账号 (7852949543)
2026-07-05 13:46:15,608 - ERROR - 获取用户信息异常: 'request_delay'
2026-07-05 13:46:19,999 - ERROR - 获取containerid失败: Expecting value: line 1 column 1 (char 0)
2026-07-05 13:46:19,999 - WARNING - ❌ 测试账号 (7852949543): 未获取到微博数据
2026-07-05 13:46:20,000 - INFO - 📊 监控完成: 0/1 成功, 共获取 0 条微博
2026-07-05 17:14:45,098 - INFO - 🚀 开始微博监控任务
2026-07-05 17:14:45,098 - INFO - 开始监控账号: 测试账号 (7852949543)
2026-07-05 17:14:45,099 - ERROR - 获取用户信息异常: 'request_delay'
2026-07-05 17:14:49,582 - ERROR - 获取containerid失败: Expecting value: line 1 column 1 (char 0)
2026-07-05 17:14:49,582 - WARNING - ❌ 测试账号 (7852949543): 未获取到微博数据
2026-07-05 17:14:49,582 - INFO - 📊 监控完成: 0/1 成功, 共获取 0 条微博
2026-07-05 21:04:30,046 - INFO - 🚀 开始微博监控任务
2026-07-05 21:04:30,046 - INFO - 开始监控账号: 测试账号 (7852949543)
2026-07-05 21:04:30,046 - ERROR - 获取用户信息异常: 'request_delay'
2026-07-05 21:04:32,905 - ERROR - 获取containerid失败: Expecting value: line 1 column 1 (char 0)
2026-07-05 21:04:32,906 - WARNING - ❌ 测试账号 (7852949543): 未获取到微博数据
2026-07-05 21:04:32,906 - INFO - 📊 监控完成: 0/1 成功, 共获取 0 条微博
2026-07-06 03:51:57,348 - INFO - 🚀 开始微博监控任务
2026-07-06 03:51:57,348 - INFO - 开始监控账号: 测试账号 (7852949543)
2026-07-06 03:51:57,348 - ERROR - 获取用户信息异常: 'request_delay'
2026-07-06 03:51:59,527 - ERROR - 获取containerid失败: Expecting value: line 1 column 1 (char 0)
2026-07-06 03:51:59,527 - WARNING - ❌ 测试账号 (7852949543): 未获取到微博数据
2026-07-06 03:51:59,527 - INFO - 📊 监控完成: 0/1 成功, 共获取 0 条微博
2026-07-06 08:23:59,531 - INFO - 🚀 开始微博监控任务
2026-07-06 08:23:59,531 - INFO - 开始监控账号: 测试账号 (7852949543)
2026-07-06 08:23:59,531 - ERROR - 获取用户信息异常: 'request_delay'
2026-07-06 08:24:01,718 - ERROR - 获取containerid失败: Expecting value: line 1 column 1 (char 0)
2026-07-06 08:24:01,718 - WARNING - ❌ 测试账号 (7852949543): 未获取到微博数据
2026-07-06 08:24:01,719 - INFO - 📊 监控完成: 0/1 成功, 共获取 0 条微博
2026-07-06 15:39:07,307 - INFO - 🚀 开始微博监控任务
2026-07-06 15:39:07,307 - INFO - 开始监控账号: 测试账号 (7852949543)
2026-07-06 15:39:07,307 - ERROR - 获取用户信息异常: 'request_delay'
2026-07-06 15:39:09,677 - ERROR - 获取containerid失败: Expecting value: line 1 column 1 (char 0)
2026-07-06 15:39:09,678 - WARNING - ❌ 测试账号 (7852949543): 未获取到微博数据
2026-07-06 15:39:09,678 - INFO - 📊 监控完成: 0/1 成功, 共获取 0 条微博
2026-07-06 18:12:29,750 - INFO - 🚀 开始微博监控任务
2026-07-06 18:12:29,750 - INFO - 开始监控账号: 测试账号 (7852949543)
2026-07-06 18:12:29,750 - ERROR - 获取用户信息异常: 'request_delay'
2026-07-06 18:12:33,283 - ERROR - 获取containerid失败: Expecting value: line 1 column 1 (char 0)
2026-07-06 18:12:33,284 - WARNING - ❌ 测试账号 (7852949543): 未获取到微博数据
2026-07-06 18:12:33,284 - INFO - 📊 监控完成: 0/1 成功, 共获取 0 条微博
2026-07-06 21:38:48,088 - INFO - 🚀 开始微博监控任务
2026-07-06 21:38:48,088 - INFO - 开始监控账号: 测试账号 (7852949543)
2026-07-06 21:38:48,088 - ERROR - 获取用户信息异常: 'request_delay'
2026-07-06 21:38:51,200 - ERROR - 获取containerid失败: Expecting value: line 1 column 1 (char 0)
2026-07-06 21:38:51,200 - WARNING - ❌ 测试账号 (7852949543): 未获取到微博数据
2026-07-06 21:38:51,201 - INFO - 📊 监控完成: 0/1 成功, 共获取 0 条微博
2026-07-07 03:41:38,666 - INFO - 🚀 开始微博监控任务
2026-07-07 03:41:38,666 - INFO - 开始监控账号: 测试账号 (7852949543)
2026-07-07 03:41:38,666 - ERROR - 获取用户信息异常: 'request_delay'
2026-07-07 03:41:41,755 - ERROR - 获取containerid失败: Expecting value: line 1 column 1 (char 0)
2026-07-07 03:41:41,755 - WARNING - ❌ 测试账号 (7852949543): 未获取到微博数据
2026-07-07 03:41:41,755 - INFO - 📊 监控完成: 0/1 成功, 共获取 0 条微博
2026-07-07 07:41:56,228 - INFO - 🚀 开始微博监控任务
2026-07-07 07:41:56,228 - INFO - 开始监控账号: 测试账号 (7852949543)
2026-07-07 07:41:56,228 - ERROR - 获取用户信息异常: 'request_delay'
2026-07-07 07:41:58,738 - ERROR - 获取containerid失败: Expecting value: line 1 column 1 (char 0)
2026-07-07 07:41:58,738 - WARNING - ❌ 测试账号 (7852949543): 未获取到微博数据
2026-07-07 07:41:58,746 - INFO - 📊 监控完成: 0/1 成功, 共获取 0 条微博
2026-07-07 11:10:29,530 - INFO - 🚀 开始微博监控任务
2026-07-07 11:10:29,530 - INFO - 开始监控账号: 测试账号 (7852949543)
2026-07-07 11:10:29,530 - ERROR - 获取用户信息异常: 'request_delay'
2026-07-07 11:10:34,795 - ERROR - 获取containerid失败: Expecting value: line 1 column 1 (char 0)
2026-07-07 11:10:34,795 - WARNING - ❌ 测试账号 (7852949543): 未获取到微博数据
2026-07-07 11:10:34,795 - INFO - 📊 监控完成: 0/1 成功, 共获取 0 条微博
2026-07-07 14:42:42,104 - INFO - 🚀 开始微博监控任务
2026-07-07 14:42:42,104 - INFO - 开始监控账号: 测试账号 (7852949543)
2026-07-07 14:42:42,104 - ERROR - 获取用户信息异常: 'request_delay'
2026-07-07 14:42:44,626 - ERROR - 获取containerid失败: Expecting value: line 1 column 1 (char 0)
2026-07-07 14:42:44,626 - WARNING - ❌ 测试账号 (7852949543): 未获取到微博数据
2026-07-07 14:42:44,626 - INFO - 📊 监控完成: 0/1 成功, 共获取 0 条微博
2026-07-07 18:02:22,712 - INFO - 🚀 开始微博监控任务
2026-07-07 18:02:22,712 - INFO - 开始监控账号: 测试账号 (7852949543)
2026-07-07 18:02:22,712 - ERROR - 获取用户信息异常: 'request_delay'
2026-07-07 18:02:25,923 - ERROR - 获取containerid失败: Expecting value: line 1 column 1 (char 0)
2026-07-07 18:02:25,924 - WARNING - ❌ 测试账号 (7852949543): 未获取到微博数据
2026-07-07 18:02:25,924 - INFO - 📊 监控完成: 0/1 成功, 共获取 0 条微博
2026-07-07 21:26:38,574 - INFO - 🚀 开始微博监控任务
2026-07-07 21:26:38,574 - INFO - 开始监控账号: 测试账号 (7852949543)
2026-07-07 21:26:38,574 - ERROR - 获取用户信息异常: 'request_delay'
2026-07-07 21:26:41,352 - ERROR - 获取containerid失败: Expecting value: line 1 column 1 (char 0)
2026-07-07 21:26:41,352 - WARNING - ❌ 测试账号 (7852949543): 未获取到微博数据
2026-07-07 21:26:41,352 - INFO - 📊 监控完成: 0/1 成功, 共获取 0 条微博
2026-07-08 02:56:07,620 - INFO - 🚀 开始微博监控任务
2026-07-08 02:56:07,620 - INFO - 开始监控账号: 测试账号 (7852949543)
2026-07-08 02:56:07,620 - ERROR - 获取用户信息异常: 'request_delay'
2026-07-08 02:56:10,741 - ERROR - 获取containerid失败: Expecting value: line 1 column 1 (char 0)
2026-07-08 02:56:10,742 - WARNING - ❌ 测试账号 (7852949543): 未获取到微博数据
2026-07-08 02:56:10,742 - INFO - 📊 监控完成: 0/1 成功, 共获取 0 条微博
2026-07-08 06:30:09,344 - INFO - 🚀 开始微博监控任务
2026-07-08 06:30:09,344 - INFO - 开始监控账号: 测试账号 (7852949543)
2026-07-08 06:30:09,344 - ERROR - 获取用户信息异常: 'request_delay'
2026-07-08 06:30:12,233 - ERROR - 获取containerid失败: Expecting value: line 1 column 1 (char 0)
2026-07-08 06:30:12,233 - WARNING - ❌ 测试账号 (7852949543): 未获取到微博数据
2026-07-08 06:30:12,234 - INFO - 📊 监控完成: 0/1 成功, 共获取 0 条微博
2026-07-08 10:21:22,246 - INFO - 🚀 开始微博监控任务
2026-07-08 10:21:22,246 - INFO - 开始监控账号: 测试账号 (7852949543)
2026-07-08 10:21:22,246 - ERROR - 获取用户信息异常: 'request_delay'
2026-07-08 10:21:25,340 - ERROR - 获取containerid失败: Expecting value: line 1 column 1 (char 0)
2026-07-08 10:21:25,340 - WARNING - ❌ 测试账号 (7852949543): 未获取到微博数据
2026-07-08 10:21:25,340 - INFO - 📊 监控完成: 0/1 成功, 共获取 0 条微博
2026-07-08 14:20:18,099 - INFO - 🚀 开始微博监控任务
2026-07-08 14:20:18,099 - INFO - 开始监控账号: 测试账号 (7852949543)
2026-07-08 14:20:18,099 - ERROR - 获取用户信息异常: 'request_delay'
2026-07-08 14:20:21,119 - ERROR - 获取containerid失败: Expecting value: line 1 column 1 (char 0)
2026-07-08 14:20:21,119 - WARNING - ❌ 测试账号 (7852949543): 未获取到微博数据
2026-07-08 14:20:21,120 - INFO - 📊 监控完成: 0/1 成功, 共获取 0 条微博
2026-07-08 17:39:42,812 - INFO - 🚀 开始微博监控任务
2026-07-08 17:39:42,812 - INFO - 开始监控账号: 测试账号 (7852949543)
2026-07-08 17:39:42,812 - ERROR - 获取用户信息异常: 'request_delay'
2026-07-08 17:39:46,144 - ERROR - 获取containerid失败: Expecting value: line 1 column 1 (char 0)
2026-07-08 17:39:46,145 - WARNING - ❌ 测试账号 (7852949543): 未获取到微博数据
2026-07-08 17:39:46,145 - INFO - 📊 监控完成: 0/1 成功, 共获取 0 条微博
2026-07-08 21:10:25,039 - INFO - 🚀 开始微博监控任务
2026-07-08 21:10:25,039 - INFO - 开始监控账号: 测试账号 (7852949543)
2026-07-08 21:10:25,039 - ERROR - 获取用户信息异常: 'request_delay'
2026-07-08 21:10:27,476 - ERROR - 获取containerid失败: Expecting value: line 1 column 1 (char 0)
2026-07-08 21:10:27,476 - WARNING - ❌ 测试账号 (7852949543): 未获取到微博数据
2026-07-08 21:10:27,477 - INFO - 📊 监控完成: 0/1 成功, 共获取 0 条微博
2026-07-09 03:35:01,736 - INFO - 🚀 开始微博监控任务
2026-07-09 03:35:01,736 - INFO - 开始监控账号: 测试账号 (7852949543)
2026-07-09 03:35:01,736 - ERROR - 获取用户信息异常: 'request_delay'
2026-07-09 03:35:04,449 - ERROR - 获取containerid失败: Expecting value: line 1 column 1 (char 0)
2026-07-09 03:35:04,449 - WARNING - ❌ 测试账号 (7852949543): 未获取到微博数据
2026-07-09 03:35:04,450 - INFO - 📊 监控完成: 0/1 成功, 共获取 0 条微博
2026-07-09 07:38:57,971 - INFO - 🚀 开始微博监控任务
2026-07-09 07:38:57,971 - INFO - 开始监控账号: 测试账号 (7852949543)
2026-07-09 07:38:57,971 - ERROR - 获取用户信息异常: 'request_delay'
2026-07-09 07:39:01,216 - ERROR - 获取containerid失败: Expecting value: line 1 column 1 (char 0)
2026-07-09 07:39:01,217 - WARNING - ❌ 测试账号 (7852949543): 未获取到微博数据
2026-07-09 07:39:01,217 - INFO - 📊 监控完成: 0/1 成功, 共获取 0 条微博
2026-07-09 10:57:00,160 - INFO - 🚀 开始微博监控任务
2026-07-09 10:57:00,160 - INFO - 开始监控账号: 测试账号 (7852949543)
2026-07-09 10:57:00,160 - ERROR - 获取用户信息异常: 'request_delay'
2026-07-09 10:57:02,243 - ERROR - 获取containerid失败: Expecting value: line 1 column 1 (char 0)
2026-07-09 10:57:02,243 - WARNING - ❌ 测试账号 (7852949543): 未获取到微博数据
2026-07-09 10:57:02,244 - INFO - 📊 监控完成: 0/1 成功, 共获取 0 条微博
2026-07-09 15:16:11,301 - INFO - 🚀 开始微博监控任务
2026-07-09 15:16:11,301 - INFO - 开始监控账号: 测试账号 (7852949543)
2026-07-09 15:16:11,301 - ERROR - 获取用户信息异常: 'request_delay'
2026-07-09 15:16:14,172 - ERROR - 获取containerid失败: Expecting value: line 1 column 1 (char 0)
2026-07-09 15:16:14,172 - WARNING - ❌ 测试账号 (7852949543): 未获取到微博数据
2026-07-09 15:16:14,172 - INFO - 📊 监控完成: 0/1 成功, 共获取 0 条微博
2026-07-09 17:58:23,087 - INFO - 🚀 开始微博监控任务
2026-07-09 17:58:23,088 - INFO - 开始监控账号: 测试账号 (7852949543)
2026-07-09 17:58:23,088 - ERROR - 获取用户信息异常: 'request_delay'
2026-07-09 17:58:26,390 - ERROR - 获取containerid失败: Expecting value: line 1 column 1 (char 0)
2026-07-09 17:58:26,390 - WARNING - ❌ 测试账号 (7852949543): 未获取到微博数据
2026-07-09 17:58:26,391 - INFO - 📊 监控完成: 0/1 成功, 共获取 0 条微博
2026-07-09 21:25:13,625 - INFO - 🚀 开始微博监控任务
2026-07-09 21:25:13,625 - INFO - 开始监控账号: 测试账号 (7852949543)
2026-07-09 21:25:13,625 - ERROR - 获取用户信息异常: 'request_delay'
2026-07-09 21:25:16,935 - ERROR - 获取containerid失败: Expecting value: line 1 column 1 (char 0)
2026-07-09 21:25:16,935 - WARNING - ❌ 测试账号 (7852949543): 未获取到微博数据
2026-07-09 21:25:16,936 - INFO - 📊 监控完成: 0/1 成功, 共获取 0 条微博
2026-07-10 03:36:50,920 - INFO - 🚀 开始微博监控任务
2026-07-10 03:36:50,920 - INFO - 开始监控账号: 测试账号 (7852949543)
2026-07-10 03:36:50,920 - ERROR - 获取用户信息异常: 'request_delay'
2026-07-10 03:36:53,683 - ERROR - 获取containerid失败: Expecting value: line 1 column 1 (char 0)
2026-07-10 03:36:53,684 - WARNING - ❌ 测试账号 (7852949543): 未获取到微博数据
2026-07-10 03:36:53,684 - INFO - 📊 监控完成: 0/1 成功, 共获取 0 条微博
2026-07-10 07:38:23,847 - INFO - 🚀 开始微博监控任务
2026-07-10 07:38:23,847 - INFO - 开始监控账号: 测试账号 (7852949543)
2026-07-10 07:38:23,847 - ERROR - 获取用户信息异常: 'request_delay'
2026-07-10 07:38:27,155 - ERROR - 获取containerid失败: Expecting value: line 1 column 1 (char 0)
2026-07-10 07:38:27,155 - WARNING - ❌ 测试账号 (7852949543): 未获取到微博数据
2026-07-10 07:38:27,156 - INFO - 📊 监控完成: 0/1 成功, 共获取 0 条微博
2026-07-10 10:57:30,457 - INFO - 🚀 开始微博监控任务
2026-07-10 10:57:30,457 - INFO - 开始监控账号: 测试账号 (7852949543)
2026-07-10 10:57:30,457 - ERROR - 获取用户信息异常: 'request_delay'
2026-07-10 10:57:32,877 - ERROR - 获取containerid失败: Expecting value: line 1 column 1 (char 0)
2026-07-10 10:57:32,877 - WARNING - ❌ 测试账号 (7852949543): 未获取到微博数据
2026-07-10 10:57:32,877 - INFO - 📊 监控完成: 0/1 成功, 共获取 0 条微博
2026-07-10 14:33:22,138 - INFO - 🚀 开始微博监控任务
2026-07-10 14:33:22,138 - INFO - 开始监控账号: 测试账号 (7852949543)
2026-07-10 14:33:22,138 - ERROR - 获取用户信息异常: 'request_delay'
2026-07-10 14:33:25,335 - ERROR - 获取containerid失败: Expecting value: line 1 column 1 (char 0)
2026-07-10 14:33:25,335 - WARNING - ❌ 测试账号 (7852949543): 未获取到微博数据
2026-07-10 14:33:25,336 - INFO - 📊 监控完成: 0/1 成功, 共获取 0 条微博
2026-07-10 17:49:02,997 - INFO - 🚀 开始微博监控任务
2026-07-10 17:49:02,997 - INFO - 开始监控账号: 测试账号 (7852949543)
2026-07-10 17:49:02,997 - ERROR - 获取用户信息异常: 'request_delay'
2026-07-10 17:49:05,819 - ERROR - 获取containerid失败: Expecting value: line 1 column 1 (char 0)
2026-07-10 17:49:05,819 - WARNING - ❌ 测试账号 (7852949543): 未获取到微博数据
2026-07-10 17:49:05,819 - INFO - 📊 监控完成: 0/1 成功, 共获取 0 条微博
2026-07-10 21:08:01,525 - INFO - 🚀 开始微博监控任务
2026-07-10 21:08:01,525 - INFO - 开始监控账号: 测试账号 (7852949543)
2026-07-10 21:08:01,525 - ERROR - 获取用户信息异常: 'request_delay'
2026-07-10 21:08:05,726 - ERROR - 获取containerid失败: Expecting value: line 1 column 1 (char 0)
2026-07-10 21:08:05,727 - WARNING - ❌ 测试账号 (7852949543): 未获取到微博数据
2026-07-10 21:08:05,727 - INFO - 📊 监控完成: 0/1 成功, 共获取 0 条微博
2026-07-11 02:51:55,332 - INFO - 🚀 开始微博监控任务
2026-07-11 02:51:55,332 - INFO - 开始监控账号: 测试账号 (7852949543)
2026-07-11 02:51:55,332 - ERROR - 获取用户信息异常: 'request_delay'
2026-07-11 02:51:58,283 - ERROR - 获取containerid失败: Expecting value: line 1 column 1 (char 0)
2026-07-11 02:51:58,284 - WARNING - ❌ 测试账号 (7852949543): 未获取到微博数据
2026-07-11 02:51:58,284 - INFO - 📊 监控完成: 0/1 成功, 共获取 0 条微博
2026-07-11 06:16:40,771 - INFO - 🚀 开始微博监控任务
2026-07-11 06:16:40,772 - INFO - 开始监控账号: 测试账号 (7852949543)
2026-07-11 06:16:40,772 - ERROR - 获取用户信息异常: 'request_delay'
2026-07-11 06:16:43,930 - ERROR - 获取containerid失败: Expecting value: line 1 column 1 (char 0)
2026-07-11 06:16:43,930 - WARNING - ❌ 测试账号 (7852949543): 未获取到微博数据
2026-07-11 06:16:43,930 - INFO - 📊 监控完成: 0/1 成功, 共获取 0 条微博
2026-07-11 09:40:05,975 - INFO - 🚀 开始微博监控任务
2026-07-11 09:40:05,975 - INFO - 开始监控账号: 测试账号 (7852949543)
2026-07-11 09:40:05,975 - ERROR - 获取用户信息异常: 'request_delay'
2026-07-11 09:40:08,328 - ERROR - 获取containerid失败: Expecting value: line 1 column 1 (char 0)
2026-07-11 09:40:08,328 - WARNING - ❌ 测试账号 (7852949543): 未获取到微博数据
2026-07-11 09:40:08,328 - INFO - 📊 监控完成: 0/1 成功, 共获取 0 条微博
2026-07-11 13:25:36,643 - INFO - 🚀 开始微博监控任务
2026-07-11 13:25:36,643 - INFO - 开始监控账号: 测试账号 (7852949543)
2026-07-11 13:25:36,643 - ERROR - 获取用户信息异常: 'request_delay'
2026-07-11 13:25:39,286 - ERROR - 获取containerid失败: Expecting value: line 1 column 1 (char 0)
2026-07-11 13:25:39,287 - WARNING - ❌ 测试账号 (7852949543): 未获取到微博数据
2026-07-11 13:25:39,287 - INFO - 📊 监控完成: 0/1 成功, 共获取 0 条微博
2026-07-11 17:00:41,828 - INFO - 🚀 开始微博监控任务
2026-07-11 17:00:41,828 - INFO - 开始监控账号: 测试账号 (7852949543)
2026-07-11 17:00:41,828 - ERROR - 获取用户信息异常: 'request_delay'
2026-07-11 17:00:44,896 - ERROR - 获取containerid失败: Expecting value: line 1 column 1 (char 0)
2026-07-11 17:00:44,896 - WARNING - ❌ 测试账号 (7852949543): 未获取到微博数据
2026-07-11 17:00:44,897 - INFO - 📊 监控完成: 0/1 成功, 共获取 0 条微博
2026-07-11 20:52:49,628 - INFO - 🚀 开始微博监控任务
2026-07-11 20:52:49,628 - INFO - 开始监控账号: 测试账号 (7852949543)
2026-07-11 20:52:49,628 - ERROR - 获取用户信息异常: 'request_delay'
2026-07-11 20:52:52,998 - ERROR - 获取containerid失败: Expecting value: line 1 column 1 (char 0)
2026-07-11 20:52:52,998 - WARNING - ❌ 测试账号 (7852949543): 未获取到微博数据
2026-07-11 20:52:52,999 - INFO - 📊 监控完成: 0/1 成功, 共获取 0 条微博
2026-07-12 03:16:04,356 - INFO - 🚀 开始微博监控任务
2026-07-12 03:16:04,356 - INFO - 开始监控账号: 测试账号 (7852949543)
2026-07-12 03:16:04,356 - ERROR - 获取用户信息异常: 'request_delay'
2026-07-12 03:16:07,549 - ERROR - 获取containerid失败: Expecting value: line 1 column 1 (char 0)
2026-07-12 03:16:07,550 - WARNING - ❌ 测试账号 (7852949543): 未获取到微博数据
2026-07-12 03:16:07,550 - INFO - 📊 监控完成: 0/1 成功, 共获取 0 条微博
2026-07-12 06:35:33,996 - INFO - 🚀 开始微博监控任务
2026-07-12 06:35:33,996 - INFO - 开始监控账号: 测试账号 (7852949543)
2026-07-12 06:35:33,996 - ERROR - 获取用户信息异常: 'request_delay'
2026-07-12 06:35:38,069 - ERROR - 获取containerid失败: Expecting value: line 1 column 1 (char 0)
2026-07-12 06:35:38,070 - WARNING - ❌ 测试账号 (7852949543): 未获取到微博数据
2026-07-12 06:35:38,070 - INFO - 📊 监控完成: 0/1 成功, 共获取 0 条微博
2026-07-12 09:52:51,442 - INFO - 🚀 开始微博监控任务
2026-07-12 09:52:51,443 - INFO - 开始监控账号: 测试账号 (7852949543)
2026-07-12 09:52:51,443 - ERROR - 获取用户信息异常: 'request_delay'
2026-07-12 09:52:55,597 - ERROR - 获取containerid失败: Expecting value: line 1 column 1 (char 0)
2026-07-12 09:52:55,597 - WARNING - ❌ 测试账号 (7852949543): 未获取到微博数据
2026-07-12 09:52:55,598 - INFO - 📊 监控完成: 0/1 成功, 共获取 0 条微博
2026-07-12 13:26:20,711 - INFO - 🚀 开始微博监控任务
2026-07-12 13:26:20,712 - INFO - 开始监控账号: 测试账号 (7852949543)
2026-07-12 13:26:20,712 - ERROR - 获取用户信息异常: 'request_delay'
2026-07-12 13:26:23,892 - ERROR - 获取containerid失败: Expecting value: line 1 column 1 (char 0)
2026-07-12 13:26:23,893 - WARNING - ❌ 测试账号 (7852949543): 未获取到微博数据
2026-07-12 13:26:23,893 - INFO - 📊 监控完成: 0/1 成功, 共获取 0 条微博
2026-07-12 17:01:09,172 - INFO - 🚀 开始微博监控任务
2026-07-12 17:01:09,172 - INFO - 开始监控账号: 测试账号 (7852949543)
2026-07-12 17:01:09,172 - ERROR - 获取用户信息异常: 'request_delay'
2026-07-12 17:01:12,891 - ERROR - 获取containerid失败: Expecting value: line 1 column 1 (char 0)
2026-07-12 17:01:12,891 - WARNING - ❌ 测试账号 (7852949543): 未获取到微博数据
2026-07-12 17:01:12,892 - INFO - 📊 监控完成: 0/1 成功, 共获取 0 条微博
2026-07-12 20:53:53,868 - INFO - 🚀 开始微博监控任务
2026-07-12 20:53:53,869 - INFO - 开始监控账号: 测试账号 (7852949543)
2026-07-12 20:53:53,869 - ERROR - 获取用户信息异常: 'request_delay'
2026-07-12 20:53:57,176 - ERROR - 获取containerid失败: Expecting value: line 1 column 1 (char 0)
2026-07-12 20:53:57,176 - WARNING - ❌ 测试账号 (7852949543): 未获取到微博数据
2026-07-12 20:53:57,176 - INFO - 📊 监控完成: 0/1 成功, 共获取 0 条微博
2026-07-13 03:19:10,625 - INFO - 🚀 开始微博监控任务
2026-07-13 03:19:10,625 - INFO - 开始监控账号: 测试账号 (7852949543)
2026-07-13 03:19:10,625 - ERROR - 获取用户信息异常: 'request_delay'
2026-07-13 03:19:12,990 - ERROR - 获取containerid失败: Expecting value: line 1 column 1 (char 0)
2026-07-13 03:19:12,990 - WARNING - ❌ 测试账号 (7852949543): 未获取到微博数据
2026-07-13 03:19:12,991 - INFO - 📊 监控完成: 0/1 成功, 共获取 0 条微博
2026-07-13 06:56:16,045 - INFO - 🚀 开始微博监控任务
2026-07-13 06:56:16,045 - INFO - 开始监控账号: 测试账号 (7852949543)
2026-07-13 06:56:16,045 - ERROR - 获取用户信息异常: 'request_delay'
2026-07-13 06:56:19,085 - ERROR - 获取containerid失败: Expecting value: line 1 column 1 (char 0)
2026-07-13 06:56:19,085 - WARNING - ❌ 测试账号 (7852949543): 未获取到微博数据
2026-07-13 06:56:19,086 - INFO - 📊 监控完成: 0/1 成功, 共获取 0 条微博
2026-07-13 11:14:28,825 - INFO - 🚀 开始微博监控任务
2026-07-13 11:14:28,826 - INFO - 开始监控账号: 测试账号 (7852949543)
2026-07-13 11:14:28,826 - ERROR - 获取用户信息异常: 'request_delay'
2026-07-13 11:14:32,020 - ERROR - 获取containerid失败: Expecting value: line 1 column 1 (char 0)
2026-07-13 11:14:32,020 - WARNING - ❌ 测试账号 (7852949543): 未获取到微博数据
2026-07-13 11:14:32,020 - INFO - 📊 监控完成: 0/1 成功, 共获取 0 条微博
2026-07-13 14:40:21,848 - INFO - 🚀 开始微博监控任务
2026-07-13 14:40:21,848 - INFO - 开始监控账号: 测试账号 (7852949543)
2026-07-13 14:40:21,848 - ERROR - 获取用户信息异常: 'request_delay'
2026-07-13 14:40:24,396 - ERROR - 获取containerid失败: Expecting value: line 1 column 1 (char 0)
2026-07-13 14:40:24,397 - WARNING - ❌ 测试账号 (7852949543): 未获取到微博数据
2026-07-13 14:40:24,397 - INFO - 📊 监控完成: 0/1 成功, 共获取 0 条微博
2026-07-13 17:56:38,692 - INFO - 🚀 开始微博监控任务
2026-07-13 17:56:38,692 - INFO - 开始监控账号: 测试账号 (7852949543)
2026-07-13 17:56:38,692 - ERROR - 获取用户信息异常: 'request_delay'
2026-07-13 17:56:40,937 - ERROR - 获取containerid失败: Expecting value: line 1 column 1 (char 0)
2026-07-13 17:56:40,937 - WARNING - ❌ 测试账号 (7852949543): 未获取到微博数据
2026-07-13 17:56:40,938 - INFO - 📊 监控完成: 0/1 成功, 共获取 0 条微博
2026-07-13 20:58:38,075 - INFO - 🚀 开始微博监控任务
2026-07-13 20:58:38,075 - INFO - 开始监控账号: 测试账号 (7852949543)
2026-07-13 20:58:38,075 - ERROR - 获取用户信息异常: 'request_delay'
2026-07-13 20:58:40,807 - ERROR - 获取containerid失败: Expecting value: line 1 column 1 (char 0)
2026-07-13 20:58:40,807 - WARNING - ❌ 测试账号 (7852949543): 未获取到微博数据
2026-07-13 20:58:40,808 - INFO - 📊 监控完成: 0/1 成功, 共获取 0 条微博
2026-07-14 02:43:40,979 - INFO - 🚀 开始微博监控任务
2026-07-14 02:43:40,980 - INFO - 开始监控账号: 测试账号 (7852949543)
2026-07-14 02:43:40,980 - ERROR - 获取用户信息异常: 'request_delay'
2026-07-14 02:43:44,429 - ERROR - 获取containerid失败: Expecting value: line 1 column 1 (char 0)
2026-07-14 02:43:44,429 - WARNING - ❌ 测试账号 (7852949543): 未获取到微博数据
2026-07-14 02:43:44,429 - INFO - 📊 监控完成: 0/1 成功, 共获取 0 条微博
2026-07-14 06:12:54,510 - INFO - 🚀 开始微博监控任务
2026-07-14 06:12:54,510 - INFO - 开始监控账号: 测试账号 (7852949543)
2026-07-14 06:12:54,511 - ERROR - 获取用户信息异常: 'request_delay'
2026-07-14 06:12:57,309 - ERROR - 获取containerid失败: Expecting value: line 1 column 1 (char 0)
2026-07-14 06:12:57,309 - WARNING - ❌ 测试账号 (7852949543): 未获取到微博数据
2026-07-14 06:12:57,310 - INFO - 📊 监控完成: 0/1 成功, 共获取 0 条微博
2026-07-14 10:00:54,297 - INFO - 🚀 开始微博监控任务
2026-07-14 10:00:54,297 - INFO - 开始监控账号: 测试账号 (7852949543)
2026-07-14 10:00:54,297 - ERROR - 获取用户信息异常: 'request_delay'
2026-07-14 10:00:57,058 - ERROR - 获取containerid失败: Expecting value: line 1 column 1 (char 0)
2026-07-14 10:00:57,058 - WARNING - ❌ 测试账号 (7852949543): 未获取到微博数据
2026-07-14 10:00:57,058 - INFO - 📊 监控完成: 0/1 成功, 共获取 0 条微博
2026-07-14 13:50:06,260 - INFO - 🚀 开始微博监控任务
2026-07-14 13:50:06,260 - INFO - 开始监控账号: 测试账号 (7852949543)
2026-07-14 13:50:06,260 - ERROR - 获取用户信息异常: 'request_delay'
2026-07-14 13:50:09,236 - ERROR - 获取containerid失败: Expecting value: line 1 column 1 (char 0)
2026-07-14 13:50:09,236 - WARNING - ❌ 测试账号 (7852949543): 未获取到微博数据
2026-07-14 13:50:09,236 - INFO - 📊 监控完成: 0/1 成功, 共获取 0 条微博
2026-07-14 17:16:52,532 - INFO - 🚀 开始微博监控任务
2026-07-14 17:16:52,532 - INFO - 开始监控账号: 测试账号 (7852949543)
2026-07-14 17:16:52,532 - ERROR - 获取用户信息异常: 'request_delay'
2026-07-14 17:16:56,015 - ERROR - 获取containerid失败: Expecting value: line 1 column 1 (char 0)
2026-07-14 17:16:56,015 - WARNING - ❌ 测试账号 (7852949543): 未获取到微博数据
2026-07-14 17:16:56,016 - INFO - 📊 监控完成: 0/1 成功, 共获取 0 条微博
2026-07-14 21:02:12,072 - INFO - 🚀 开始微博监控任务
2026-07-14 21:02:12,072 - INFO - 开始监控账号: 测试账号 (7852949543)
2026-07-14 21:02:12,073 - ERROR - 获取用户信息异常: 'request_delay'
2026-07-14 21:02:15,310 - ERROR - 获取containerid失败: Expecting value: line 1 column 1 (char 0)
2026-07-14 21:02:15,310 - WARNING - ❌ 测试账号 (7852949543): 未获取到微博数据
2026-07-14 21:02:15,311 - INFO - 📊 监控完成: 0/1 成功, 共获取 0 条微博
2026-07-15 02:42:06,777 - INFO - 🚀 开始微博监控任务
2026-07-15 02:42:06,777 - INFO - 开始监控账号: 测试账号 (7852949543)
2026-07-15 02:42:06,777 - ERROR - 获取用户信息异常: 'request_delay'
2026-07-15 02:42:09,133 - ERROR - 获取containerid失败: Expecting value: line 1 column 1 (char 0)
2026-07-15 02:42:09,133 - WARNING - ❌ 测试账号 (7852949543): 未获取到微博数据
2026-07-15 02:42:09,133 - INFO - 📊 监控完成: 0/1 成功, 共获取 0 条微博
2026-07-15 06:17:42,595 - INFO - 🚀 开始微博监控任务
2026-07-15 06:17:42,595 - INFO - 开始监控账号: 测试账号 (7852949543)
2026-07-15 06:17:42,595 - ERROR - 获取用户信息异常: 'request_delay'
2026-07-15 06:17:45,965 - ERROR - 获取containerid失败: Expecting value: line 1 column 1 (char 0)
2026-07-15 06:17:45,965 - WARNING - ❌ 测试账号 (7852949543): 未获取到微博数据
2026-07-15 06:17:45,966 - INFO - 📊 监控完成: 0/1 成功, 共获取 0 条微博
2026-07-15 10:05:23,937 - INFO - 🚀 开始微博监控任务
2026-07-15 10:05:23,937 - INFO - 开始监控账号: 测试账号 (7852949543)
2026-07-15 10:05:23,937 - ERROR - 获取用户信息异常: 'request_delay'
2026-07-15 10:05:26,566 - ERROR - 获取containerid失败: Expecting value: line 1 column 1 (char 0)
2026-07-15 10:05:26,566 - WARNING - ❌ 测试账号 (7852949543): 未获取到微博数据
2026-07-15 10:05:26,567 - INFO - 📊 监控完成: 0/1 成功, 共获取 0 条微博
2026-07-15 13:48:33,106 - INFO - 🚀 开始微博监控任务
2026-07-15 13:48:33,106 - INFO - 开始监控账号: 测试账号 (7852949543)
2026-07-15 13:48:33,106 - ERROR - 获取用户信息异常: 'request_delay'
2026-07-15 13:48:35,512 - ERROR - 获取containerid失败: Expecting value: line 1 column 1 (char 0)
2026-07-15 13:48:35,512 - WARNING - ❌ 测试账号 (7852949543): 未获取到微博数据
2026-07-15 13:48:35,512 - INFO - 📊 监控完成: 0/1 成功, 共获取 0 条微博
2026-07-15 17:20:05,103 - INFO - 🚀 开始微博监控任务
2026-07-15 17:20:05,103 - INFO - 开始监控账号: 测试账号 (7852949543)
2026-07-15 17:20:05,103 - ERROR - 获取用户信息异常: 'request_delay'
2026-07-15 17:20:08,856 - ERROR - 获取containerid失败: Expecting value: line 1 column 1 (char 0)
2026-07-15 17:20:08,857 - WARNING - ❌ 测试账号 (7852949543): 未获取到微博数据
2026-07-15 17:20:08,857 - INFO - 📊 监控完成: 0/1 成功, 共获取 0 条微博
2026-07-15 21:02:40,590 - INFO - 🚀 开始微博监控任务
2026-07-15 21:02:40,591 - INFO - 开始监控账号: 测试账号 (7852949543)
2026-07-15 21:02:40,591 - ERROR - 获取用户信息异常: 'request_delay'
2026-07-15 21:02:43,876 - ERROR - 获取containerid失败: Expecting value: line 1 column 1 (char 0)
2026-07-15 21:02:43,876 - WARNING - ❌ 测试账号 (7852949543): 未获取到微博数据
2026-07-15 21:02:43,876 - INFO - 📊 监控完成: 0/1 成功, 共获取 0 条微博
2026-07-16 02:48:38,749 - INFO - 🚀 开始微博监控任务
2026-07-16 02:48:38,749 - INFO - 开始监控账号: 测试账号 (7852949543)
2026-07-16 02:48:38,749 - ERROR - 获取用户信息异常: 'request_delay'
2026-07-16 02:48:41,443 - ERROR - 获取containerid失败: Expecting value: line 1 column 1 (char 0)
2026-07-16 02:48:41,443 - WARNING - ❌ 测试账号 (7852949543): 未获取到微博数据
2026-07-16 02:48:41,443 - INFO - 📊 监控完成: 0/1 成功, 共获取 0 条微博
2026-07-16 06:21:55,881 - INFO - 🚀 开始微博监控任务
2026-07-16 06:21:55,881 - INFO - 开始监控账号: 测试账号 (7852949543)
2026-07-16 06:21:55,881 - ERROR - 获取用户信息异常: 'request_delay'
2026-07-16 06:21:59,265 - ERROR - 获取containerid失败: Expecting value: line 1 column 1 (char 0)
2026-07-16 06:21:59,266 - WARNING - ❌ 测试账号 (7852949543): 未获取到微博数据
2026-07-16 06:21:59,266 - INFO - 📊 监控完成: 0/1 成功, 共获取 0 条微博
2026-07-16 10:11:01,859 - INFO - 🚀 开始微博监控任务
2026-07-16 10:11:01,859 - INFO - 开始监控账号: 测试账号 (7852949543)
2026-07-16 10:11:01,859 - ERROR - 获取用户信息异常: 'request_delay'
2026-07-16 10:11:04,061 - ERROR - 获取containerid失败: Expecting value: line 1 column 1 (char 0)
2026-07-16 10:11:04,061 - WARNING - ❌ 测试账号 (7852949543): 未获取到微博数据
2026-07-16 10:11:04,062 - INFO - 📊 监控完成: 0/1 成功, 共获取 0 条微博
2026-07-16 13:59:36,462 - INFO - 🚀 开始微博监控任务
2026-07-16 13:59:36,462 - INFO - 开始监控账号: 测试账号 (7852949543)
2026-07-16 13:59:36,462 - ERROR - 获取用户信息异常: 'request_delay'
2026-07-16 13:59:39,809 - ERROR - 获取containerid失败: Expecting value: line 1 column 1 (char 0)
2026-07-16 13:59:39,809 - WARNING - ❌ 测试账号 (7852949543): 未获取到微博数据
2026-07-16 13:59:39,810 - INFO - 📊 监控完成: 0/1 成功, 共获取 0 条微博
2026-07-16 17:20:09,948 - INFO - 🚀 开始微博监控任务
2026-07-16 17:20:09,948 - INFO - 开始监控账号: 测试账号 (7852949543)
2026-07-16 17:20:09,948 - ERROR - 获取用户信息异常: 'request_delay'
2026-07-16 17:20:13,039 - ERROR - 获取containerid失败: Expecting value: line 1 column 1 (char 0)
2026-07-16 17:20:13,039 - WARNING - ❌ 测试账号 (7852949543): 未获取到微博数据
2026-07-16 17:20:13,040 - INFO - 📊 监控完成: 0/1 成功, 共获取 0 条微博
2026-07-16 21:03:12,176 - INFO - 🚀 开始微博监控任务
2026-07-16 21:03:12,176 - INFO - 开始监控账号: 测试账号 (7852949543)
2026-07-16 21:03:12,176 - ERROR - 获取用户信息异常: 'request_delay'
2026-07-16 21:03:14,968 - ERROR - 获取containerid失败: Expecting value: line 1 column 1 (char 0)
2026-07-16 21:03:14,968 - WARNING - ❌ 测试账号 (7852949543): 未获取到微博数据
2026-07-16 21:03:14,969 - INFO - 📊 监控完成: 0/1 成功, 共获取 0 条微博
2026-07-17 02:51:08,849 - INFO - 🚀 开始微博监控任务
2026-07-17 02:51:08,849 - INFO - 开始监控账号: 测试账号 (7852949543)
2026-07-17 02:51:08,849 - ERROR - 获取用户信息异常: 'request_delay'
2026-07-17 02:51:11,643 - ERROR - 获取containerid失败: Expecting value: line 1 column 1 (char 0)
2026-07-17 02:51:11,643 - WARNING - ❌ 测试账号 (7852949543): 未获取到微博数据
2026-07-17 02:51:11,643 - INFO - 📊 监控完成: 0/1 成功, 共获取 0 条微博
2026-07-17 06:19:08,837 - INFO - 🚀 开始微博监控任务
2026-07-17 06:19:08,837 - INFO - 开始监控账号: 测试账号 (7852949543)
2026-07-17 06:19:08,837 - ERROR - 获取用户信息异常: 'request_delay'
2026-07-17 06:19:11,893 - ERROR - 获取containerid失败: Expecting value: line 1 column 1 (char 0)
2026-07-17 06:19:11,893 - WARNING - ❌ 测试账号 (7852949543): 未获取到微博数据
2026-07-17 06:19:11,894 - INFO - 📊 监控完成: 0/1 成功, 共获取 0 条微博
2026-07-17 10:00:24,072 - INFO - 🚀 开始微博监控任务
2026-07-17 10:00:24,073 - INFO - 开始监控账号: 测试账号 (7852949543)
2026-07-17 10:00:24,073 - ERROR - 获取用户信息异常: 'request_delay'
2026-07-17 10:00:27,184 - ERROR - 获取containerid失败: Expecting value: line 1 column 1 (char 0)
2026-07-17 10:00:27,184 - WARNING - ❌ 测试账号 (7852949543): 未获取到微博数据
2026-07-17 10:00:27,185 - INFO - 📊 监控完成: 0/1 成功, 共获取 0 条微博
2026-07-17 13:44:25,193 - INFO - 🚀 开始微博监控任务
2026-07-17 13:44:25,193 - INFO - 开始监控账号: 测试账号 (7852949543)
2026-07-17 13:44:25,193 - ERROR - 获取用户信息异常: 'request_delay'
2026-07-17 13:44:28,384 - ERROR - 获取containerid失败: Expecting value: line 1 column 1 (char 0)
2026-07-17 13:44:28,384 - WARNING - ❌ 测试账号 (7852949543): 未获取到微博数据
2026-07-17 13:44:28,385 - INFO - 📊 监控完成: 0/1 成功, 共获取 0 条微博
2026-07-17 17:15:06,635 - INFO - 🚀 开始微博监控任务
2026-07-17 17:15:06,635 - INFO - 开始监控账号: 测试账号 (7852949543)
2026-07-17 17:15:06,635 - ERROR - 获取用户信息异常: 'request_delay'
2026-07-17 17:15:10,678 - ERROR - 获取containerid失败: Expecting value: line 1 column 1 (char 0)
2026-07-17 17:15:10,678 - WARNING - ❌ 测试账号 (7852949543): 未获取到微博数据
2026-07-17 17:15:10,679 - INFO - 📊 监控完成: 0/1 成功, 共获取 0 条微博
2026-07-17 20:59:00,415 - INFO - 🚀 开始微博监控任务
2026-07-17 20:59:00,415 - INFO - 开始监控账号: 测试账号 (7852949543)
2026-07-17 20:59:00,415 - ERROR - 获取用户信息异常: 'request_delay'
2026-07-17 20:59:04,235 - ERROR - 获取containerid失败: Expecting value: line 1 column 1 (char 0)
2026-07-17 20:59:04,235 - WARNING - ❌ 测试账号 (7852949543): 未获取到微博数据
2026-07-17 20:59:04,235 - INFO - 📊 监控完成: 0/1 成功, 共获取 0 条微博
2026-07-18 02:43:32,054 - INFO - 🚀 开始微博监控任务
2026-07-18 02:43:32,054 - INFO - 开始监控账号: 测试账号 (7852949543)
2026-07-18 02:43:32,054 - ERROR - 获取用户信息异常: 'request_delay'
2026-07-18 02:43:34,438 - ERROR - 获取containerid失败: Expecting value: line 1 column 1 (char 0)
2026-07-18 02:43:34,439 - WARNING - ❌ 测试账号 (7852949543): 未获取到微博数据
2026-07-18 02:43:34,439 - INFO - 📊 监控完成: 0/1 成功, 共获取 0 条微博
2026-07-18 06:06:53,807 - INFO - 🚀 开始微博监控任务
2026-07-18 06:06:53,807 - INFO - 开始监控账号: 测试账号 (7852949543)
2026-07-18 06:06:53,807 - ERROR - 获取用户信息异常: 'request_delay'
2026-07-18 06:06:57,460 - ERROR - 获取containerid失败: Expecting value: line 1 column 1 (char 0)
2026-07-18 06:06:57,460 - WARNING - ❌ 测试账号 (7852949543): 未获取到微博数据
2026-07-18 06:06:57,461 - INFO - 📊 监控完成: 0/1 成功, 共获取 0 条微博
2026-07-18 09:36:12,963 - INFO - 🚀 开始微博监控任务
2026-07-18 09:36:12,963 - INFO - 开始监控账号: 测试账号 (7852949543)
2026-07-18 09:36:12,963 - ERROR - 获取用户信息异常: 'request_delay'
2026-07-18 09:36:16,519 - ERROR - 获取containerid失败: Expecting value: line 1 column 1 (char 0)
2026-07-18 09:36:16,519 - WARNING - ❌ 测试账号 (7852949543): 未获取到微博数据
2026-07-18 09:36:16,520 - INFO - 📊 监控完成: 0/1 成功, 共获取 0 条微博
2026-07-18 13:21:35,674 - INFO - 🚀 开始微博监控任务
2026-07-18 13:21:35,674 - INFO - 开始监控账号: 测试账号 (7852949543)
2026-07-18 13:21:35,675 - ERROR - 获取用户信息异常: 'request_delay'
2026-07-18 13:21:38,123 - ERROR - 获取containerid失败: Expecting value: line 1 column 1 (char 0)
2026-07-18 13:21:38,123 - WARNING - ❌ 测试账号 (7852949543): 未获取到微博数据
2026-07-18 13:21:38,126 - INFO - 📊 监控完成: 0/1 成功, 共获取 0 条微博
2026-07-18 17:00:02,801 - INFO - 🚀 开始微博监控任务
2026-07-18 17:00:02,801 - INFO - 开始监控账号: 测试账号 (7852949543)
2026-07-18 17:00:02,801 - ERROR - 获取用户信息异常: 'request_delay'
2026-07-18 17:00:06,019 - ERROR - 获取containerid失败: Expecting value: line 1 column 1 (char 0)
2026-07-18 17:00:06,019 - WARNING - ❌ 测试账号 (7852949543): 未获取到微博数据
2026-07-18 17:00:06,019 - INFO - 📊 监控完成: 0/1 成功, 共获取 0 条微博
2026-07-18 20:53:07,036 - INFO - 🚀 开始微博监控任务
2026-07-18 20:53:07,036 - INFO - 开始监控账号: 测试账号 (7852949543)
2026-07-18 20:53:07,036 - ERROR - 获取用户信息异常: 'request_delay'
2026-07-18 20:53:09,544 - ERROR - 获取containerid失败: Expecting value: line 1 column 1 (char 0)
2026-07-18 20:53:09,545 - WARNING - ❌ 测试账号 (7852949543): 未获取到微博数据
2026-07-18 20:53:09,545 - INFO - 📊 监控完成: 0/1 成功, 共获取 0 条微博
2026-07-19 02:57:43,487 - INFO - 🚀 开始微博监控任务
2026-07-19 02:57:43,487 - INFO - 开始监控账号: 测试账号 (7852949543)
2026-07-19 02:57:43,487 - ERROR - 获取用户信息异常: 'request_delay'
2026-07-19 02:57:46,789 - ERROR - 获取containerid失败: Expecting value: line 1 column 1 (char 0)
2026-07-19 02:57:46,789 - WARNING - ❌ 测试账号 (7852949543): 未获取到微博数据
2026-07-19 02:57:46,821 - INFO - 📊 监控完成: 0/1 成功, 共获取 0 条微博
2026-07-19 06:32:12,257 - INFO - 🚀 开始微博监控任务
2026-07-19 06:32:12,257 - INFO - 开始监控账号: 测试账号 (7852949543)
2026-07-19 06:32:12,257 - ERROR - 获取用户信息异常: 'request_delay'
2026-07-19 06:32:14,945 - ERROR - 获取containerid失败: Expecting value: line 1 column 1 (char 0)
2026-07-19 06:32:14,945 - WARNING - ❌ 测试账号 (7852949543): 未获取到微博数据
2026-07-19 06:32:14,945 - INFO - 📊 监控完成: 0/1 成功, 共获取 0 条微博
2026-07-19 09:53:44,211 - INFO - 🚀 开始微博监控任务
2026-07-19 09:53:44,211 - INFO - 开始监控账号: 测试账号 (7852949543)
2026-07-19 09:53:44,211 - ERROR - 获取用户信息异常: 'request_delay'
2026-07-19 09:53:47,323 - ERROR - 获取containerid失败: Expecting value: line 1 column 1 (char 0)
2026-07-19 09:53:47,323 - WARNING - ❌ 测试账号 (7852949543): 未获取到微博数据
2026-07-19 09:53:47,324 - INFO - 📊 监控完成: 0/1 成功, 共获取 0 条微博
2026-07-19 13:23:01,942 - INFO - 🚀 开始微博监控任务
2026-07-19 13:23:01,942 - INFO - 开始监控账号: 测试账号 (7852949543)
2026-07-19 13:23:01,942 - ERROR - 获取用户信息异常: 'request_delay'
2026-07-19 13:23:05,592 - ERROR - 获取containerid失败: Expecting value: line 1 column 1 (char 0)
2026-07-19 13:23:05,593 - WARNING - ❌ 测试账号 (7852949543): 未获取到微博数据
2026-07-19 13:23:05,594 - INFO - 📊 监控完成: 0/1 成功, 共获取 0 条微博
2026-07-19 17:00:27,213 - INFO - 🚀 开始微博监控任务
2026-07-19 17:00:27,213 - INFO - 开始监控账号: 测试账号 (7852949543)
2026-07-19 17:00:27,213 - ERROR - 获取用户信息异常: 'request_delay'
2026-07-19 17:00:29,830 - ERROR - 获取containerid失败: Expecting value: line 1 column 1 (char 0)
2026-07-19 17:00:29,830 - WARNING - ❌ 测试账号 (7852949543): 未获取到微博数据
2026-07-19 17:00:29,831 - INFO - 📊 监控完成: 0/1 成功, 共获取 0 条微博
2026-07-19 20:53:45,708 - INFO - 🚀 开始微博监控任务
2026-07-19 20:53:45,709 - INFO - 开始监控账号: 测试账号 (7852949543)
2026-07-19 20:53:45,709 - ERROR - 获取用户信息异常: 'request_delay'
2026-07-19 20:53:48,572 - ERROR - 获取containerid失败: Expecting value: line 1 column 1 (char 0)
2026-07-19 20:53:48,572 - WARNING - ❌ 测试账号 (7852949543): 未获取到微博数据
2026-07-19 20:53:48,575 - INFO - 📊 监控完成: 0/1 成功, 共获取 0 条微博
2026-07-20 03:27:16,259 - INFO - 🚀 开始微博监控任务
2026-07-20 03:27:16,259 - INFO - 开始监控账号: 测试账号 (7852949543)
2026-07-20 03:27:16,259 - ERROR - 获取用户信息异常: 'request_delay'
2026-07-20 03:27:19,365 - ERROR - 获取containerid失败: Expecting value: line 1 column 1 (char 0)
2026-07-20 03:27:19,365 - WARNING - ❌ 测试账号 (7852949543): 未获取到微博数据
2026-07-20 03:27:19,365 - INFO - 📊 监控完成: 0/1 成功, 共获取 0 条微博
2026-07-20 06:49:42,810 - INFO - 🚀 开始微博监控任务
2026-07-20 06:49:42,810 - INFO - 开始监控账号: 测试账号 (7852949543)
2026-07-20 06:49:42,810 - ERROR - 获取用户信息异常: 'request_delay'
2026-07-20 06:49:46,530 - ERROR - 获取containerid失败: Expecting value: line 1 column 1 (char 0)
2026-07-20 06:49:46,530 - WARNING - ❌ 测试账号 (7852949543): 未获取到微博数据
2026-07-20 06:49:46,530 - INFO - 📊 监控完成: 0/1 成功, 共获取 0 条微博
2026-07-20 10:54:45,182 - INFO - 🚀 开始微博监控任务
2026-07-20 10:54:45,182 - INFO - 开始监控账号: 测试账号 (7852949543)
2026-07-20 10:54:45,182 - ERROR - 获取用户信息异常: 'request_delay'
2026-07-20 10:54:48,139 - ERROR - 获取containerid失败: Expecting value: line 1 column 1 (char 0)
2026-07-20 10:54:48,139 - WARNING - ❌ 测试账号 (7852949543): 未获取到微博数据
2026-07-20 10:54:48,140 - INFO - 📊 监控完成: 0/1 成功, 共获取 0 条微博
2026-07-20 14:11:17,042 - INFO - 🚀 开始微博监控任务
2026-07-20 14:11:17,042 - INFO - 开始监控账号: 测试账号 (7852949543)
2026-07-20 14:11:17,042 - ERROR - 获取用户信息异常: 'request_delay'
2026-07-20 14:11:19,766 - ERROR - 获取containerid失败: Expecting value: line 1 column 1 (char 0)
2026-07-20 14:11:19,766 - WARNING - ❌ 测试账号 (7852949543): 未获取到微博数据
2026-07-20 14:11:19,766 - INFO - 📊 监控完成: 0/1 成功, 共获取 0 条微博
2026-07-20 18:06:28,515 - INFO - 🚀 开始微博监控任务
2026-07-20 18:06:28,515 - INFO - 开始监控账号: 测试账号 (7852949543)
2026-07-20 18:06:28,515 - ERROR - 获取用户信息异常: 'request_delay'
2026-07-20 18:06:30,945 - ERROR - 获取containerid失败: Expecting value: line 1 column 1 (char 0)
2026-07-20 18:06:30,945 - WARNING - ❌ 测试账号 (7852949543): 未获取到微博数据
2026-07-20 18:06:30,946 - INFO - 📊 监控完成: 0/1 成功, 共获取 0 条微博
2026-07-20 21:14:05,129 - INFO - 🚀 开始微博监控任务
2026-07-20 21:14:05,129 - INFO - 开始监控账号: 测试账号 (7852949543)
2026-07-20 21:14:05,129 - ERROR - 获取用户信息异常: 'request_delay'
2026-07-20 21:14:07,454 - ERROR - 获取containerid失败: Expecting value: line 1 column 1 (char 0)
2026-07-20 21:14:07,454 - WARNING - ❌ 测试账号 (7852949543): 未获取到微博数据
2026-07-20 21:14:07,455 - INFO - 📊 监控完成: 0/1 成功, 共获取 0 条微博
2026-07-21 02:53:57,435 - INFO - 🚀 开始微博监控任务
2026-07-21 02:53:57,435 - INFO - 开始监控账号: 测试账号 (7852949543)
2026-07-21 02:53:57,435 - ERROR - 获取用户信息异常: 'request_delay'
2026-07-21 02:54:00,282 - ERROR - 获取containerid失败: Expecting value: line 1 column 1 (char 0)
2026-07-21 02:54:00,282 - WARNING - ❌ 测试账号 (7852949543): 未获取到微博数据
2026-07-21 02:54:00,282 - INFO - 📊 监控完成: 0/1 成功, 共获取 0 条微博
2026-07-21 06:30:55,153 - INFO - 🚀 开始微博监控任务
2026-07-21 06:30:55,153 - INFO - 开始监控账号: 测试账号 (7852949543)
2026-07-21 06:30:55,153 - ERROR - 获取用户信息异常: 'request_delay'
2026-07-21 06:31:02,133 - ERROR - 获取containerid失败: Expecting value: line 1 column 1 (char 0)
2026-07-21 06:31:02,133 - WARNING - ❌ 测试账号 (7852949543): 未获取到微博数据
2026-07-21 06:31:02,133 - INFO - 📊 监控完成: 0/1 成功, 共获取 0 条微博
2026-07-21 10:27:09,226 - INFO - 🚀 开始微博监控任务
2026-07-21 10:27:09,226 - INFO - 开始监控账号: 测试账号 (7852949543)
2026-07-21 10:27:09,226 - ERROR - 获取用户信息异常: 'request_delay'
2026-07-21 10:27:12,011 - ERROR - 获取containerid失败: Expecting value: line 1 column 1 (char 0)
2026-07-21 10:27:12,011 - WARNING - ❌ 测试账号 (7852949543): 未获取到微博数据
2026-07-21 10:27:12,012 - INFO - 📊 监控完成: 0/1 成功, 共获取 0 条微博
2026-07-21 13:58:16,417 - INFO - 🚀 开始微博监控任务
2026-07-21 13:58:16,417 - INFO - 开始监控账号: 测试账号 (7852949543)
2026-07-21 13:58:16,417 - ERROR - 获取用户信息异常: 'request_delay'
2026-07-21 13:58:20,299 - ERROR - 获取containerid失败: Expecting value: line 1 column 1 (char 0)
2026-07-21 13:58:20,299 - WARNING - ❌ 测试账号 (7852949543): 未获取到微博数据
2026-07-21 13:58:20,300 - INFO - 📊 监控完成: 0/1 成功, 共获取 0 条微博
2026-07-21 17:23:34,197 - INFO - 🚀 开始微博监控任务
2026-07-21 17:23:34,197 - INFO - 开始监控账号: 测试账号 (7852949543)
2026-07-21 17:23:34,197 - ERROR - 获取用户信息异常: 'request_delay'
2026-07-21 17:23:36,411 - ERROR - 获取containerid失败: Expecting value: line 1 column 1 (char 0)
2026-07-21 17:23:36,411 - WARNING - ❌ 测试账号 (7852949543): 未获取到微博数据
2026-07-21 17:23:36,411 - INFO - 📊 监控完成: 0/1 成功, 共获取 0 条微博
2026-07-21 21:12:56,376 - INFO - 🚀 开始微博监控任务
2026-07-21 21:12:56,376 - INFO - 开始监控账号: 测试账号 (7852949543)
2026-07-21 21:12:56,376 - ERROR - 获取用户信息异常: 'request_delay'
2026-07-21 21:12:59,962 - ERROR - 获取containerid失败: Expecting value: line 1 column 1 (char 0)
2026-07-21 21:12:59,962 - WARNING - ❌ 测试账号 (7852949543): 未获取到微博数据
2026-07-21 21:12:59,963 - INFO - 📊 监控完成: 0/1 成功, 共获取 0 条微博
2026-07-22 02:51:56,439 - INFO - 🚀 开始微博监控任务
2026-07-22 02:51:56,439 - INFO - 开始监控账号: 测试账号 (7852949543)
2026-07-22 02:51:56,439 - ERROR - 获取用户信息异常: 'request_delay'
2026-07-22 02:51:59,736 - ERROR - 获取containerid失败: Expecting value: line 1 column 1 (char 0)
2026-07-22 02:51:59,736 - WARNING - ❌ 测试账号 (7852949543): 未获取到微博数据
2026-07-22 02:51:59,737 - INFO - 📊 监控完成: 0/1 成功, 共获取 0 条微博
2026-07-22 06:31:18,018 - INFO - 🚀 开始微博监控任务
2026-07-22 06:31:18,018 - INFO - 开始监控账号: 测试账号 (7852949543)
2026-07-22 06:31:18,019 - ERROR - 获取用户信息异常: 'request_delay'
2026-07-22 06:31:20,282 - ERROR - 获取containerid失败: Expecting value: line 1 column 1 (char 0)
2026-07-22 06:31:20,282 - WARNING - ❌ 测试账号 (7852949543): 未获取到微博数据
2026-07-22 06:31:20,306 - INFO - 📊 监控完成: 0/1 成功, 共获取 0 条微博
2026-07-22 10:27:45,137 - INFO - 🚀 开始微博监控任务
2026-07-22 10:27:45,137 - INFO - 开始监控账号: 测试账号 (7852949543)
2026-07-22 10:27:45,138 - ERROR - 获取用户信息异常: 'request_delay'
2026-07-22 10:27:48,248 - ERROR - 获取containerid失败: Expecting value: line 1 column 1 (char 0)
2026-07-22 10:27:48,249 - WARNING - ❌ 测试账号 (7852949543): 未获取到微博数据
2026-07-22 10:27:48,249 - INFO - 📊 监控完成: 0/1 成功, 共获取 0 条微博
2026-07-22 14:01:46,609 - INFO - 🚀 开始微博监控任务
2026-07-22 14:01:46,609 - INFO - 开始监控账号: 测试账号 (7852949543)
2026-07-22 14:01:46,609 - ERROR - 获取用户信息异常: 'request_delay'
2026-07-22 14:01:54,402 - ERROR - 获取containerid失败: Expecting value: line 1 column 1 (char 0)
2026-07-22 14:01:54,402 - WARNING - ❌ 测试账号 (7852949543): 未获取到微博数据
2026-07-22 14:01:54,403 - INFO - 📊 监控完成: 0/1 成功, 共获取 0 条微博
2026-07-22 17:22:56,106 - INFO - 🚀 开始微博监控任务
2026-07-22 17:22:56,107 - INFO - 开始监控账号: 测试账号 (7852949543)
2026-07-22 17:22:56,107 - ERROR - 获取用户信息异常: 'request_delay'
2026-07-22 17:22:59,275 - ERROR - 获取containerid失败: Expecting value: line 1 column 1 (char 0)
2026-07-22 17:22:59,275 - WARNING - ❌ 测试账号 (7852949543): 未获取到微博数据
2026-07-22 17:22:59,276 - INFO - 📊 监控完成: 0/1 成功, 共获取 0 条微博
2026-07-22 21:11:33,710 - INFO - 🚀 开始微博监控任务
2026-07-22 21:11:33,710 - INFO - 开始监控账号: 测试账号 (7852949543)
2026-07-22 21:11:33,710 - ERROR - 获取用户信息异常: 'request_delay'
2026-07-22 21:11:36,260 - ERROR - 获取containerid失败: Expecting value: line 1 column 1 (char 0)
2026-07-22 21:11:36,260 - WARNING - ❌ 测试账号 (7852949543): 未获取到微博数据
2026-07-22 21:11:36,261 - INFO - 📊 监控完成: 0/1 成功, 共获取 0 条微博
2026-07-23 03:13:03,109 - INFO - 🚀 开始微博监控任务
2026-07-23 03:13:03,109 - INFO - 开始监控账号: 测试账号 (7852949543)
2026-07-23 03:13:03,109 - ERROR - 获取用户信息异常: 'request_delay'
2026-07-23 03:13:05,392 - ERROR - 获取containerid失败: Expecting value: line 1 column 1 (char 0)
2026-07-23 03:13:05,393 - WARNING - ❌ 测试账号 (7852949543): 未获取到微博数据
2026-07-23 03:13:05,393 - INFO - 📊 监控完成: 0/1 成功, 共获取 0 条微博
2026-07-23 06:31:55,674 - INFO - 🚀 开始微博监控任务
2026-07-23 06:31:55,674 - INFO - 开始监控账号: 测试账号 (7852949543)
2026-07-23 06:31:55,674 - ERROR - 获取用户信息异常: 'request_delay'
2026-07-23 06:31:57,833 - ERROR - 获取containerid失败: Expecting value: line 1 column 1 (char 0)
2026-07-23 06:31:57,833 - WARNING - ❌ 测试账号 (7852949543): 未获取到微博数据
2026-07-23 06:31:57,834 - INFO - 📊 监控完成: 0/1 成功, 共获取 0 条微博
2026-07-23 10:25:19,328 - INFO - 🚀 开始微博监控任务
2026-07-23 10:25:19,329 - INFO - 开始监控账号: 测试账号 (7852949543)
2026-07-23 10:25:19,329 - ERROR - 获取用户信息异常: 'request_delay'
2026-07-23 10:25:22,564 - ERROR - 获取containerid失败: Expecting value: line 1 column 1 (char 0)
2026-07-23 10:25:22,564 - WARNING - ❌ 测试账号 (7852949543): 未获取到微博数据
2026-07-23 10:25:22,565 - INFO - 📊 监控完成: 0/1 成功, 共获取 0 条微博
2026-07-23 14:07:27,608 - INFO - 🚀 开始微博监控任务
2026-07-23 14:07:27,608 - INFO - 开始监控账号: 测试账号 (7852949543)
2026-07-23 14:07:27,608 - ERROR - 获取用户信息异常: 'request_delay'
2026-07-23 14:07:31,193 - ERROR - 获取containerid失败: Expecting value: line 1 column 1 (char 0)
2026-07-23 14:07:31,194 - WARNING - ❌ 测试账号 (7852949543): 未获取到微博数据
2026-07-23 14:07:31,194 - INFO - 📊 监控完成: 0/1 成功, 共获取 0 条微博
2026-07-23 17:24:40,537 - INFO - 🚀 开始微博监控任务
2026-07-23 17:24:40,537 - INFO - 开始监控账号: 测试账号 (7852949543)
2026-07-23 17:24:40,538 - ERROR - 获取用户信息异常: 'request_delay'
2026-07-23 17:24:44,197 - ERROR - 获取containerid失败: Expecting value: line 1 column 1 (char 0)
2026-07-23 17:24:44,197 - WARNING - ❌ 测试账号 (7852949543): 未获取到微博数据
2026-07-23 17:24:44,198 - INFO - 📊 监控完成: 0/1 成功, 共获取 0 条微博
2026-07-23 21:06:51,172 - INFO - 🚀 开始微博监控任务
2026-07-23 21:06:51,173 - INFO - 开始监控账号: 测试账号 (7852949543)
2026-07-23 21:06:51,173 - ERROR - 获取用户信息异常: 'request_delay'
2026-07-23 21:06:54,625 - ERROR - 获取containerid失败: Expecting value: line 1 column 1 (char 0)
2026-07-23 21:06:54,625 - WARNING - ❌ 测试账号 (7852949543): 未获取到微博数据
2026-07-23 21:06:54,625 - INFO - 📊 监控完成: 0/1 成功, 共获取 0 条微博
2026-07-24 02:52:21,923 - INFO - 🚀 开始微博监控任务
2026-07-24 02:52:21,924 - INFO - 开始监控账号: 测试账号 (7852949543)
2026-07-24 02:52:21,924 - ERROR - 获取用户信息异常: 'request_delay'
2026-07-24 02:52:24,836 - ERROR - 获取containerid失败: Expecting value: line 1 column 1 (char 0)
2026-07-24 02:52:24,836 - WARNING - ❌ 测试账号 (7852949543): 未获取到微博数据
2026-07-24 02:52:24,836 - INFO - 📊 监控完成: 0/1 成功, 共获取 0 条微博
2026-07-24 06:27:53,248 - INFO - 🚀 开始微博监控任务
2026-07-24 06:27:53,248 - INFO - 开始监控账号: 测试账号 (7852949543)
2026-07-24 06:27:53,248 - ERROR - 获取用户信息异常: 'request_delay'
2026-07-24 06:27:57,444 - ERROR - 获取containerid失败: Expecting value: line 1 column 1 (char 0)
2026-07-24 06:27:57,444 - WARNING - ❌ 测试账号 (7852949543): 未获取到微博数据
2026-07-24 06:27:57,445 - INFO - 📊 监控完成: 0/1 成功, 共获取 0 条微博
2026-07-24 10:21:27,907 - INFO - 🚀 开始微博监控任务
2026-07-24 10:21:27,907 - INFO - 开始监控账号: 测试账号 (7852949543)
2026-07-24 10:21:27,907 - ERROR - 获取用户信息异常: 'request_delay'
2026-07-24 10:21:30,857 - ERROR - 获取containerid失败: Expecting value: line 1 column 1 (char 0)
2026-07-24 10:21:30,857 - WARNING - ❌ 测试账号 (7852949543): 未获取到微博数据
2026-07-24 10:21:30,857 - INFO - 📊 监控完成: 0/1 成功, 共获取 0 条微博
2026-07-24 13:50:11,294 - INFO - 🚀 开始微博监控任务
2026-07-24 13:50:11,294 - INFO - 开始监控账号: 测试账号 (7852949543)
2026-07-24 13:50:11,294 - ERROR - 获取用户信息异常: 'request_delay'
2026-07-24 13:50:14,281 - ERROR - 获取containerid失败: Expecting value: line 1 column 1 (char 0)
2026-07-24 13:50:14,282 - WARNING - ❌ 测试账号 (7852949543): 未获取到微博数据
2026-07-24 13:50:14,282 - INFO - 📊 监控完成: 0/1 成功, 共获取 0 条微博
2026-07-24 17:39:49,774 - INFO - 🚀 开始微博监控任务
2026-07-24 17:39:49,774 - INFO - 开始监控账号: 测试账号 (7852949543)
2026-07-24 17:39:49,774 - ERROR - 获取用户信息异常: 'request_delay'
2026-07-24 17:39:52,161 - ERROR - 获取containerid失败: Expecting value: line 1 column 1 (char 0)
2026-07-24 17:39:52,161 - WARNING - ❌ 测试账号 (7852949543): 未获取到微博数据
2026-07-24 17:39:52,161 - INFO - 📊 监控完成: 0/1 成功, 共获取 0 条微博
2026-07-24 21:06:19,417 - INFO - 🚀 开始微博监控任务
2026-07-24 21:06:19,418 - INFO - 开始监控账号: 测试账号 (7852949543)
2026-07-24 21:06:19,418 - ERROR - 获取用户信息异常: 'request_delay'
2026-07-24 21:06:22,567 - ERROR - 获取containerid失败: Expecting value: line 1 column 1 (char 0)
2026-07-24 21:06:22,567 - WARNING - ❌ 测试账号 (7852949543): 未获取到微博数据
2026-07-24 21:06:22,568 - INFO - 📊 监控完成: 0/1 成功, 共获取 0 条微博
2026-07-25 02:51:59,745 - INFO - 🚀 开始微博监控任务
2026-07-25 02:51:59,745 - INFO - 开始监控账号: 测试账号 (7852949543)
2026-07-25 02:51:59,745 - ERROR - 获取用户信息异常: 'request_delay'
2026-07-25 02:52:02,058 - ERROR - 获取containerid失败: Expecting value: line 1 column 1 (char 0)
2026-07-25 02:52:02,058 - WARNING - ❌ 测试账号 (7852949543): 未获取到微博数据
2026-07-25 02:52:02,059 - INFO - 📊 监控完成: 0/1 成功, 共获取 0 条微博
2026-07-25 06:20:10,246 - INFO - 🚀 开始微博监控任务
2026-07-25 06:20:10,246 - INFO - 开始监控账号: 测试账号 (7852949543)
2026-07-25 06:20:10,246 - ERROR - 获取用户信息异常: 'request_delay'
2026-07-25 06:20:13,021 - ERROR - 获取containerid失败: Expecting value: line 1 column 1 (char 0)
2026-07-25 06:20:13,021 - WARNING - ❌ 测试账号 (7852949543): 未获取到微博数据
2026-07-25 06:20:13,022 - INFO - 📊 监控完成: 0/1 成功, 共获取 0 条微博
2026-07-25 09:50:54,118 - INFO - 🚀 开始微博监控任务
2026-07-25 09:50:54,118 - INFO - 开始监控账号: 测试账号 (7852949543)
2026-07-25 09:50:54,118 - ERROR - 获取用户信息异常: 'request_delay'
2026-07-25 09:50:56,984 - ERROR - 获取containerid失败: Expecting value: line 1 column 1 (char 0)
2026-07-25 09:50:56,984 - WARNING - ❌ 测试账号 (7852949543): 未获取到微博数据
2026-07-25 09:50:56,984 - INFO - 📊 监控完成: 0/1 成功, 共获取 0 条微博
2026-07-25 13:40:16,321 - INFO - 🚀 开始微博监控任务
2026-07-25 13:40:16,321 - INFO - 开始监控账号: 测试账号 (7852949543)
2026-07-25 13:40:16,321 - ERROR - 获取用户信息异常: 'request_delay'
2026-07-25 13:40:20,606 - ERROR - 获取containerid失败: Expecting value: line 1 column 1 (char 0)
2026-07-25 13:40:20,606 - WARNING - ❌ 测试账号 (7852949543): 未获取到微博数据
2026-07-25 13:40:20,607 - INFO - 📊 监控完成: 0/1 成功, 共获取 0 条微博
2026-07-25 17:01:34,145 - INFO - 🚀 开始微博监控任务
2026-07-25 17:01:34,145 - INFO - 开始监控账号: 测试账号 (7852949543)
2026-07-25 17:01:34,145 - ERROR - 获取用户信息异常: 'request_delay'
2026-07-25 17:01:38,630 - ERROR - 获取containerid失败: Expecting value: line 1 column 1 (char 0)
2026-07-25 17:01:38,630 - WARNING - ❌ 测试账号 (7852949543): 未获取到微博数据
2026-07-25 17:01:38,630 - INFO - 📊 监控完成: 0/1 成功, 共获取 0 条微博
2026-07-25 20:55:35,772 - INFO - 🚀 开始微博监控任务
2026-07-25 20:55:35,772 - INFO - 开始监控账号: 测试账号 (7852949543)
2026-07-25 20:55:35,772 - ERROR - 获取用户信息异常: 'request_delay'
2026-07-25 20:55:40,338 - ERROR - 获取containerid失败: Expecting value: line 1 column 1 (char 0)
2026-07-25 20:55:40,338 - WARNING - ❌ 测试账号 (7852949543): 未获取到微博数据
2026-07-25 20:55:40,339 - INFO - 📊 监控完成: 0/1 成功, 共获取 0 条微博
2026-07-26 03:17:11,334 - INFO - 🚀 开始微博监控任务
2026-07-26 03:17:11,334 - INFO - 开始监控账号: 测试账号 (7852949543)
2026-07-26 03:17:11,334 - ERROR - 获取用户信息异常: 'request_delay'
2026-07-26 03:17:13,654 - ERROR - 获取containerid失败: Expecting value: line 1 column 1 (char 0)
2026-07-26 03:17:13,654 - WARNING - ❌ 测试账号 (7852949543): 未获取到微博数据
2026-07-26 03:17:13,654 - INFO - 📊 监控完成: 0/1 成功, 共获取 0 条微博
2026-07-26 06:38:47,803 - INFO - 🚀 开始微博监控任务
2026-07-26 06:38:47,803 - INFO - 开始监控账号: 测试账号 (7852949543)
2026-07-26 06:38:47,803 - ERROR - 获取用户信息异常: 'request_delay'
2026-07-26 06:38:50,707 - ERROR - 获取containerid失败: Expecting value: line 1 column 1 (char 0)
2026-07-26 06:38:50,707 - WARNING - ❌ 测试账号 (7852949543): 未获取到微博数据
2026-07-26 06:38:50,707 - INFO - 📊 监控完成: 0/1 成功, 共获取 0 条微博
2026-07-26 10:02:24,848 - INFO - 🚀 开始微博监控任务
2026-07-26 10:02:24,848 - INFO - 开始监控账号: 测试账号 (7852949543)
2026-07-26 10:02:24,848 - ERROR - 获取用户信息异常: 'request_delay'
2026-07-26 10:02:27,401 - ERROR - 获取containerid失败: Expecting value: line 1 column 1 (char 0)
2026-07-26 10:02:27,401 - WARNING - ❌ 测试账号 (7852949543): 未获取到微博数据
2026-07-26 10:02:27,401 - INFO - 📊 监控完成: 0/1 成功, 共获取 0 条微博
2026-07-26 13:35:00,220 - INFO - 🚀 开始微博监控任务
2026-07-26 13:35:00,220 - INFO - 开始监控账号: 测试账号 (7852949543)
2026-07-26 13:35:00,220 - ERROR - 获取用户信息异常: 'request_delay'
2026-07-26 13:35:02,395 - ERROR - 获取containerid失败: Expecting value: line 1 column 1 (char 0)
2026-07-26 13:35:02,395 - WARNING - ❌ 测试账号 (7852949543): 未获取到微博数据
2026-07-26 13:35:02,396 - INFO - 📊 监控完成: 0/1 成功, 共获取 0 条微博
2026-07-26 17:04:29,579 - INFO - 🚀 开始微博监控任务
2026-07-26 17:04:29,579 - INFO - 开始监控账号: 测试账号 (7852949543)
2026-07-26 17:04:29,579 - ERROR - 获取用户信息异常: 'request_delay'
2026-07-26 17:04:32,777 - ERROR - 获取containerid失败: Expecting value: line 1 column 1 (char 0)
2026-07-26 17:04:32,778 - WARNING - ❌ 测试账号 (7852949543): 未获取到微博数据
2026-07-26 17:04:32,778 - INFO - 📊 监控完成: 0/1 成功, 共获取 0 条微博
2026-07-26 21:02:02,576 - INFO - 🚀 开始微博监控任务
2026-07-26 21:02:02,576 - INFO - 开始监控账号: 测试账号 (7852949543)
2026-07-26 21:02:02,577 - ERROR - 获取用户信息异常: 'request_delay'
2026-07-26 21:02:06,549 - ERROR - 获取containerid失败: Expecting value: line 1 column 1 (char 0)
2026-07-26 21:02:06,549 - WARNING - ❌ 测试账号 (7852949543): 未获取到微博数据
2026-07-26 21:02:06,550 - INFO - 📊 监控完成: 0/1 成功, 共获取 0 条微博
2026-07-27 03:27:07,884 - INFO - 🚀 开始微博监控任务
2026-07-27 03:27:07,884 - INFO - 开始监控账号: 测试账号 (7852949543)
2026-07-27 03:27:07,884 - ERROR - 获取用户信息异常: 'request_delay'
2026-07-27 03:27:10,612 - ERROR - 获取containerid失败: Expecting value: line 1 column 1 (char 0)
2026-07-27 03:27:10,612 - WARNING - ❌ 测试账号 (7852949543): 未获取到微博数据
2026-07-27 03:27:10,612 - INFO - 📊 监控完成: 0/1 成功, 共获取 0 条微博
2026-07-27 07:35:09,778 - INFO - 🚀 开始微博监控任务
2026-07-27 07:35:09,779 - INFO - 开始监控账号: 测试账号 (7852949543)
2026-07-27 07:35:09,779 - ERROR - 获取用户信息异常: 'request_delay'
2026-07-27 07:35:16,073 - ERROR - 获取containerid失败: Expecting value: line 1 column 1 (char 0)
2026-07-27 07:35:16,073 - WARNING - ❌ 测试账号 (7852949543): 未获取到微博数据
2026-07-27 07:35:16,074 - INFO - 📊 监控完成: 0/1 成功, 共获取 0 条微博
2026-07-27 11:26:52,890 - INFO - 🚀 开始微博监控任务
2026-07-27 11:26:52,890 - INFO - 开始监控账号: 测试账号 (7852949543)
2026-07-27 11:26:52,890 - ERROR - 获取用户信息异常: 'request_delay'
2026-07-27 11:26:55,067 - ERROR - 获取containerid失败: Expecting value: line 1 column 1 (char 0)
2026-07-27 11:26:55,067 - WARNING - ❌ 测试账号 (7852949543): 未获取到微博数据
2026-07-27 11:26:55,067 - INFO - 📊 监控完成: 0/1 成功, 共获取 0 条微博
2026-07-27 14:41:04,222 - INFO - 🚀 开始微博监控任务
2026-07-27 14:41:04,222 - INFO - 开始监控账号: 测试账号 (7852949543)
2026-07-27 14:41:04,222 - ERROR - 获取用户信息异常: 'request_delay'
2026-07-27 14:41:08,086 - ERROR - 获取containerid失败: Expecting value: line 1 column 1 (char 0)
2026-07-27 14:41:08,086 - WARNING - ❌ 测试账号 (7852949543): 未获取到微博数据
2026-07-27 14:41:08,087 - INFO - 📊 监控完成: 0/1 成功, 共获取 0 条微博
2026-07-27 17:44:41,992 - INFO - 🚀 开始微博监控任务
2026-07-27 17:44:41,992 - INFO - 开始监控账号: 测试账号 (7852949543)
2026-07-27 17:44:41,992 - ERROR - 获取用户信息异常: 'request_delay'
2026-07-27 17:44:45,151 - ERROR - 获取containerid失败: Expecting value: line 1 column 1 (char 0)
2026-07-27 17:44:45,151 - WARNING - ❌ 测试账号 (7852949543): 未获取到微博数据
2026-07-27 17:44:45,152 - INFO - 📊 监控完成: 0/1 成功, 共获取 0 条微博
2026-07-27 21:13:47,068 - INFO - 🚀 开始微博监控任务
2026-07-27 21:13:47,069 - INFO - 开始监控账号: 测试账号 (7852949543)
2026-07-27 21:13:47,069 - ERROR - 获取用户信息异常: 'request_delay'
2026-07-27 21:13:50,151 - ERROR - 获取containerid失败: Expecting value: line 1 column 1 (char 0)
2026-07-27 21:13:50,151 - WARNING - ❌ 测试账号 (7852949543): 未获取到微博数据
2026-07-27 21:13:50,152 - INFO - 📊 监控完成: 0/1 成功, 共获取 0 条微博
2026-07-28 02:44:09,164 - INFO - 🚀 开始微博监控任务
2026-07-28 02:44:09,164 - INFO - 开始监控账号: 测试账号 (7852949543)
2026-07-28 02:44:09,164 - ERROR - 获取用户信息异常: 'request_delay'
2026-07-28 02:44:11,539 - ERROR - 获取containerid失败: Expecting value: line 1 column 1 (char 0)
2026-07-28 02:44:11,539 - WARNING - ❌ 测试账号 (7852949543): 未获取到微博数据
2026-07-28 02:44:11,540 - INFO - 📊 监控完成: 0/1 成功, 共获取 0 条微博
2026-07-28 06:28:57,993 - INFO - 🚀 开始微博监控任务
2026-07-28 06:28:57,993 - INFO - 开始监控账号: 测试账号 (7852949543)
2026-07-28 06:28:57,993 - ERROR - 获取用户信息异常: 'request_delay'
2026-07-28 06:29:01,862 - ERROR - 获取containerid失败: Expecting value: line 1 column 1 (char 0)
2026-07-28 06:29:01,862 - WARNING - ❌ 测试账号 (7852949543): 未获取到微博数据
2026-07-28 06:29:01,863 - INFO - 📊 监控完成: 0/1 成功, 共获取 0 条微博
2026-07-28 10:38:30,066 - INFO - 🚀 开始微博监控任务
2026-07-28 10:38:30,066 - INFO - 开始监控账号: 测试账号 (7852949543)
2026-07-28 10:38:30,066 - ERROR - 获取用户信息异常: 'request_delay'
2026-07-28 10:38:33,031 - ERROR - 获取containerid失败: Expecting value: line 1 column 1 (char 0)
2026-07-28 10:38:33,031 - WARNING - ❌ 测试账号 (7852949543): 未获取到微博数据
2026-07-28 10:38:33,031 - INFO - 📊 监控完成: 0/1 成功, 共获取 0 条微博
2026-07-28 14:12:58,310 - INFO - 🚀 开始微博监控任务
2026-07-28 14:12:58,310 - INFO - 开始监控账号: 测试账号 (7852949543)
2026-07-28 14:12:58,310 - ERROR - 获取用户信息异常: 'request_delay'
2026-07-28 14:13:01,299 - ERROR - 获取containerid失败: Expecting value: line 1 column 1 (char 0)
2026-07-28 14:13:01,299 - WARNING - ❌ 测试账号 (7852949543): 未获取到微博数据
2026-07-28 14:13:01,299 - INFO - 📊 监控完成: 0/1 成功, 共获取 0 条微博
2026-07-28 17:37:02,675 - INFO - 🚀 开始微博监控任务
2026-07-28 17:37:02,675 - INFO - 开始监控账号: 测试账号 (7852949543)
2026-07-28 17:37:02,675 - ERROR - 获取用户信息异常: 'request_delay'
2026-07-28 17:37:05,788 - ERROR - 获取containerid失败: Expecting value: line 1 column 1 (char 0)
2026-07-28 17:37:05,788 - WARNING - ❌ 测试账号 (7852949543): 未获取到微博数据
2026-07-28 17:37:05,789 - INFO - 📊 监控完成: 0/1 成功, 共获取 0 条微博
2026-07-28 21:10:38,797 - INFO - 🚀 开始微博监控任务
2026-07-28 21:10:38,797 - INFO - 开始监控账号: 测试账号 (7852949543)
2026-07-28 21:10:38,797 - ERROR - 获取用户信息异常: 'request_delay'
2026-07-28 21:10:41,422 - ERROR - 获取containerid失败: Expecting value: line 1 column 1 (char 0)
2026-07-28 21:10:41,422 - WARNING - ❌ 测试账号 (7852949543): 未获取到微博数据
2026-07-28 21:10:41,423 - INFO - 📊 监控完成: 0/1 成功, 共获取 0 条微博
2026-07-29 02:51:18,941 - INFO - 🚀 开始微博监控任务
2026-07-29 02:51:18,941 - INFO - 开始监控账号: 测试账号 (7852949543)
2026-07-29 02:51:18,941 - ERROR - 获取用户信息异常: 'request_delay'
2026-07-29 02:51:21,520 - ERROR - 获取containerid失败: Expecting value: line 1 column 1 (char 0)
2026-07-29 02:51:21,520 - WARNING - ❌ 测试账号 (7852949543): 未获取到微博数据
2026-07-29 02:51:21,521 - INFO - 📊 监控完成: 0/1 成功, 共获取 0 条微博
2026-07-29 06:33:41,253 - INFO - 🚀 开始微博监控任务
2026-07-29 06:33:41,253 - INFO - 开始监控账号: 测试账号 (7852949543)
2026-07-29 06:33:41,253 - ERROR - 获取用户信息异常: 'request_delay'
2026-07-29 06:33:43,320 - ERROR - 获取containerid失败: Expecting value: line 1 column 1 (char 0)
2026-07-29 06:33:43,321 - WARNING - ❌ 测试账号 (7852949543): 未获取到微博数据
2026-07-29 06:33:43,321 - INFO - 📊 监控完成: 0/1 成功, 共获取 0 条微博
2026-07-29 10:41:27,389 - INFO - 🚀 开始微博监控任务
2026-07-29 10:41:27,390 - INFO - 开始监控账号: 测试账号 (7852949543)
2026-07-29 10:41:27,390 - ERROR - 获取用户信息异常: 'request_delay'
2026-07-29 10:41:31,562 - ERROR - 获取containerid失败: Expecting value: line 1 column 1 (char 0)
2026-07-29 10:41:31,562 - WARNING - ❌ 测试账号 (7852949543): 未获取到微博数据
2026-07-29 10:41:31,563 - INFO - 📊 监控完成: 0/1 成功, 共获取 0 条微博
2026-07-29 14:16:22,221 - INFO - 🚀 开始微博监控任务
2026-07-29 14:16:22,221 - INFO - 开始监控账号: 测试账号 (7852949543)
2026-07-29 14:16:22,221 - ERROR - 获取用户信息异常: 'request_delay'
2026-07-29 14:16:24,573 - ERROR - 获取containerid失败: Expecting value: line 1 column 1 (char 0)
2026-07-29 14:16:24,574 - WARNING - ❌ 测试账号 (7852949543): 未获取到微博数据
2026-07-29 14:16:24,574 - INFO - 📊 监控完成: 0/1 成功, 共获取 0 条微博
2026-07-29 17:17:39,426 - INFO - 🚀 开始微博监控任务
2026-07-29 17:17:39,426 - INFO - 开始监控账号: 测试账号 (7852949543)
2026-07-29 17:17:39,426 - ERROR - 获取用户信息异常: 'request_delay'
2026-07-29 17:17:43,843 - ERROR - 获取containerid失败: Expecting value: line 1 column 1 (char 0)
2026-07-29 17:17:43,843 - WARNING - ❌ 测试账号 (7852949543): 未获取到微博数据
2026-07-29 17:17:43,843 - INFO - 📊 监控完成: 0/1 成功, 共获取 0 条微博
2026-07-29 20:59:04,021 - INFO - 🚀 开始微博监控任务
2026-07-29 20:59:04,021 - INFO - 开始监控账号: 测试账号 (7852949543)
2026-07-29 20:59:04,021 - ERROR - 获取用户信息异常: 'request_delay'
2026-07-29 20:59:08,057 - ERROR - 获取containerid失败: Expecting value: line 1 column 1 (char 0)
2026-07-29 20:59:08,057 - WARNING - ❌ 测试账号 (7852949543): 未获取到微博数据
2026-07-29 20:59:08,058 - INFO - 📊 监控完成: 0/1 成功, 共获取 0 条微博
2026-07-30 02:35:54,800 - INFO - 🚀 开始微博监控任务
2026-07-30 02:35:54,800 - INFO - 开始监控账号: 测试账号 (7852949543)
2026-07-30 02:35:54,800 - ERROR - 获取用户信息异常: 'request_delay'
2026-07-30 02:35:58,033 - ERROR - 获取containerid失败: Expecting value: line 1 column 1 (char 0)
2026-07-30 02:35:58,033 - WARNING - ❌ 测试账号 (7852949543): 未获取到微博数据
2026-07-30 02:35:58,033 - INFO - 📊 监控完成: 0/1 成功, 共获取 0 条微博
2026-07-30 06:30:38,474 - INFO - 🚀 开始微博监控任务
2026-07-30 06:30:38,475 - INFO - 开始监控账号: 测试账号 (7852949543)
2026-07-30 06:30:38,475 - ERROR - 获取用户信息异常: 'request_delay'
2026-07-30 06:30:40,905 - ERROR - 获取containerid失败: Expecting value: line 1 column 1 (char 0)
2026-07-30 06:30:40,905 - WARNING - ❌ 测试账号 (7852949543): 未获取到微博数据
2026-07-30 06:30:40,905 - INFO - 📊 监控完成: 0/1 成功, 共获取 0 条微博
2026-07-30 10:27:06,783 - INFO - 🚀 开始微博监控任务
2026-07-30 10:27:06,783 - INFO - 开始监控账号: 测试账号 (7852949543)
2026-07-30 10:27:06,783 - ERROR - 获取用户信息异常: 'request_delay'
2026-07-30 10:27:10,634 - ERROR - 获取containerid失败: Expecting value: line 1 column 1 (char 0)
2026-07-30 10:27:10,634 - WARNING - ❌ 测试账号 (7852949543): 未获取到微博数据
2026-07-30 10:27:10,634 - INFO - 📊 监控完成: 0/1 成功, 共获取 0 条微博
2026-07-30 14:08:18,573 - INFO - 🚀 开始微博监控任务
2026-07-30 14:08:18,573 - INFO - 开始监控账号: 测试账号 (7852949543)
2026-07-30 14:08:18,573 - ERROR - 获取用户信息异常: 'request_delay'
2026-07-30 14:08:50,761 - ERROR - 获取containerid失败: HTTPSConnectionPool(host='visitor.passport.weibo.cn', port=443): Max retries exceeded with url: /visitor/visitor?entry=sinawap&a=enter&url=https%3A%2F%2Fm.weibo.cn%2Fapi%2Fcontainer%2FgetIndex%3Ftype%3Duid%26value%3D7852949543&domain=.weibo.cn&sudaref=&ua=php-sso_sdk_client-0.6.36&_rand=1785420500.0765 (Caused by NewConnectionError("HTTPSConnection(host='visitor.passport.weibo.cn', port=443): Failed to establish a new connection: [Errno 101] Network is unreachable"))
2026-07-30 14:08:50,761 - WARNING - ❌ 测试账号 (7852949543): 未获取到微博数据
2026-07-30 14:08:50,761 - INFO - 📊 监控完成: 0/1 成功, 共获取 0 条微博
2026-07-30 17:37:43,800 - INFO - 🚀 开始微博监控任务
2026-07-30 17:37:43,800 - INFO - 开始监控账号: 测试账号 (7852949543)
2026-07-30 17:37:43,800 - ERROR - 获取用户信息异常: 'request_delay'
2026-07-30 17:37:47,918 - ERROR - 获取containerid失败: Expecting value: line 1 column 1 (char 0)
2026-07-30 17:37:47,918 - WARNING - ❌ 测试账号 (7852949543): 未获取到微博数据
2026-07-30 17:37:47,919 - INFO - 📊 监控完成: 0/1 成功, 共获取 0 条微博
2026-07-30 21:12:51,592 - INFO - 🚀 开始微博监控任务
2026-07-30 21:12:51,592 - INFO - 开始监控账号: 测试账号 (7852949543)
2026-07-30 21:12:51,592 - ERROR - 获取用户信息异常: 'request_delay'
2026-07-30 21:12:56,611 - ERROR - 获取containerid失败: Expecting value: line 1 column 1 (char 0)
2026-07-30 21:12:56,611 - WARNING - ❌ 测试账号 (7852949543): 未获取到微博数据
2026-07-30 21:12:56,611 - INFO - 📊 监控完成: 0/1 成功, 共获取 0 条微博
2026-07-31 03:17:25,667 - INFO - 🚀 开始微博监控任务
2026-07-31 03:17:25,667 - INFO - 开始监控账号: 测试账号 (7852949543)
2026-07-31 03:17:25,667 - ERROR - 获取用户信息异常: 'request_delay'
2026-07-31 03:17:28,195 - ERROR - 获取containerid失败: Expecting value: line 1 column 1 (char 0)
2026-07-31 03:17:28,196 - WARNING - ❌ 测试账号 (7852949543): 未获取到微博数据
2026-07-31 03:17:28,196 - INFO - 📊 监控完成: 0/1 成功, 共获取 0 条微博
2026-07-31 06:46:29,447 - INFO - 🚀 开始微博监控任务
2026-07-31 06:46:29,447 - INFO - 开始监控账号: 测试账号 (7852949543)
2026-07-31 06:46:29,447 - ERROR - 获取用户信息异常: 'request_delay'
2026-07-31 06:46:31,718 - ERROR - 获取containerid失败: Expecting value: line 1 column 1 (char 0)
2026-07-31 06:46:31,718 - WARNING - ❌ 测试账号 (7852949543): 未获取到微博数据
2026-07-31 06:46:31,719 - INFO - 📊 监控完成: 0/1 成功, 共获取 0 条微博
2026-07-31 10:42:01,133 - INFO - 🚀 开始微博监控任务
2026-07-31 10:42:01,133 - INFO - 开始监控账号: 测试账号 (7852949543)
2026-07-31 10:42:01,133 - ERROR - 获取用户信息异常: 'request_delay'
2026-07-31 10:42:04,127 - ERROR - 获取containerid失败: Expecting value: line 1 column 1 (char 0)
2026-07-31 10:42:04,127 - WARNING - ❌ 测试账号 (7852949543): 未获取到微博数据
2026-07-31 10:42:04,127 - INFO - 📊 监控完成: 0/1 成功, 共获取 0 条微博
2026-07-31 14:12:51,038 - INFO - 🚀 开始微博监控任务
2026-07-31 14:12:51,038 - INFO - 开始监控账号: 测试账号 (7852949543)
2026-07-31 14:12:51,038 - ERROR - 获取用户信息异常: 'request_delay'
2026-07-31 14:12:53,460 - ERROR - 获取containerid失败: Expecting value: line 1 column 1 (char 0)
2026-07-31 14:12:53,460 - WARNING - ❌ 测试账号 (7852949543): 未获取到微博数据
2026-07-31 14:12:53,460 - INFO - 📊 监控完成: 0/1 成功, 共获取 0 条微博
2026-07-31 17:41:10,116 - INFO - 🚀 开始微博监控任务
2026-07-31 17:41:10,116 - INFO - 开始监控账号: 测试账号 (7852949543)
2026-07-31 17:41:10,116 - ERROR - 获取用户信息异常: 'request_delay'
2026-07-31 17:41:12,977 - ERROR - 获取containerid失败: Expecting value: line 1 column 1 (char 0)
2026-07-31 17:41:12,977 - WARNING - ❌ 测试账号 (7852949543): 未获取到微博数据
2026-07-31 17:41:13,013 - INFO - 📊 监控完成: 0/1 成功, 共获取 0 条微博
2026-07-31 21:07:46,184 - INFO - 🚀 开始微博监控任务
2026-07-31 21:07:46,184 - INFO - 开始监控账号: 测试账号 (7852949543)
2026-07-31 21:07:46,184 - ERROR - 获取用户信息异常: 'request_delay'
2026-07-31 21:07:49,156 - ERROR - 获取containerid失败: Expecting value: line 1 column 1 (char 0)
2026-07-31 21:07:49,156 - WARNING - ❌ 测试账号 (7852949543): 未获取到微博数据
2026-07-31 21:07:49,156 - INFO - 📊 监控完成: 0/1 成功, 共获取 0 条微博
2026-08-01 03:15:35,231 - INFO - 🚀 开始微博监控任务
2026-08-01 03:15:35,231 - INFO - 开始监控账号: 测试账号 (7852949543)
2026-08-01 03:15:35,231 - ERROR - 获取用户信息异常: 'request_delay'
2026-08-01 03:16:07,191 - ERROR - 获取containerid失败: HTTPSConnectionPool(host='visitor.passport.weibo.cn', port=443): Max retries exceeded with url: /visitor/visitor?entry=sinawap&a=enter&url=https%3A%2F%2Fm.weibo.cn%2Fapi%2Fcontainer%2FgetIndex%3Ftype%3Duid%26value%3D7852949543&domain=.weibo.cn&sudaref=&ua=php-sso_sdk_client-0.6.36&_rand=1785554136.6479 (Caused by NewConnectionError("HTTPSConnection(host='visitor.passport.weibo.cn', port=443): Failed to establish a new connection: [Errno 101] Network is unreachable"))
2026-08-01 03:16:07,191 - WARNING - ❌ 测试账号 (7852949543): 未获取到微博数据
2026-08-01 03:16:07,191 - INFO - 📊 监控完成: 0/1 成功, 共获取 0 条微博
2026-08-01 06:31:31,819 - INFO - 🚀 开始微博监控任务
2026-08-01 06:31:31,820 - INFO - 开始监控账号: 测试账号 (7852949543)
2026-08-01 06:31:31,820 - ERROR - 获取用户信息异常: 'request_delay'
2026-08-01 06:32:04,006 - ERROR - 获取containerid失败: HTTPSConnectionPool(host='visitor.passport.weibo.cn', port=443): Max retries exceeded with url: /visitor/visitor?entry=sinawap&a=enter&url=https%3A%2F%2Fm.weibo.cn%2Fapi%2Fcontainer%2FgetIndex%3Ftype%3Duid%26value%3D7852949543&domain=.weibo.cn&sudaref=&ua=php-sso_sdk_client-0.6.36&_rand=1785565893.2794 (Caused by NewConnectionError("HTTPSConnection(host='visitor.passport.weibo.cn', port=443): Failed to establish a new connection: [Errno 101] Network is unreachable"))
2026-08-01 06:32:04,006 - WARNING - ❌ 测试账号 (7852949543): 未获取到微博数据
2026-08-01 06:32:04,007 - INFO - 📊 监控完成: 0/1 成功, 共获取 0 条微博
2026-08-01 10:01:42,815 - INFO - 🚀 开始微博监控任务
2026-08-01 10:01:42,815 - INFO - 开始监控账号: 测试账号 (7852949543)
2026-08-01 10:01:42,815 - ERROR - 获取用户信息异常: 'request_delay'
2026-08-01 10:02:16,939 - ERROR - 获取containerid失败: Expecting value: line 1 column 1 (char 0)
2026-08-01 10:02:16,940 - WARNING - ❌ 测试账号 (7852949543): 未获取到微博数据
2026-08-01 10:02:16,940 - INFO - 📊 监控完成: 0/1 成功, 共获取 0 条微博
2026-08-01 13:26:35,603 - INFO - 🚀 开始微博监控任务
2026-08-01 13:26:35,603 - INFO - 开始监控账号: 测试账号 (7852949543)
2026-08-01 13:26:35,603 - ERROR - 获取用户信息异常: 'request_delay'
2026-08-01 13:26:38,334 - ERROR - 获取containerid失败: Expecting value: line 1 column 1 (char 0)
2026-08-01 13:26:38,334 - WARNING - ❌ 测试账号 (7852949543): 未获取到微博数据
2026-08-01 13:26:38,334 - INFO - 📊 监控完成: 0/1 成功, 共获取 0 条微博
2026-08-01 17:02:43,272 - INFO - 🚀 开始微博监控任务
2026-08-01 17:02:43,273 - INFO - 开始监控账号: 测试账号 (7852949543)
2026-08-01 17:02:43,273 - ERROR - 获取用户信息异常: 'request_delay'
2026-08-01 17:02:46,559 - ERROR - 获取containerid失败: Expecting value: line 1 column 1 (char 0)
2026-08-01 17:02:46,559 - WARNING - ❌ 测试账号 (7852949543): 未获取到微博数据
2026-08-01 17:02:46,559 - INFO - 📊 监控完成: 0/1 成功, 共获取 0 条微博
2026-08-01 20:56:17,977 - INFO - 🚀 开始微博监控任务
2026-08-01 20:56:17,977 - INFO - 开始监控账号: 测试账号 (7852949543)
2026-08-01 20:56:17,978 - ERROR - 获取用户信息异常: 'request_delay'
2026-08-01 20:56:22,190 - ERROR - 获取containerid失败: Expecting value: line 1 column 1 (char 0)
2026-08-01 20:56:22,190 - WARNING - ❌ 测试账号 (7852949543): 未获取到微博数据
2026-08-01 20:56:22,190 - INFO - 📊 监控完成: 0/1 成功, 共获取 0 条微博
2026-08-02 03:15:58,566 - INFO - 🚀 开始微博监控任务
2026-08-02 03:15:58,566 - INFO - 开始监控账号: 测试账号 (7852949543)
2026-08-02 03:15:58,566 - ERROR - 获取用户信息异常: 'request_delay'
2026-08-02 03:16:01,092 - ERROR - 获取containerid失败: Expecting value: line 1 column 1 (char 0)
2026-08-02 03:16:01,092 - WARNING - ❌ 测试账号 (7852949543): 未获取到微博数据
2026-08-02 03:16:01,092 - INFO - 📊 监控完成: 0/1 成功, 共获取 0 条微博
2026-08-02 06:35:06,734 - INFO - 🚀 开始微博监控任务
2026-08-02 06:35:06,734 - INFO - 开始监控账号: 测试账号 (7852949543)
2026-08-02 06:35:06,734 - ERROR - 获取用户信息异常: 'request_delay'
2026-08-02 06:35:09,266 - ERROR - 获取containerid失败: Expecting value: line 1 column 1 (char 0)
2026-08-02 06:35:09,266 - WARNING - ❌ 测试账号 (7852949543): 未获取到微博数据
2026-08-02 06:35:09,267 - INFO - 📊 监控完成: 0/1 成功, 共获取 0 条微博
2026-08-02 09:59:57,336 - INFO - 🚀 开始微博监控任务
2026-08-02 09:59:57,336 - INFO - 开始监控账号: 测试账号 (7852949543)
2026-08-02 09:59:57,336 - ERROR - 获取用户信息异常: 'request_delay'
2026-08-02 09:59:59,654 - ERROR - 获取containerid失败: Expecting value: line 1 column 1 (char 0)
2026-08-02 09:59:59,654 - WARNING - ❌ 测试账号 (7852949543): 未获取到微博数据
2026-08-02 09:59:59,655 - INFO - 📊 监控完成: 0/1 成功, 共获取 0 条微博
2026-08-02 13:26:48,878 - INFO - 🚀 开始微博监控任务
2026-08-02 13:26:48,878 - INFO - 开始监控账号: 测试账号 (7852949543)
2026-08-02 13:26:48,878 - ERROR - 获取用户信息异常: 'request_delay'
2026-08-02 13:26:50,877 - ERROR - 获取containerid失败: Expecting value: line 1 column 1 (char 0)
2026-08-02 13:26:50,877 - WARNING - ❌ 测试账号 (7852949543): 未获取到微博数据
2026-08-02 13:26:50,877 - INFO - 📊 监控完成: 0/1 成功, 共获取 0 条微博
2026-08-02 17:02:29,248 - INFO - 🚀 开始微博监控任务
2026-08-02 17:02:29,248 - INFO - 开始监控账号: 测试账号 (7852949543)
2026-08-02 17:02:29,248 - ERROR - 获取用户信息异常: 'request_delay'
2026-08-02 17:03:01,071 - ERROR - 获取containerid失败: HTTPSConnectionPool(host='visitor.passport.weibo.cn', port=443): Max retries exceeded with url: /visitor/visitor?entry=sinawap&a=enter&url=https%3A%2F%2Fm.weibo.cn%2Fapi%2Fcontainer%2FgetIndex%3Ftype%3Duid%26value%3D7852949543&domain=.weibo.cn&sudaref=&ua=php-sso_sdk_client-0.6.36&_rand=1785690150.5557 (Caused by NewConnectionError("HTTPSConnection(host='visitor.passport.weibo.cn', port=443): Failed to establish a new connection: [Errno 101] Network is unreachable"))
2026-08-02 17:03:01,072 - WARNING - ❌ 测试账号 (7852949543): 未获取到微博数据
2026-08-02 17:03:01,072 - INFO - 📊 监控完成: 0/1 成功, 共获取 0 条微博
2026-08-02 20:58:10,855 - INFO - 🚀 开始微博监控任务
2026-08-02 20:58:10,855 - INFO - 开始监控账号: 测试账号 (7852949543)
2026-08-02 20:58:10,855 - ERROR - 获取用户信息异常: 'request_delay'
2026-08-02 20:58:14,290 - ERROR - 获取containerid失败: Expecting value: line 1 column 1 (char 0)
2026-08-02 20:58:14,290 - WARNING - ❌ 测试账号 (7852949543): 未获取到微博数据
2026-08-02 20:58:14,290 - INFO - 📊 监控完成: 0/1 成功, 共获取 0 条微博
2026-08-03 03:17:42,292 - INFO - 🚀 开始微博监控任务
2026-08-03 03:17:42,292 - INFO - 开始监控账号: 测试账号 (7852949543)
2026-08-03 03:17:42,292 - ERROR - 获取用户信息异常: 'request_delay'
2026-08-03 03:17:45,673 - ERROR - 获取containerid失败: Expecting value: line 1 column 1 (char 0)
2026-08-03 03:17:45,673 - WARNING - ❌ 测试账号 (7852949543): 未获取到微博数据
2026-08-03 03:17:45,723 - INFO - 📊 监控完成: 0/1 成功, 共获取 0 条微博
2026-08-03 07:30:52,523 - INFO - 🚀 开始微博监控任务
2026-08-03 07:30:52,523 - INFO - 开始监控账号: 测试账号 (7852949543)
2026-08-03 07:30:52,523 - ERROR - 获取用户信息异常: 'request_delay'
2026-08-03 07:30:56,032 - ERROR - 获取containerid失败: Expecting value: line 1 column 1 (char 0)
2026-08-03 07:30:56,032 - WARNING - ❌ 测试账号 (7852949543): 未获取到微博数据
2026-08-03 07:30:56,033 - INFO - 📊 监控完成: 0/1 成功, 共获取 0 条微博
2026-08-03 11:27:24,677 - INFO - 🚀 开始微博监控任务
2026-08-03 11:27:24,678 - INFO - 开始监控账号: 测试账号 (7852949543)
2026-08-03 11:27:24,678 - ERROR - 获取用户信息异常: 'request_delay'
2026-08-03 11:27:27,631 - ERROR - 获取containerid失败: Expecting value: line 1 column 1 (char 0)
2026-08-03 11:27:27,631 - WARNING - ❌ 测试账号 (7852949543): 未获取到微博数据
2026-08-03 11:27:27,632 - INFO - 📊 监控完成: 0/1 成功, 共获取 0 条微博
2026-08-03 14:44:52,009 - INFO - 🚀 开始微博监控任务
2026-08-03 14:44:52,010 - INFO - 开始监控账号: 测试账号 (7852949543)
2026-08-03 14:44:52,010 - ERROR - 获取用户信息异常: 'request_delay'
2026-08-03 14:44:55,476 - ERROR - 获取containerid失败: Expecting value: line 1 column 1 (char 0)
2026-08-03 14:44:55,476 - WARNING - ❌ 测试账号 (7852949543): 未获取到微博数据
2026-08-03 14:44:55,476 - INFO - 📊 监控完成: 0/1 成功, 共获取 0 条微博
2026-08-03 17:53:02,189 - INFO - 🚀 开始微博监控任务
2026-08-03 17:53:02,189 - INFO - 开始监控账号: 测试账号 (7852949543)
2026-08-03 17:53:02,189 - ERROR - 获取用户信息异常: 'request_delay'
2026-08-03 17:53:04,985 - ERROR - 获取containerid失败: Expecting value: line 1 column 1 (char 0)
2026-08-03 17:53:04,985 - WARNING - ❌ 测试账号 (7852949543): 未获取到微博数据
2026-08-03 17:53:04,986 - INFO - 📊 监控完成: 0/1 成功, 共获取 0 条微博
2026-08-03 21:05:33,489 - INFO - 🚀 开始微博监控任务
2026-08-03 21:05:33,489 - INFO - 开始监控账号: 测试账号 (7852949543)
2026-08-03 21:05:33,489 - ERROR - 获取用户信息异常: 'request_delay'
2026-08-03 21:06:06,827 - ERROR - 获取containerid失败: Expecting value: line 1 column 1 (char 0)
2026-08-03 21:06:06,827 - WARNING - ❌ 测试账号 (7852949543): 未获取到微博数据
2026-08-03 21:06:06,828 - INFO - 📊 监控完成: 0/1 成功, 共获取 0 条微博
2026-08-04 02:46:46,080 - INFO - 🚀 开始微博监控任务
2026-08-04 02:46:46,080 - INFO - 开始监控账号: 测试账号 (7852949543)
2026-08-04 02:46:46,080 - ERROR - 获取用户信息异常: 'request_delay'
2026-08-04 02:46:49,079 - ERROR - 获取containerid失败: Expecting value: line 1 column 1 (char 0)
2026-08-04 02:46:49,079 - WARNING - ❌ 测试账号 (7852949543): 未获取到微博数据
2026-08-04 02:46:49,110 - INFO - 📊 监控完成: 0/1 成功, 共获取 0 条微博
2026-08-04 06:29:50,259 - INFO - 🚀 开始微博监控任务
2026-08-04 06:29:50,259 - INFO - 开始监控账号: 测试账号 (7852949543)
2026-08-04 06:29:50,259 - ERROR - 获取用户信息异常: 'request_delay'
2026-08-04 06:29:52,467 - ERROR - 获取containerid失败: Expecting value: line 1 column 1 (char 0)
2026-08-04 06:29:52,467 - WARNING - ❌ 测试账号 (7852949543): 未获取到微博数据
2026-08-04 06:29:52,468 - INFO - 📊 监控完成: 0/1 成功, 共获取 0 条微博
2026-08-04 10:41:51,690 - INFO - 🚀 开始微博监控任务
2026-08-04 10:41:51,690 - INFO - 开始监控账号: 测试账号 (7852949543)
2026-08-04 10:41:51,690 - ERROR - 获取用户信息异常: 'request_delay'
2026-08-04 10:41:55,152 - ERROR - 获取containerid失败: Expecting value: line 1 column 1 (char 0)
2026-08-04 10:41:55,153 - WARNING - ❌ 测试账号 (7852949543): 未获取到微博数据
2026-08-04 10:41:55,153 - INFO - 📊 监控完成: 0/1 成功, 共获取 0 条微博
2026-08-04 14:21:22,312 - INFO - 🚀 开始微博监控任务
2026-08-04 14:21:22,312 - INFO - 开始监控账号: 测试账号 (7852949543)
2026-08-04 14:21:22,312 - ERROR - 获取用户信息异常: 'request_delay'
2026-08-04 14:21:24,467 - ERROR - 获取containerid失败: Expecting value: line 1 column 1 (char 0)
2026-08-04 14:21:24,467 - WARNING - ❌ 测试账号 (7852949543): 未获取到微博数据
2026-08-04 14:21:24,468 - INFO - 📊 监控完成: 0/1 成功, 共获取 0 条微博
2026-08-04 17:50:44,036 - INFO - 🚀 开始微博监控任务
2026-08-04 17:50:44,036 - INFO - 开始监控账号: 测试账号 (7852949543)
2026-08-04 17:50:44,036 - ERROR - 获取用户信息异常: 'request_delay'
2026-08-04 17:50:46,645 - ERROR - 获取containerid失败: Expecting value: line 1 column 1 (char 0)
2026-08-04 17:50:46,645 - WARNING - ❌ 测试账号 (7852949543): 未获取到微博数据
2026-08-04 17:50:46,645 - INFO - 📊 监控完成: 0/1 成功, 共获取 0 条微博
2026-08-04 21:14:02,099 - INFO - 🚀 开始微博监控任务
2026-08-04 21:14:02,099 - INFO - 开始监控账号: 测试账号 (7852949543)
2026-08-04 21:14:02,099 - ERROR - 获取用户信息异常: 'request_delay'
2026-08-04 21:14:05,660 - ERROR - 获取containerid失败: Expecting value: line 1 column 1 (char 0)
2026-08-04 21:14:05,660 - WARNING - ❌ 测试账号 (7852949543): 未获取到微博数据
2026-08-04 21:14:05,661 - INFO - 📊 监控完成: 0/1 成功, 共获取 0 条微博
2026-08-05 02:44:27,761 - INFO - 🚀 开始微博监控任务
2026-08-05 02:44:27,761 - INFO - 开始监控账号: 测试账号 (7852949543)
2026-08-05 02:44:27,761 - ERROR - 获取用户信息异常: 'request_delay'
2026-08-05 02:44:32,625 - ERROR - 获取containerid失败: Expecting value: line 1 column 1 (char 0)
2026-08-05 02:44:32,625 - WARNING - ❌ 测试账号 (7852949543): 未获取到微博数据
2026-08-05 02:44:32,626 - INFO - 📊 监控完成: 0/1 成功, 共获取 0 条微博
2026-08-05 06:30:12,184 - INFO - 🚀 开始微博监控任务
2026-08-05 06:30:12,184 - INFO - 开始监控账号: 测试账号 (7852949543)
2026-08-05 06:30:12,185 - ERROR - 获取用户信息异常: 'request_delay'
2026-08-05 06:30:15,749 - ERROR - 获取containerid失败: Expecting value: line 1 column 1 (char 0)
2026-08-05 06:30:15,749 - WARNING - ❌ 测试账号 (7852949543): 未获取到微博数据
2026-08-05 06:30:15,749 - INFO - 📊 监控完成: 0/1 成功, 共获取 0 条微博
2026-08-05 10:38:10,001 - INFO - 🚀 开始微博监控任务
2026-08-05 10:38:10,001 - INFO - 开始监控账号: 测试账号 (7852949543)
2026-08-05 10:38:10,001 - ERROR - 获取用户信息异常: 'request_delay'
2026-08-05 10:38:13,207 - ERROR - 获取containerid失败: Expecting value: line 1 column 1 (char 0)
2026-08-05 10:38:13,207 - WARNING - ❌ 测试账号 (7852949543): 未获取到微博数据
2026-08-05 10:38:13,208 - INFO - 📊 监控完成: 0/1 成功, 共获取 0 条微博
2026-08-05 14:14:37,281 - INFO - 🚀 开始微博监控任务
2026-08-05 14:14:37,281 - INFO - 开始监控账号: 测试账号 (7852949543)
2026-08-05 14:14:37,281 - ERROR - 获取用户信息异常: 'request_delay'
2026-08-05 14:14:39,434 - ERROR - 获取containerid失败: Expecting value: line 1 column 1 (char 0)
2026-08-05 14:14:39,434 - WARNING - ❌ 测试账号 (7852949543): 未获取到微博数据
2026-08-05 14:14:39,435 - INFO - 📊 监控完成: 0/1 成功, 共获取 0 条微博
2026-08-05 17:41:27,576 - INFO - 🚀 开始微博监控任务
2026-08-05 17:41:27,576 - INFO - 开始监控账号: 测试账号 (7852949543)
2026-08-05 17:41:27,577 - ERROR - 获取用户信息异常: 'request_delay'
2026-08-05 17:41:31,248 - ERROR - 获取containerid失败: Expecting value: line 1 column 1 (char 0)
2026-08-05 17:41:31,249 - WARNING - ❌ 测试账号 (7852949543): 未获取到微博数据
2026-08-05 17:41:31,249 - INFO - 📊 监控完成: 0/1 成功, 共获取 0 条微博
2026-08-05 21:13:10,570 - INFO - 🚀 开始微博监控任务
2026-08-05 21:13:10,570 - INFO - 开始监控账号: 测试账号 (7852949543)
2026-08-05 21:13:10,570 - ERROR - 获取用户信息异常: 'request_delay'
2026-08-05 21:13:12,736 - ERROR - 获取containerid失败: Expecting value: line 1 column 1 (char 0)
2026-08-05 21:13:12,736 - WARNING - ❌ 测试账号 (7852949543): 未获取到微博数据
2026-08-05 21:13:12,737 - INFO - 📊 监控完成: 0/1 成功, 共获取 0 条微博
2026-08-06 02:47:07,920 - INFO - 🚀 开始微博监控任务
2026-08-06 02:47:07,920 - INFO - 开始监控账号: 测试账号 (7852949543)
2026-08-06 02:47:07,920 - ERROR - 获取用户信息异常: 'request_delay'
2026-08-06 02:47:10,144 - ERROR - 获取containerid失败: Expecting value: line 1 column 1 (char 0)
2026-08-06 02:47:10,144 - WARNING - ❌ 测试账号 (7852949543): 未获取到微博数据
2026-08-06 02:47:10,145 - INFO - 📊 监控完成: 0/1 成功, 共获取 0 条微博
2026-08-06 06:33:25,527 - INFO - 🚀 开始微博监控任务
2026-08-06 06:33:25,528 - INFO - 开始监控账号: 测试账号 (7852949543)
2026-08-06 06:33:25,528 - ERROR - 获取用户信息异常: 'request_delay'
2026-08-06 06:33:28,544 - ERROR - 获取containerid失败: Expecting value: line 1 column 1 (char 0)
2026-08-06 06:33:28,544 - WARNING - ❌ 测试账号 (7852949543): 未获取到微博数据
2026-08-06 06:33:28,544 - INFO - 📊 监控完成: 0/1 成功, 共获取 0 条微博
2026-08-06 10:41:34,673 - INFO - 🚀 开始微博监控任务
2026-08-06 10:41:34,673 - INFO - 开始监控账号: 测试账号 (7852949543)
2026-08-06 10:41:34,673 - ERROR - 获取用户信息异常: 'request_delay'
2026-08-06 10:41:38,053 - ERROR - 获取containerid失败: Expecting value: line 1 column 1 (char 0)
2026-08-06 10:41:38,053 - WARNING - ❌ 测试账号 (7852949543): 未获取到微博数据
2026-08-06 10:41:38,054 - INFO - 📊 监控完成: 0/1 成功, 共获取 0 条微博
2026-08-06 14:18:38,229 - INFO - 🚀 开始微博监控任务
2026-08-06 14:18:38,229 - INFO - 开始监控账号: 测试账号 (7852949543)
2026-08-06 14:18:38,229 - ERROR - 获取用户信息异常: 'request_delay'
2026-08-06 14:18:41,625 - ERROR - 获取containerid失败: Expecting value: line 1 column 1 (char 0)
2026-08-06 14:18:41,625 - WARNING - ❌ 测试账号 (7852949543): 未获取到微博数据
2026-08-06 14:18:41,625 - INFO - 📊 监控完成: 0/1 成功, 共获取 0 条微博
2026-08-07 00:52:59,264 - INFO - 🚀 开始微博监控任务
2026-08-07 00:52:59,264 - INFO - 开始监控账号: 测试账号 (7852949543)
2026-08-07 00:52:59,264 - ERROR - 获取用户信息异常: 'request_delay'
2026-08-07 00:53:02,199 - ERROR - 获取containerid失败: Expecting value: line 1 column 1 (char 0)
2026-08-07 00:53:02,199 - WARNING - ❌ 测试账号 (7852949543): 未获取到微博数据
2026-08-07 00:53:02,199 - INFO - 📊 监控完成: 0/1 成功, 共获取 0 条微博
2026-08-07 05:41:54,160 - INFO - 🚀 开始微博监控任务
2026-08-07 05:41:54,160 - INFO - 开始监控账号: 测试账号 (7852949543)
2026-08-07 05:41:54,160 - ERROR - 获取用户信息异常: 'request_delay'
2026-08-07 05:41:56,330 - ERROR - 获取containerid失败: Expecting value: line 1 column 1 (char 0)
2026-08-07 05:41:56,330 - WARNING - ❌ 测试账号 (7852949543): 未获取到微博数据
2026-08-07 05:41:56,331 - INFO - 📊 监控完成: 0/1 成功, 共获取 0 条微博
2026-08-07 09:01:54,068 - INFO - 🚀 开始微博监控任务
2026-08-07 09:01:54,068 - INFO - 开始监控账号: 测试账号 (7852949543)
2026-08-07 09:01:54,068 - ERROR - 获取用户信息异常: 'request_delay'
2026-08-07 09:01:56,240 - ERROR - 获取containerid失败: Expecting value: line 1 column 1 (char 0)
2026-08-07 09:01:56,240 - WARNING - ❌ 测试账号 (7852949543): 未获取到微博数据
2026-08-07 09:01:56,240 - INFO - 📊 监控完成: 0/1 成功, 共获取 0 条微博
2026-08-07 13:09:23,691 - INFO - 🚀 开始微博监控任务
2026-08-07 13:09:23,691 - INFO - 开始监控账号: 测试账号 (7852949543)
2026-08-07 13:09:23,691 - ERROR - 获取用户信息异常: 'request_delay'
2026-08-07 13:09:25,837 - ERROR - 获取containerid失败: Expecting value: line 1 column 1 (char 0)
2026-08-07 13:09:25,837 - WARNING - ❌ 测试账号 (7852949543): 未获取到微博数据
2026-08-07 13:09:25,837 - INFO - 📊 监控完成: 0/1 成功, 共获取 0 条微博
2026-08-07 16:56:05,415 - INFO - 🚀 开始微博监控任务
2026-08-07 16:56:05,415 - INFO - 开始监控账号: 测试账号 (7852949543)
2026-08-07 16:56:05,415 - ERROR - 获取用户信息异常: 'request_delay'
2026-08-07 16:56:10,369 - ERROR - 获取containerid失败: Expecting value: line 1 column 1 (char 0)
2026-08-07 16:56:10,369 - WARNING - ❌ 测试账号 (7852949543): 未获取到微博数据
2026-08-07 16:56:10,370 - INFO - 📊 监控完成: 0/1 成功, 共获取 0 条微博
2026-08-07 20:43:16,420 - INFO - 🚀 开始微博监控任务
2026-08-07 20:43:16,420 - INFO - 开始监控账号: 测试账号 (7852949543)
2026-08-07 20:43:16,420 - ERROR - 获取用户信息异常: 'request_delay'
2026-08-07 20:43:19,419 - ERROR - 获取containerid失败: Expecting value: line 1 column 1 (char 0)
2026-08-07 20:43:19,419 - WARNING - ❌ 测试账号 (7852949543): 未获取到微博数据
2026-08-07 20:43:19,457 - INFO - 📊 监控完成: 0/1 成功, 共获取 0 条微博
2026-08-08 01:49:23,013 - INFO - 🚀 开始微博监控任务
2026-08-08 01:49:23,013 - INFO - 开始监控账号: 测试账号 (7852949543)
2026-08-08 01:49:23,013 - ERROR - 获取用户信息异常: 'request_delay'
2026-08-08 01:49:25,644 - ERROR - 获取containerid失败: Expecting value: line 1 column 1 (char 0)
2026-08-08 01:49:25,644 - WARNING - ❌ 测试账号 (7852949543): 未获取到微博数据
2026-08-08 01:49:25,644 - INFO - 📊 监控完成: 0/1 成功, 共获取 0 条微博
2026-08-08 04:59:14,790 - INFO - 🚀 开始微博监控任务
2026-08-08 04:59:14,790 - INFO - 开始监控账号: 测试账号 (7852949543)
2026-08-08 04:59:14,790 - ERROR - 获取用户信息异常: 'request_delay'
2026-08-08 04:59:17,933 - ERROR - 获取containerid失败: Expecting value: line 1 column 1 (char 0)
2026-08-08 04:59:17,933 - WARNING - ❌ 测试账号 (7852949543): 未获取到微博数据
2026-08-08 04:59:17,934 - INFO - 📊 监控完成: 0/1 成功, 共获取 0 条微博
2026-08-08 08:44:55,150 - INFO - 🚀 开始微博监控任务
2026-08-08 08:44:55,151 - INFO - 开始监控账号: 测试账号 (7852949543)
2026-08-08 08:44:55,151 - ERROR - 获取用户信息异常: 'request_delay'
2026-08-08 08:44:57,314 - ERROR - 获取containerid失败: Expecting value: line 1 column 1 (char 0)
2026-08-08 08:44:57,315 - WARNING - ❌ 测试账号 (7852949543): 未获取到微博数据
2026-08-08 08:44:57,315 - INFO - 📊 监控完成: 0/1 成功, 共获取 0 条微博
2026-08-08 12:53:22,036 - INFO - 🚀 开始微博监控任务
2026-08-08 12:53:22,037 - INFO - 开始监控账号: 测试账号 (7852949543)
2026-08-08 12:53:22,037 - ERROR - 获取用户信息异常: 'request_delay'
2026-08-08 12:53:25,541 - ERROR - 获取containerid失败: Expecting value: line 1 column 1 (char 0)
2026-08-08 12:53:25,541 - WARNING - ❌ 测试账号 (7852949543): 未获取到微博数据
2026-08-08 12:53:25,542 - INFO - 📊 监控完成: 0/1 成功, 共获取 0 条微博
2026-08-08 16:36:39,348 - INFO - 🚀 开始微博监控任务
2026-08-08 16:36:39,348 - INFO - 开始监控账号: 测试账号 (7852949543)
2026-08-08 16:36:39,348 - ERROR - 获取用户信息异常: 'request_delay'
2026-08-08 16:36:41,825 - ERROR - 获取containerid失败: Expecting value: line 1 column 1 (char 0)
2026-08-08 16:36:41,825 - WARNING - ❌ 测试账号 (7852949543): 未获取到微博数据
2026-08-08 16:36:41,825 - INFO - 📊 监控完成: 0/1 成功, 共获取 0 条微博
2026-08-08 20:32:36,409 - INFO - 🚀 开始微博监控任务
2026-08-08 20:32:36,409 - INFO - 开始监控账号: 测试账号 (7852949543)
2026-08-08 20:32:36,409 - ERROR - 获取用户信息异常: 'request_delay'
2026-08-08 20:32:38,794 - ERROR - 获取containerid失败: Expecting value: line 1 column 1 (char 0)
2026-08-08 20:32:38,794 - WARNING - ❌ 测试账号 (7852949543): 未获取到微博数据
2026-08-08 20:32:38,794 - INFO - 📊 监控完成: 0/1 成功, 共获取 0 条微博
2026-08-09 01:55:39,435 - INFO - 🚀 开始微博监控任务
2026-08-09 01:55:39,435 - INFO - 开始监控账号: 测试账号 (7852949543)
2026-08-09 01:55:39,435 - ERROR - 获取用户信息异常: 'request_delay'
2026-08-09 01:55:42,620 - ERROR - 获取containerid失败: Expecting value: line 1 column 1 (char 0)
2026-08-09 01:55:42,620 - WARNING - ❌ 测试账号 (7852949543): 未获取到微博数据
2026-08-09 01:55:42,621 - INFO - 📊 监控完成: 0/1 成功, 共获取 0 条微博
2026-08-09 05:08:14,383 - INFO - 🚀 开始微博监控任务
2026-08-09 05:08:14,383 - INFO - 开始监控账号: 测试账号 (7852949543)
2026-08-09 05:08:14,383 - ERROR - 获取用户信息异常: 'request_delay'
2026-08-09 05:08:16,869 - ERROR - 获取containerid失败: Expecting value: line 1 column 1 (char 0)
2026-08-09 05:08:16,869 - WARNING - ❌ 测试账号 (7852949543): 未获取到微博数据
2026-08-09 05:08:16,870 - INFO - 📊 监控完成: 0/1 成功, 共获取 0 条微博
2026-08-09 08:45:38,288 - INFO - 🚀 开始微博监控任务
2026-08-09 08:45:38,288 - INFO - 开始监控账号: 测试账号 (7852949543)
2026-08-09 08:45:38,288 - ERROR - 获取用户信息异常: 'request_delay'
2026-08-09 08:45:40,932 - ERROR - 获取containerid失败: Expecting value: line 1 column 1 (char 0)
2026-08-09 08:45:40,932 - WARNING - ❌ 测试账号 (7852949543): 未获取到微博数据
2026-08-09 08:45:40,932 - INFO - 📊 监控完成: 0/1 成功, 共获取 0 条微博
2026-08-09 12:55:45,095 - INFO - 🚀 开始微博监控任务
2026-08-09 12:55:45,095 - INFO - 开始监控账号: 测试账号 (7852949543)
2026-08-09 12:55:45,095 - ERROR - 获取用户信息异常: 'request_delay'
2026-08-09 12:55:48,049 - ERROR - 获取containerid失败: Expecting value: line 1 column 1 (char 0)
2026-08-09 12:55:48,049 - WARNING - ❌ 测试账号 (7852949543): 未获取到微博数据
2026-08-09 12:55:48,049 - INFO - 📊 监控完成: 0/1 成功, 共获取 0 条微博
2026-08-09 16:38:13,421 - INFO - 🚀 开始微博监控任务
2026-08-09 16:38:13,421 - INFO - 开始监控账号: 测试账号 (7852949543)
2026-08-09 16:38:13,421 - ERROR - 获取用户信息异常: 'request_delay'
2026-08-09 16:38:18,536 - ERROR - 获取containerid失败: Expecting value: line 1 column 1 (char 0)
2026-08-09 16:38:18,537 - WARNING - ❌ 测试账号 (7852949543): 未获取到微博数据
2026-08-09 16:38:18,537 - INFO - 📊 监控完成: 0/1 成功, 共获取 0 条微博
2026-08-09 20:35:11,767 - INFO - 🚀 开始微博监控任务
2026-08-09 20:35:11,767 - INFO - 开始监控账号: 测试账号 (7852949543)
2026-08-09 20:35:11,767 - ERROR - 获取用户信息异常: 'request_delay'
2026-08-09 20:35:14,604 - ERROR - 获取containerid失败: Expecting value: line 1 column 1 (char 0)
2026-08-09 20:35:14,604 - WARNING - ❌ 测试账号 (7852949543): 未获取到微博数据
2026-08-09 20:35:14,605 - INFO - 📊 监控完成: 0/1 成功, 共获取 0 条微博
2026-08-10 02:00:31,423 - INFO - 🚀 开始微博监控任务
2026-08-10 02:00:31,423 - INFO - 开始监控账号: 测试账号 (7852949543)
2026-08-10 02:00:31,423 - ERROR - 获取用户信息异常: 'request_delay'
2026-08-10 02:00:33,599 - ERROR - 获取containerid失败: Expecting value: line 1 column 1 (char 0)
2026-08-10 02:00:33,599 - WARNING - ❌ 测试账号 (7852949543): 未获取到微博数据
2026-08-10 02:00:33,599 - INFO - 📊 监控完成: 0/1 成功, 共获取 0 条微博
2026-08-10 05:35:07,147 - INFO - 🚀 开始微博监控任务
2026-08-10 05:35:07,148 - INFO - 开始监控账号: 测试账号 (7852949543)
2026-08-10 05:35:07,148 - ERROR - 获取用户信息异常: 'request_delay'
2026-08-10 05:35:09,868 - ERROR - 获取containerid失败: Expecting value: line 1 column 1 (char 0)
2026-08-10 05:35:09,868 - WARNING - ❌ 测试账号 (7852949543): 未获取到微博数据
2026-08-10 05:35:09,868 - INFO - 📊 监控完成: 0/1 成功, 共获取 0 条微博
2026-08-10 09:24:58,739 - INFO - 🚀 开始微博监控任务
2026-08-10 09:24:58,739 - INFO - 开始监控账号: 测试账号 (7852949543)
2026-08-10 09:24:58,739 - ERROR - 获取用户信息异常: 'request_delay'
2026-08-10 09:25:01,375 - ERROR - 获取containerid失败: Expecting value: line 1 column 1 (char 0)
2026-08-10 09:25:01,376 - WARNING - ❌ 测试账号 (7852949543): 未获取到微博数据
2026-08-10 09:25:01,376 - INFO - 📊 监控完成: 0/1 成功, 共获取 0 条微博
2026-08-10 13:14:10,676 - INFO - 🚀 开始微博监控任务
2026-08-10 13:14:10,676 - INFO - 开始监控账号: 测试账号 (7852949543)
2026-08-10 13:14:10,676 - ERROR - 获取用户信息异常: 'request_delay'
2026-08-10 13:14:13,698 - ERROR - 获取containerid失败: Expecting value: line 1 column 1 (char 0)
2026-08-10 13:14:13,698 - WARNING - ❌ 测试账号 (7852949543): 未获取到微博数据
2026-08-10 13:14:13,699 - INFO - 📊 监控完成: 0/1 成功, 共获取 0 条微博
2026-08-10 16:55:22,916 - INFO - 🚀 开始微博监控任务
2026-08-10 16:55:22,916 - INFO - 开始监控账号: 测试账号 (7852949543)
2026-08-10 16:55:22,916 - ERROR - 获取用户信息异常: 'request_delay'
2026-08-10 16:55:26,683 - ERROR - 获取containerid失败: Expecting value: line 1 column 1 (char 0)
2026-08-10 16:55:26,683 - WARNING - ❌ 测试账号 (7852949543): 未获取到微博数据
2026-08-10 16:55:26,684 - INFO - 📊 监控完成: 0/1 成功, 共获取 0 条微博
2026-08-10 20:44:35,956 - INFO - 🚀 开始微博监控任务
2026-08-10 20:44:35,956 - INFO - 开始监控账号: 测试账号 (7852949543)
2026-08-10 20:44:35,956 - ERROR - 获取用户信息异常: 'request_delay'
2026-08-10 20:44:39,262 - ERROR - 获取containerid失败: Expecting value: line 1 column 1 (char 0)
2026-08-10 20:44:39,262 - WARNING - ❌ 测试账号 (7852949543): 未获取到微博数据
2026-08-10 20:44:39,262 - INFO - 📊 监控完成: 0/1 成功, 共获取 0 条微博
2026-08-11 01:55:56,446 - INFO - 🚀 开始微博监控任务
2026-08-11 01:55:56,446 - INFO - 开始监控账号: 测试账号 (7852949543)
2026-08-11 01:55:56,446 - ERROR - 获取用户信息异常: 'request_delay'
2026-08-11 01:55:59,190 - ERROR - 获取containerid失败: Expecting value: line 1 column 1 (char 0)
2026-08-11 01:55:59,190 - WARNING - ❌ 测试账号 (7852949543): 未获取到微博数据
2026-08-11 01:55:59,191 - INFO - 📊 监控完成: 0/1 成功, 共获取 0 条微博
2026-08-11 05:11:26,085 - INFO - 🚀 开始微博监控任务
2026-08-11 05:11:26,085 - INFO - 开始监控账号: 测试账号 (7852949543)
2026-08-11 05:11:26,085 - ERROR - 获取用户信息异常: 'request_delay'
2026-08-11 05:11:28,309 - ERROR - 获取containerid失败: Expecting value: line 1 column 1 (char 0)
2026-08-11 05:11:28,309 - WARNING - ❌ 测试账号 (7852949543): 未获取到微博数据
2026-08-11 05:11:28,329 - INFO - 📊 监控完成: 0/1 成功, 共获取 0 条微博
2026-08-11 09:00:04,910 - INFO - 🚀 开始微博监控任务
2026-08-11 09:00:04,910 - INFO - 开始监控账号: 测试账号 (7852949543)
2026-08-11 09:00:04,910 - ERROR - 获取用户信息异常: 'request_delay'
2026-08-11 09:00:07,881 - ERROR - 获取containerid失败: Expecting value: line 1 column 1 (char 0)
2026-08-11 09:00:07,881 - WARNING - ❌ 测试账号 (7852949543): 未获取到微博数据
2026-08-11 09:00:07,882 - INFO - 📊 监控完成: 0/1 成功, 共获取 0 条微博
2026-08-11 13:10:56,367 - INFO - 🚀 开始微博监控任务
2026-08-11 13:10:56,368 - INFO - 开始监控账号: 测试账号 (7852949543)
2026-08-11 13:10:56,368 - ERROR - 获取用户信息异常: 'request_delay'
2026-08-11 13:10:59,158 - ERROR - 获取containerid失败: Expecting value: line 1 column 1 (char 0)
2026-08-11 13:10:59,158 - WARNING - ❌ 测试账号 (7852949543): 未获取到微博数据
2026-08-11 13:10:59,159 - INFO - 📊 监控完成: 0/1 成功, 共获取 0 条微博
2026-08-11 16:58:45,183 - INFO - 🚀 开始微博监控任务
2026-08-11 16:58:45,183 - INFO - 开始监控账号: 测试账号 (7852949543)
2026-08-11 16:58:45,184 - ERROR - 获取用户信息异常: 'request_delay'
2026-08-11 16:58:47,325 - ERROR - 获取containerid失败: Expecting value: line 1 column 1 (char 0)
2026-08-11 16:58:47,325 - WARNING - ❌ 测试账号 (7852949543): 未获取到微博数据
2026-08-11 16:58:47,325 - INFO - 📊 监控完成: 0/1 成功, 共获取 0 条微博
2026-08-11 20:49:00,921 - INFO - 🚀 开始微博监控任务
2026-08-11 20:49:00,921 - INFO - 开始监控账号: 测试账号 (7852949543)
2026-08-11 20:49:00,921 - ERROR - 获取用户信息异常: 'request_delay'
2026-08-11 20:49:04,255 - ERROR - 获取containerid失败: Expecting value: line 1 column 1 (char 0)
2026-08-11 20:49:04,255 - WARNING - ❌ 测试账号 (7852949543): 未获取到微博数据
2026-08-11 20:49:04,256 - INFO - 📊 监控完成: 0/1 成功, 共获取 0 条微博
2026-08-12 02:08:44,917 - INFO - 🚀 开始微博监控任务
2026-08-12 02:08:44,917 - INFO - 开始监控账号: 测试账号 (7852949543)
2026-08-12 02:08:44,917 - ERROR - 获取用户信息异常: 'request_delay'
2026-08-12 02:08:46,812 - ERROR - 获取containerid失败: Expecting value: line 1 column 1 (char 0)
2026-08-12 02:08:46,812 - WARNING - ❌ 测试账号 (7852949543): 未获取到微博数据
2026-08-12 02:08:46,812 - INFO - 📊 监控完成: 0/1 成功, 共获取 0 条微博
2026-08-12 05:39:00,037 - INFO - 🚀 开始微博监控任务
2026-08-12 05:39:00,037 - INFO - 开始监控账号: 测试账号 (7852949543)
2026-08-12 05:39:00,037 - ERROR - 获取用户信息异常: 'request_delay'
2026-08-12 05:39:02,452 - ERROR - 获取containerid失败: Expecting value: line 1 column 1 (char 0)
2026-08-12 05:39:02,452 - WARNING - ❌ 测试账号 (7852949543): 未获取到微博数据
2026-08-12 05:39:02,453 - INFO - 📊 监控完成: 0/1 成功, 共获取 0 条微博
2026-08-12 09:14:02,024 - INFO - 🚀 开始微博监控任务
2026-08-12 09:14:02,024 - INFO - 开始监控账号: 测试账号 (7852949543)
2026-08-12 09:14:02,024 - ERROR - 获取用户信息异常: 'request_delay'
2026-08-12 09:14:04,845 - ERROR - 获取containerid失败: Expecting value: line 1 column 1 (char 0)
2026-08-12 09:14:04,845 - WARNING - ❌ 测试账号 (7852949543): 未获取到微博数据
2026-08-12 09:14:04,845 - INFO - 📊 监控完成: 0/1 成功, 共获取 0 条微博
2026-08-12 13:14:59,038 - INFO - 🚀 开始微博监控任务
2026-08-12 13:14:59,038 - INFO - 开始监控账号: 测试账号 (7852949543)
2026-08-12 13:14:59,038 - ERROR - 获取用户信息异常: 'request_delay'
2026-08-12 13:15:01,839 - ERROR - 获取containerid失败: Expecting value: line 1 column 1 (char 0)
2026-08-12 13:15:01,839 - WARNING - ❌ 测试账号 (7852949543): 未获取到微博数据
2026-08-12 13:15:01,840 - INFO - 📊 监控完成: 0/1 成功, 共获取 0 条微博
2026-08-12 16:58:35,142 - INFO - 🚀 开始微博监控任务
2026-08-12 16:58:35,142 - INFO - 开始监控账号: 测试账号 (7852949543)
2026-08-12 16:58:35,143 - ERROR - 获取用户信息异常: 'request_delay'
2026-08-12 16:58:37,662 - ERROR - 获取containerid失败: Expecting value: line 1 column 1 (char 0)
2026-08-12 16:58:37,662 - WARNING - ❌ 测试账号 (7852949543): 未获取到微博数据
2026-08-12 16:58:37,663 - INFO - 📊 监控完成: 0/1 成功, 共获取 0 条微博
2026-08-12 20:49:18,265 - INFO - 🚀 开始微博监控任务
2026-08-12 20:49:18,265 - INFO - 开始监控账号: 测试账号 (7852949543)
2026-08-12 20:49:18,265 - ERROR - 获取用户信息异常: 'request_delay'
2026-08-12 20:49:21,455 - ERROR - 获取containerid失败: Expecting value: line 1 column 1 (char 0)
2026-08-12 20:49:21,456 - WARNING - ❌ 测试账号 (7852949543): 未获取到微博数据
2026-08-12 20:49:21,456 - INFO - 📊 监控完成: 0/1 成功, 共获取 0 条微博
2026-08-13 02:10:50,173 - INFO - 🚀 开始微博监控任务
2026-08-13 02:10:50,173 - INFO - 开始监控账号: 测试账号 (7852949543)
2026-08-13 02:10:50,173 - ERROR - 获取用户信息异常: 'request_delay'
2026-08-13 02:10:52,733 - ERROR - 获取containerid失败: Expecting value: line 1 column 1 (char 0)
2026-08-13 02:10:52,733 - WARNING - ❌ 测试账号 (7852949543): 未获取到微博数据
2026-08-13 02:10:52,734 - INFO - 📊 监控完成: 0/1 成功, 共获取 0 条微博
2026-08-13 05:41:38,447 - INFO - 🚀 开始微博监控任务
2026-08-13 05:41:38,447 - INFO - 开始监控账号: 测试账号 (7852949543)
2026-08-13 05:41:38,447 - ERROR - 获取用户信息异常: 'request_delay'
2026-08-13 05:41:42,087 - ERROR - 获取containerid失败: Expecting value: line 1 column 1 (char 0)
2026-08-13 05:41:42,087 - WARNING - ❌ 测试账号 (7852949543): 未获取到微博数据
2026-08-13 05:41:42,087 - INFO - 📊 监控完成: 0/1 成功, 共获取 0 条微博
2026-08-13 09:14:39,586 - INFO - 🚀 开始微博监控任务
2026-08-13 09:14:39,586 - INFO - 开始监控账号: 测试账号 (7852949543)
2026-08-13 09:14:39,586 - ERROR - 获取用户信息异常: 'request_delay'
2026-08-13 09:14:42,356 - ERROR - 获取containerid失败: Expecting value: line 1 column 1 (char 0)
2026-08-13 09:14:42,356 - WARNING - ❌ 测试账号 (7852949543): 未获取到微博数据
2026-08-13 09:14:42,357 - INFO - 📊 监控完成: 0/1 成功, 共获取 0 条微博
2026-08-13 13:16:57,579 - INFO - 🚀 开始微博监控任务
2026-08-13 13:16:57,579 - INFO - 开始监控账号: 测试账号 (7852949543)
2026-08-13 13:16:57,579 - ERROR - 获取用户信息异常: 'request_delay'
2026-08-13 13:17:00,390 - ERROR - 获取containerid失败: Expecting value: line 1 column 1 (char 0)
2026-08-13 13:17:00,390 - WARNING - ❌ 测试账号 (7852949543): 未获取到微博数据
2026-08-13 13:17:00,390 - INFO - 📊 监控完成: 0/1 成功, 共获取 0 条微博
2026-08-13 16:57:40,535 - INFO - 🚀 开始微博监控任务
2026-08-13 16:57:40,535 - INFO - 开始监控账号: 测试账号 (7852949543)
2026-08-13 16:57:40,535 - ERROR - 获取用户信息异常: 'request_delay'
2026-08-13 16:57:43,326 - ERROR - 获取containerid失败: Expecting value: line 1 column 1 (char 0)
2026-08-13 16:57:43,326 - WARNING - ❌ 测试账号 (7852949543): 未获取到微博数据
2026-08-13 16:57:43,327 - INFO - 📊 监控完成: 0/1 成功, 共获取 0 条微博
2026-08-13 20:46:41,944 - INFO - 🚀 开始微博监控任务
2026-08-13 20:46:41,944 - INFO - 开始监控账号: 测试账号 (7852949543)
2026-08-13 20:46:41,945 - ERROR - 获取用户信息异常: 'request_delay'
2026-08-13 20:46:45,216 - ERROR - 获取containerid失败: Expecting value: line 1 column 1 (char 0)
2026-08-13 20:46:45,216 - WARNING - ❌ 测试账号 (7852949543): 未获取到微博数据
2026-08-13 20:46:45,216 - INFO - 📊 监控完成: 0/1 成功, 共获取 0 条微博
2026-08-14 02:08:58,936 - INFO - 🚀 开始微博监控任务
2026-08-14 02:08:58,936 - INFO - 开始监控账号: 测试账号 (7852949543)
2026-08-14 02:08:58,936 - ERROR - 获取用户信息异常: 'request_delay'
2026-08-14 02:09:01,638 - ERROR - 获取containerid失败: Expecting value: line 1 column 1 (char 0)
2026-08-14 02:09:01,638 - WARNING - ❌ 测试账号 (7852949543): 未获取到微博数据
2026-08-14 02:09:01,638 - INFO - 📊 监控完成: 0/1 成功, 共获取 0 条微博
2026-08-14 05:39:27,297 - INFO - 🚀 开始微博监控任务
2026-08-14 05:39:27,297 - INFO - 开始监控账号: 测试账号 (7852949543)
2026-08-14 05:39:27,297 - ERROR - 获取用户信息异常: 'request_delay'
2026-08-14 05:39:29,735 - ERROR - 获取containerid失败: Expecting value: line 1 column 1 (char 0)
2026-08-14 05:39:29,735 - WARNING - ❌ 测试账号 (7852949543): 未获取到微博数据
2026-08-14 05:39:29,735 - INFO - 📊 监控完成: 0/1 成功, 共获取 0 条微博
2026-08-14 09:09:54,971 - INFO - 🚀 开始微博监控任务
2026-08-14 09:09:54,971 - INFO - 开始监控账号: 测试账号 (7852949543)
2026-08-14 09:09:54,971 - ERROR - 获取用户信息异常: 'request_delay'
2026-08-14 09:09:57,616 - ERROR - 获取containerid失败: Expecting value: line 1 column 1 (char 0)
2026-08-14 09:09:57,616 - WARNING - ❌ 测试账号 (7852949543): 未获取到微博数据
2026-08-14 09:09:57,617 - INFO - 📊 监控完成: 0/1 成功, 共获取 0 条微博
2026-08-14 13:11:50,864 - INFO - 🚀 开始微博监控任务
2026-08-14 13:11:50,864 - INFO - 开始监控账号: 测试账号 (7852949543)
2026-08-14 13:11:50,864 - ERROR - 获取用户信息异常: 'request_delay'
2026-08-14 13:11:53,229 - ERROR - 获取containerid失败: Expecting value: line 1 column 1 (char 0)
2026-08-14 13:11:53,229 - WARNING - ❌ 测试账号 (7852949543): 未获取到微博数据
2026-08-14 13:11:53,234 - INFO - 📊 监控完成: 0/1 成功, 共获取 0 条微博
2026-08-14 16:55:48,605 - INFO - 🚀 开始微博监控任务
2026-08-14 16:55:48,605 - INFO - 开始监控账号: 测试账号 (7852949543)
2026-08-14 16:55:48,605 - ERROR - 获取用户信息异常: 'request_delay'
2026-08-14 16:55:50,967 - ERROR - 获取containerid失败: Expecting value: line 1 column 1 (char 0)
2026-08-14 16:55:50,967 - WARNING - ❌ 测试账号 (7852949543): 未获取到微博数据
2026-08-14 16:55:50,967 - INFO - 📊 监控完成: 0/1 成功, 共获取 0 条微博
2026-08-14 20:33:18,948 - INFO - 🚀 开始微博监控任务
2026-08-14 20:33:18,948 - INFO - 开始监控账号: 测试账号 (7852949543)
2026-08-14 20:33:18,948 - ERROR - 获取用户信息异常: 'request_delay'
2026-08-14 20:33:22,513 - ERROR - 获取containerid失败: Expecting value: line 1 column 1 (char 0)
2026-08-14 20:33:22,513 - WARNING - ❌ 测试账号 (7852949543): 未获取到微博数据
2026-08-14 20:33:22,543 - INFO - 📊 监控完成: 0/1 成功, 共获取 0 条微博
2026-08-15 01:22:05,167 - INFO - 🚀 开始微博监控任务
2026-08-15 01:22:05,167 - INFO - 开始监控账号: 测试账号 (7852949543)
2026-08-15 01:22:05,167 - ERROR - 获取用户信息异常: 'request_delay'
2026-08-15 01:22:07,861 - ERROR - 获取containerid失败: Expecting value: line 1 column 1 (char 0)
2026-08-15 01:22:07,861 - WARNING - ❌ 测试账号 (7852949543): 未获取到微博数据
2026-08-15 01:22:07,862 - INFO - 📊 监控完成: 0/1 成功, 共获取 0 条微博
2026-08-15 04:33:45,453 - INFO - 🚀 开始微博监控任务
2026-08-15 04:33:45,453 - INFO - 开始监控账号: 测试账号 (7852949543)
2026-08-15 04:33:45,453 - ERROR - 获取用户信息异常: 'request_delay'
2026-08-15 04:33:47,725 - ERROR - 获取containerid失败: Expecting value: line 1 column 1 (char 0)
2026-08-15 04:33:47,725 - WARNING - ❌ 测试账号 (7852949543): 未获取到微博数据
2026-08-15 04:33:47,726 - INFO - 📊 监控完成: 0/1 成功, 共获取 0 条微博
2026-08-15 08:31:36,975 - INFO - 🚀 开始微博监控任务
2026-08-15 08:31:36,975 - INFO - 开始监控账号: 测试账号 (7852949543)
2026-08-15 08:31:36,975 - ERROR - 获取用户信息异常: 'request_delay'
2026-08-15 08:31:40,046 - ERROR - 获取containerid失败: Expecting value: line 1 column 1 (char 0)
2026-08-15 08:31:40,046 - WARNING - ❌ 测试账号 (7852949543): 未获取到微博数据
2026-08-15 08:31:40,047 - INFO - 📊 监控完成: 0/1 成功, 共获取 0 条微博
2026-08-15 12:41:24,548 - INFO - 🚀 开始微博监控任务
2026-08-15 12:41:24,548 - INFO - 开始监控账号: 测试账号 (7852949543)
2026-08-15 12:41:24,548 - ERROR - 获取用户信息异常: 'request_delay'
2026-08-15 12:41:26,646 - ERROR - 获取containerid失败: Expecting value: line 1 column 1 (char 0)
2026-08-15 12:41:26,647 - WARNING - ❌ 测试账号 (7852949543): 未获取到微博数据
2026-08-15 12:41:26,648 - INFO - 📊 监控完成: 0/1 成功, 共获取 0 条微博
2026-08-15 16:27:21,685 - INFO - 🚀 开始微博监控任务
2026-08-15 16:27:21,685 - INFO - 开始监控账号: 测试账号 (7852949543)
2026-08-15 16:27:21,685 - ERROR - 获取用户信息异常: 'request_delay'
2026-08-15 16:27:26,792 - ERROR - 获取containerid失败: Expecting value: line 1 column 1 (char 0)
2026-08-15 16:27:26,792 - WARNING - ❌ 测试账号 (7852949543): 未获取到微博数据
2026-08-15 16:27:26,792 - INFO - 📊 监控完成: 0/1 成功, 共获取 0 条微博
2026-08-15 20:24:36,222 - INFO - 🚀 开始微博监控任务
2026-08-15 20:24:36,223 - INFO - 开始监控账号: 测试账号 (7852949543)
2026-08-15 20:24:36,223 - ERROR - 获取用户信息异常: 'request_delay'
2026-08-15 20:24:39,330 - ERROR - 获取containerid失败: Expecting value: line 1 column 1 (char 0)
2026-08-15 20:24:39,330 - WARNING - ❌ 测试账号 (7852949543): 未获取到微博数据
2026-08-15 20:24:39,331 - INFO - 📊 监控完成: 0/1 成功, 共获取 0 条微博
2026-08-16 01:27:26,679 - INFO - 🚀 开始微博监控任务
2026-08-16 01:27:26,680 - INFO - 开始监控账号: 测试账号 (7852949543)
2026-08-16 01:27:26,680 - ERROR - 获取用户信息异常: 'request_delay'
2026-08-16 01:27:29,836 - ERROR - 获取containerid失败: Expecting value: line 1 column 1 (char 0)
2026-08-16 01:27:29,836 - WARNING - ❌ 测试账号 (7852949543): 未获取到微博数据
2026-08-16 01:27:29,836 - INFO - 📊 监控完成: 0/1 成功, 共获取 0 条微博
2026-08-16 04:37:52,930 - INFO - 🚀 开始微博监控任务
2026-08-16 04:37:52,930 - INFO - 开始监控账号: 测试账号 (7852949543)
2026-08-16 04:37:52,930 - ERROR - 获取用户信息异常: 'request_delay'
2026-08-16 04:37:55,247 - ERROR - 获取containerid失败: Expecting value: line 1 column 1 (char 0)
2026-08-16 04:37:55,247 - WARNING - ❌ 测试账号 (7852949543): 未获取到微博数据
2026-08-16 04:37:55,248 - INFO - 📊 监控完成: 0/1 成功, 共获取 0 条微博
2026-08-16 08:31:59,311 - INFO - 🚀 开始微博监控任务
2026-08-16 08:31:59,311 - INFO - 开始监控账号: 测试账号 (7852949543)
2026-08-16 08:31:59,311 - ERROR - 获取用户信息异常: 'request_delay'
2026-08-16 08:32:02,724 - ERROR - 获取containerid失败: Expecting value: line 1 column 1 (char 0)
2026-08-16 08:32:02,725 - WARNING - ❌ 测试账号 (7852949543): 未获取到微博数据
2026-08-16 08:32:02,725 - INFO - 📊 监控完成: 0/1 成功, 共获取 0 条微博
2026-08-16 12:43:07,167 - INFO - 🚀 开始微博监控任务
2026-08-16 12:43:07,167 - INFO - 开始监控账号: 测试账号 (7852949543)
2026-08-16 12:43:07,167 - ERROR - 获取用户信息异常: 'request_delay'
2026-08-16 12:43:09,879 - ERROR - 获取containerid失败: Expecting value: line 1 column 1 (char 0)
2026-08-16 12:43:09,879 - WARNING - ❌ 测试账号 (7852949543): 未获取到微博数据
2026-08-16 12:43:09,880 - INFO - 📊 监控完成: 0/1 成功, 共获取 0 条微博
2026-08-16 16:28:15,430 - INFO - 🚀 开始微博监控任务
2026-08-16 16:28:15,430 - INFO - 开始监控账号: 测试账号 (7852949543)
2026-08-16 16:28:15,430 - ERROR - 获取用户信息异常: 'request_delay'
2026-08-16 16:28:19,005 - ERROR - 获取containerid失败: Expecting value: line 1 column 1 (char 0)
2026-08-16 16:28:19,005 - WARNING - ❌ 测试账号 (7852949543): 未获取到微博数据
2026-08-16 16:28:19,005 - INFO - 📊 监控完成: 0/1 成功, 共获取 0 条微博
2026-08-16 20:25:22,510 - INFO - 🚀 开始微博监控任务
2026-08-16 20:25:22,510 - INFO - 开始监控账号: 测试账号 (7852949543)
2026-08-16 20:25:22,510 - ERROR - 获取用户信息异常: 'request_delay'
2026-08-16 20:25:25,897 - ERROR - 获取containerid失败: Expecting value: line 1 column 1 (char 0)
2026-08-16 20:25:25,898 - WARNING - ❌ 测试账号 (7852949543): 未获取到微博数据
2026-08-16 20:25:25,898 - INFO - 📊 监控完成: 0/1 成功, 共获取 0 条微博
2026-08-17 01:24:14,143 - INFO - 🚀 开始微博监控任务
2026-08-17 01:24:14,144 - INFO - 开始监控账号: 测试账号 (7852949543)
2026-08-17 01:24:14,144 - ERROR - 获取用户信息异常: 'request_delay'
2026-08-17 01:24:16,932 - ERROR - 获取containerid失败: Expecting value: line 1 column 1 (char 0)
2026-08-17 01:24:16,932 - WARNING - ❌ 测试账号 (7852949543): 未获取到微博数据
2026-08-17 01:24:16,933 - INFO - 📊 监控完成: 0/1 成功, 共获取 0 条微博
